Date,Open,High,Low,Close,Volume
2005-01-03,82.02481044183934,82.1597671537317,80.90469804752962,81.17460632324219,55748000
2005-01-04,81.28258681850684,81.33656951672836,79.9195571508908,80.1827163696289,69167600
2005-01-05,80.12194939100132,80.46608250607213,79.62262252173174,79.6293716430664,65667300
2005-01-06,79.91954662388918,80.3986314243349,79.79808814292598,80.03425598144531,47814700
2005-01-07,80.27715903339394,80.45260017506861,79.71035117108809,79.9195327758789,55847700
2005-01-10,79.85205961193718,80.60780178578551,79.85205961193718,80.29740905761719,56563300
2005-01-11,80.05448755914006,80.1219633400204,79.6158872613097,79.74409484863281,63099700
2005-01-12,79.89256906503181,80.18946362123009,79.29876965648792,80.00727844238281,72720500
2005-01-13,80.05450278790087,80.11523460589665,79.28526741377478,79.36624145507812,55537500
2005-01-14,79.60236085149614,79.98022918474928,79.46066022652623,79.7845458984375,42032500
2005-01-18,79.65634808442023,80.71573342072149,79.58886717983512,80.61451721191406,57391700
2005-01-19,80.58756415808605,80.64829082337302,79.76434615260058,79.7710952758789,54378900
2005-01-20,79.54842224622224,79.75759873968212,79.14356235807583,79.28526306152344,72049300
2005-01-21,79.4809712677923,79.62267201547465,78.71173569575994,78.79945373535156,63160400
2005-01-24,79.00859632699627,79.17728835620045,78.52276760726886,78.64422607421875,58441900
2005-01-25,78.88716784545134,79.26503646245615,78.75896021550737,78.8669204711914,68245000
2005-01-26,79.16379978302642,79.35273404284068,78.97486552321217,79.10307312011719,57195100
2005-01-27,79.07610178196839,79.45397039719565,78.93440105125816,79.23804473876953,55878800
2005-01-28,79.27852919095137,79.31901879120699,78.68473491729799,79.23804473876953,60738900
2005-01-31,79.58889262323322,79.79132510556276,79.42694972621271,79.73059844970703,52532700
2005-02-01,79.79133723693636,80.35139606153643,79.69012098038279,80.23668670654297,49841200
2005-02-02,80.3379135301481,80.69553991159735,80.22995327729251,80.4796142578125,52468900
2005-02-03,80.33790731487844,80.40538825927545,80.00727230924078,80.27043151855469,48837100
2005-02-04,80.29742079767942,81.26233958965848,80.28392769799164,81.12738800048828,50024600
2005-02-07,81.14083708570726,81.32302214706891,80.94515378390676,81.01937866210938,45412000
2005-02-08,81.08688499978705,81.41077596755144,81.01940921635722,81.11387634277344,39263500
2005-02-09,81.25556950534087,81.30280306417353,80.46609210139275,80.50657653808594,55279400
2005-02-10,80.74274488228289,80.98565663668083,80.47283664086446,80.79672241210938,45858600
2005-02-11,80.76972061476808,81.6739123342307,80.60777775011464,81.4917221069336,53133000
2005-02-14,81.43776413715011,81.55247347931818,81.29606345304744,81.43101501464844,32432100
2005-02-15,81.51201816378396,81.93712036797626,81.43104410904898,81.73468780517578,43852700
2005-02-16,81.5997010223707,81.95732726750182,81.42425988677122,81.78863525390625,55523000
2005-02-17,81.80215624248558,81.86963203707069,81.12063887660783,81.12738800048828,58124000
2005-02-18,81.13412767256024,81.29607574866176,80.9047089535257,81.23534393310547,47723300
2005-02-22,80.90468922185242,81.28930679966246,80.01399561281487,80.0274887084961,80697600
2005-02-23,80.25017416698071,80.68202535973492,80.04099769338573,80.6010513305664,68292600
2005-02-24,80.45933387608282,81.18808454254031,80.28389790487995,81.13410186767578,68563600
2005-02-25,81.15435457023106,82.09903091014341,81.09362791421499,81.93708801269531,60899900
2005-02-28,81.74816014325626,81.84937639257394,80.99916710560657,81.39727783203125,69381300
2005-03-01,81.52550470006773,81.99784044446515,81.49851335066309,81.80216217041016,47294400
2005-03-02,81.48500544284705,82.27448296419621,81.41078053249055,81.76165771484375,64226500
2005-03-03,82.09229452696303,82.25423743938583,81.44451258112711,81.79539489746094,61230800
2005-03-04,82.35544279708614,82.8817610538988,82.1800016621247,82.81428527832031,56168500
2005-03-07,82.76702599134299,83.1651365471482,82.5915849109198,82.85474395751953,43442400
2005-03-08,82.77379121275318,82.9964658933701,82.39592277151581,82.54437255859375,44362000
2005-03-09,82.30146948370071,82.5173950789683,81.61995223223303,81.62670135498047,73263600
2005-03-10,81.78189232500432,81.9843248158773,81.2420809294632,81.80888366699219,65149000
2005-03-11,81.85612944727606,82.13278688289485,81.08015012859926,81.23534393310547,57976500
2005-03-14,81.3837906193661,81.75491517767597,81.16111588438018,81.74141693115234,36336400
2005-03-15,81.93033743363065,81.95732877407072,81.02615069521175,81.06663513183594,62438500
2005-03-16,80.76971075030855,81.08010849608559,80.22989955136764,80.37834930419922,74874200
2005-03-17,80.50658088565005,80.79673137645437,80.28391132374095,80.54032135009766,62584200
2005-03-18,80.68732159301392,80.97183613547479,80.03700042383485,80.30119323730469,60232000
2005-03-21,80.41633843449516,80.4637575162297,79.77279301548442,80.00311279296875,61244300
2005-03-22,80.18602971590266,80.56538242209771,79.19022369384766,79.19022369384766,92472400
2005-03-23,79.22407684305436,79.74569188574584,79.08859523544965,79.25794982910156,70817300
2005-03-24,79.56958746414155,79.92861849218389,79.2986189927701,79.35281372070312,51932500
2005-03-28,79.54248825886735,79.89474881398397,79.46797180175781,79.46797180175781,46765500
2005-03-29,79.35280088444371,79.86764037993869,78.74989884652301,78.9395751953125,71160300
2005-03-30,79.10893269437179,80.07086573725122,79.10215706215628,80.05731964111328,62002100
2005-03-31,80.06410322440583,80.24700396604368,79.84732948661961,79.90829467773438,64575400
2005-04-01,80.3621786330994,80.60604977890493,79.197022808833,79.54927825927734,95255300
2005-04-04,79.50183743394841,79.8405466918748,79.08183609353415,79.68473815917969,71581200
2005-04-05,79.78636568223288,80.1928158279381,79.71184921921929,80.0641098022461,46853900
2005-04-06,80.24021359109553,80.57892281717578,80.05731288306094,80.34182739257812,53268200
2005-04-07,80.21318258510749,80.78898767499075,80.15221219039464,80.77543640136719,46734600
2005-04-08,80.72797280363343,80.75507016765482,79.93539428710938,79.93539428710938,63772900
2005-04-11,80.13182467416692,80.21988720724993,79.82021282445899,79.996337890625,44945000
2005-04-12,79.8608614902499,80.65343984462889,79.30537856218608,80.4095687866211,86144800
2005-04-13,80.31473282826393,80.47731698360909,79.34602420124352,79.46118927001953,65949000
2005-04-14,79.52890825482736,79.59664905014793,78.42471313476562,78.42471313476562,96119800
2005-04-15,78.40441686318395,78.71602875744135,77.29345092077301,77.32732391357422,128677300
2005-04-18,77.30702823576951,77.87605749486842,77.19863875691553,77.56444549560547,100035200
2005-04-19,77.97085920186709,78.26214932954818,77.78795850229635,78.18086242675781,64930100
2005-04-20,78.16055796264824,78.3299126164514,76.92088582471246,77.09024047851562,107735900
2005-04-21,77.76087460641993,78.72280769010341,77.48313052502627,78.58732604980469,86952200
2005-04-22,78.40441313564348,78.91925262564521,77.4086071468308,78.28925323486328,88845800
2005-04-25,78.48572769288039,78.91927522917368,78.39088949233464,78.80411529541016,52284100
2005-04-26,78.55344421444636,79.10215151468081,78.00473691421189,78.03860473632812,72626000
2005-04-27,77.80828362819534,78.62795933300306,77.52376911941103,78.34344482421875,84131900
2005-04-28,78.08602838569597,78.36377245206259,77.36119079589844,77.36119079589844,72481500
2005-04-29,77.9505262926767,78.49246301889252,77.20536717034868,78.41117095947266,103993800
2005-05-02,78.6279521562209,78.85827709585139,78.2553699751828,78.85150146484375,56026400
2005-05-03,78.62798370741595,79.15636943561108,78.37056647704489,78.98701477050781,86000300
2005-05-04,79.02085980480003,79.76601903387841,78.77021312856691,79.59666442871094,81055700
2005-05-05,79.71183734952395,79.93538670527654,79.08183790858962,79.569580078125,96906700
2005-05-06,79.88796582069959,79.92860927781703,79.29860985103112,79.31893157958984,67415400
2005-05-09,79.40022035380177,79.98957629891395,79.2918360832402,79.81344604492188,43750500
2005-05-10,79.50185439954414,79.59669259853844,78.84475747201637,78.98701477050781,74613500
2005-05-11,79.21053417520585,79.52892165196741,78.47892105859957,79.4205322265625,91647400
2005-05-12,79.47478048189161,79.65768130011841,78.54671478271484,78.54671478271484,95086800
2005-05-13,78.7837501055759,79.00052375415157,77.76762265882277,78.3908462524414,85267000
2005-05-16,78.37728759034721,79.14954396348493,78.35019540908884,79.12245178222656,49207000
2005-05-17,78.85829284431962,79.73215819201207,78.68893821335249,79.65087127685547,61071800
2005-05-18,79.9963468645616,80.66699488966924,79.94215731335822,80.47054290771484,77944900
2005-05-19,80.62635922110229,80.89055722902538,80.40958547657839,80.80926513671875,61768100
2005-05-20,80.84311952221469,80.87699251378314,80.4366694648577,80.694091796875,46345500
2005-05-23,80.75507641133962,81.31733512959427,80.74153031242845,81.14120483398438,51047900
2005-05-24,80.91086411381055,81.17505690496353,80.74827995902965,80.95150756835938,50654100
2005-05-25,80.84989245447677,81.20215294917172,80.49763712807453,80.89054107666016,47608800
2005-05-26,81.1479892531922,81.43250387577717,81.03282931094991,81.3241195678711,43256200
2005-05-27,81.33084543924896,81.45955657958984,81.15472038943619,81.45955657958984,24596100
2005-05-31,81.34444613394868,81.40541134171156,80.88380116932531,80.93799591064453,43377200
2005-06-01,80.96506430239018,81.91345132339003,80.91764520975487,81.62893676757812,69611000
2005-06-02,81.44603795012338,81.85925852809213,81.35797022722885,81.80506896972656,39704500
2005-06-03,81.6627835572057,81.89310331372602,81.10730072103642,81.39181518554688,60999400
2005-06-06,81.25632855049707,81.42568313702857,80.98536534668013,81.31729888916016,36046400
2005-06-07,81.55438795492651,82.1369681008993,81.29697086393747,81.37825775146484,66501300
2005-06-08,81.58149570099249,81.68987995426846,81.06665628512839,81.22924041748047,46881200
2005-06-09,81.1141086933926,81.68314305384723,80.91088619688996,81.61540222167969,56653300
2005-06-10,81.66954543049299,81.73051576264272,81.01922450787961,81.42567443847656,36465300
2005-06-13,81.24958849601488,82.0218452861537,81.16152077035223,81.68313598632812,49383200
2005-06-14,81.59505105690293,82.1031148995195,81.5476319716571,81.87279510498047,33857100
2005-06-15,82.07602685603216,82.13021640741329,81.44602745262675,82.02860260009766,53195600
2005-06-16,82.00828432978598,82.40118831154847,81.91344615050443,82.23860931396484,46564500
2005-06-17,82.66571681450365,82.91057207437036,82.44806827119443,82.54328918457031,51529400
2005-06-20,82.35286989079123,82.86978207936639,82.25764895136147,82.57051849365234,41019400
2005-06-21,82.6385449230453,82.74056885584258,82.31887235521846,82.6181411743164,39879800
2005-06-22,82.76096679669203,82.9378079218537,82.3460733044776,82.68614959716797,46310100
2005-06-23,82.51610094397218,82.70654281336526,81.50267517375802,81.52307891845703,62185600
2005-06-24,81.53670143714855,81.62512460663567,80.8293420270173,80.92456817626953,58572500
2005-06-27,80.91774110864526,81.21700985938548,80.76810673327515,81.04016876220703,48183800
2005-06-28,81.21020729436555,81.7815328877896,81.18980355019349,81.72032165527344,41174200
2005-06-29,81.86996856565773,81.89037231295359,81.45507507346719,81.502685546875,42316500
2005-06-30,81.76794433075068,81.83595855119711,80.90414764470874,81.06058502197266,62288800
2005-07-01,81.24427730813433,81.48233501981335,81.08104203399782,81.29869079589844,49737500
2005-07-05,81.10817345364505,82.06038784858303,81.06736597029732,81.9515609741211,51549000
2005-07-06,81.8836000830132,82.06044127457197,81.21705320500259,81.26466369628906,52363600
2005-07-07,80.45524663331035,81.58429718017578,80.43484288685377,81.58429718017578,103268800
2005-07-08,81.59789321945267,82.51609802246094,81.42785510077886,82.51609802246094,64491200
2005-07-11,82.52294206221895,83.0466574450997,82.50933610003007,82.93783569335938,49688300
2005-07-12,82.97182005153304,83.40711733098954,82.73376766263543,83.15546417236328,51871100
2005-07-13,83.16223787538104,83.3322759880796,82.97179601942288,83.27106475830078,41182300
2005-07-14,83.64514464023816,83.95801412230688,83.31186622723258,83.5975341796875,63638800
2005-07-15,83.51593750044985,83.68597564866582,83.2234716779523,83.54994201660156,56075900
2005-07-18,83.3187063776813,83.4071243612522,83.01263973603685,83.21668243408203,56598400
2005-07-19,83.46152526431186,83.73358734325397,83.2574825969697,83.67237091064453,59165700
2005-07-20,83.37989689378735,84.15527555881319,83.1826572248098,83.9580307006836,69477000
2005-07-21,84.03283526049253,84.0736427459867,83.29826938668977,83.46830749511719,101110900
2005-07-22,83.57716634449027,84.03967041260782,83.407128160464,84.02606964111328,52607100
2005-07-25,83.9376440622295,84.30492194005461,83.55675503583369,83.78800964355469,57301600
2005-07-26,83.81523313087374,84.01927586055494,83.62478598502216,83.89004516601562,42758800
2005-07-27,83.99885343371749,84.26411255574436,83.69278681265664,84.19609832763672,43181600
2005-07-28,84.31172996370174,84.77423401765988,84.09408130237752,84.72662353515625,47880700
2005-07-29,84.61779270081382,84.76742192319868,83.99885130566294,84.1620864868164,62358100
2005-08-01,84.2233035385403,84.36613497173762,83.96484221157601,84.10087585449219,40418200
2005-08-02,84.25049472489846,84.74700315977799,84.1620715760267,84.60417175292969,45147400
2005-08-03,84.50895600496717,84.84222930808048,84.42053803981736,84.82862854003906,36837200
2005-08-04,84.49534724507609,84.5497555012479,84.04644410488439,84.14846801757812,50855600
2005-08-05,83.96480454731002,84.32528964746967,83.43428655079472,83.57711791992188,53595500
2005-08-08,83.76079928398426,83.93764042467747,83.23707884131859,83.42072296142578,47616000
2005-08-09,83.69956728331562,84.06004728793053,83.57034183339731,83.92401885986328,47170000
2005-08-10,84.21650548030114,84.67900951493681,83.53635279343418,83.88323211669922,72863700
2005-08-11,83.8424133025007,84.35933075972368,83.66557735302277,84.21649932861328,58570200
2005-08-12,84.0464719326818,84.12809212769159,83.48874690633191,83.69959259033203,54776900
2005-08-15,83.80840878413316,84.25050903613362,83.54314967076346,84.21649932861328,36208500
2005-08-16,83.95802693772856,84.01243519441208,83.03981690400093,83.1214370727539,71942100
2005-08-17,83.10785675047781,83.57036077555081,82.99902983203565,83.11465454101562,62275100
2005-08-18,83.01262817077478,83.35950226587133,82.86979155614372,83.10784912109375,53388600
2005-08-19,83.40707759385256,83.53630819589395,83.11461188707236,83.29825592041016,39842100
2005-08-22,83.37307309115512,83.81517313942527,82.8969633510371,83.29825592041016,69912000
2005-08-23,83.31868681790519,83.3935040130371,82.40048191937501,83.141845703125,55168600
2005-08-24,82.93781099216932,83.47513217720974,82.35967712187156,82.4004898071289,79104600
2005-08-25,82.53653286393929,82.75418153027975,82.44131189673743,82.69976806640625,35631100
2005-08-26,82.62494940468832,82.63174719526145,82.0808251879572,82.13523864746094,61956800
2005-08-29,81.89715174303781,82.82895719596657,81.87674281245792,82.76774597167969,56179200
2005-08-30,82.46849455631212,82.50250425859409,81.88356296329601,82.33246612548828,74160200
2005-08-31,82.42768111467765,83.42750609542958,82.12160938369045,83.37309265136719,102945200
2005-09-01,83.33228576469635,83.76078518002552,82.39367714057646,83.31188201904297,74578700
2005-09-02,83.55671341608225,83.57711715589238,83.00579168460659,83.16222381591797,47653400
2005-09-06,83.42753344720145,84.20290711726652,83.42073046717539,84.1348876953125,57251300
2005-09-07,84.0872476524438,84.42732388604624,83.97162297841534,84.27769470214844,41749700
2005-09-08,84.10768250990961,84.33893192924468,83.86962492169006,83.99885559082031,39068700
2005-09-09,84.22332441008214,84.84226077398365,84.20292065587664,84.74703979492188,43093900
2005-09-12,84.64497191107942,84.79460628314425,84.52254426022198,84.57695770263672,33017600
2005-09-13,84.42734866894862,84.62459356503571,84.01245512703319,84.10768127441406,58427500
2005-09-14,84.1620776273439,84.28450529760964,83.67236694628092,83.80159759521484,57694600
2005-09-15,84.06004390199665,84.10085658009443,83.59074221166176,83.76078033447266,73156900
2005-09-16,84.21979968376392,84.5203371858917,83.92608890785536,84.35640716552734,75424100
2005-09-19,84.33589353248807,84.39053859476657,83.76896273663851,84.07633209228516,53355300
2005-09-20,84.15150592264776,84.43155808543149,83.24305610356934,83.36600494384766,84480300
2005-09-21,83.18839865509624,83.24304373404267,82.4985188643118,82.58731842041016,94469100
2005-09-22,82.61465417524086,83.09962284500725,82.26630344455376,82.88104248046875,84597200
2005-09-23,82.81269002583561,83.256672010555,82.58045634193788,82.94930267333984,59368100
2005-09-26,83.34551285056658,83.4957842410903,82.70345128820512,83.04497528076172,70415400
2005-09-27,83.00397928302341,83.3250126327924,82.66245532986356,83.02447509765625,66150800
2005-09-28,83.28401630686739,83.41379705310553,82.7853891328269,83.1064224243164,58620500
2005-09-29,83.02446269950552,83.91925365556659,82.70342939767686,83.78264617919922,66607700
2005-09-30,83.75531176532051,84.04219055175781,83.15422644755803,84.04219055175781,47824200
2005-10-03,83.98757400565675,84.24713034658892,83.63921809740506,83.7416763305664,50994800
2005-10-04,83.871441868438,84.03537188496715,82.75807580551397,82.79905700683594,60776300
2005-10-05,82.81956755751526,82.860548768709,81.67204674290781,81.71302795410156,106052100
2005-10-06,81.8154729087305,82.14333817877163,80.71576542282573,81.41930389404297,140941800
2005-10-07,81.76084315622401,81.99991412416762,81.37150600638458,81.69937133789062,75661400
2005-10-10,81.74715325481351,81.76764385309548,80.80454925515842,81.00946044921875,52677000
2005-10-11,81.27584611710748,81.54906624524936,80.81820539893309,80.89334106445312,75629800
2005-10-12,80.86603749697097,81.37149146527716,80.19665349782743,80.25812530517578,100510400
2005-10-13,80.23080249202822,80.65429404909663,79.83463347521342,80.21031188964844,99052900
2005-10-14,80.68160832940761,81.15290776961749,80.29909801625902,81.05728149414062,88651000
2005-10-17,81.14605263821774,81.46708061566093,80.90698182197202,81.35779571533203,68109300
2005-10-18,81.24169221373317,81.25535087430121,80.46301828034993,80.47667694091797,74996900
2005-10-19,80.25813459199873,81.82914697063691,79.99857824553567,81.81548309326172,116563800
2005-10-20,81.61741489468979,81.83599007525359,80.12154311977385,80.374267578125,131966700
2005-10-21,80.79775148908924,81.13244356213528,80.26497486347718,80.68846130371094,96579500
2005-10-24,80.90018513812842,82.0272098675344,80.87969453741069,81.93841552734375,71308400
2005-10-25,81.77448272705078,82.12966528696546,81.24170628155821,81.77448272705078,76594500
2005-10-26,81.63101136866732,82.33454948731494,81.41243636859001,81.53538513183594,80855800
2005-10-27,81.41929741562633,81.53541950465141,80.5518289840326,80.6679458618164,66623100
2005-10-28,80.89334713522388,81.93157744659011,80.66794012174776,81.8291244506836,72322000
2005-10-31,82.16383270715383,82.85371254690364,82.0545425415039,82.0545425415039,77698900
2005-11-01,82.36189204125405,82.58046709448115,82.11599445496853,82.3004150390625,66365100
2005-11-02,82.0818474446538,83.16106414794922,82.05452490911256,83.16106414794922,74012300
2005-11-03,83.43428821111878,83.78264404158125,83.16106805411373,83.51625061035156,84897600
2005-11-04,83.60504400265563,83.64602519925491,83.02445446878983,83.4069595336914,59156000
2005-11-07,83.58460184654881,83.75536387966662,83.22941389936732,83.48897552490234,46765400
2005-11-08,83.2840590006635,83.61875112642616,83.18843267901703,83.48897552490234,42152800
2005-11-09,83.38646245211879,83.98071060156818,83.23619112795082,83.59820556640625,57666800
2005-11-10,83.56406826504471,84.37006490560488,83.1610725503853,84.24711608886719,79048100
2005-11-11,84.25393688052102,84.58862881077094,83.62553421643202,84.53398895263672,34867000
2005-11-14,84.55447163241654,84.71156967810643,84.27441958652737,84.48616790771484,45092200
2005-11-15,84.39054318587883,84.75938434822494,83.91923861775622,84.17879486083984,69592500
2005-11-16,84.26763169329587,84.39058053891104,84.00124339633673,84.34959411621094,51133000
2005-11-17,84.47934558876675,85.1419027374012,84.11049917990094,85.13507080078125,55717500
2005-11-18,85.42198207501765,85.57225347033398,84.92335994827833,85.46979522705078,72437200
2005-11-21,85.48344868707633,86.0025665681983,85.3673317907539,85.90010833740234,50021200
2005-11-22,85.76350738987671,86.41923286117598,85.66788108434824,86.26896667480469,66438800
2005-11-23,86.2348015708757,87.02713967482416,86.20747902819726,86.767578125,50854700
2005-11-25,86.73340820945067,86.89733821525802,86.61728612789791,86.83586120605469,15270000
2005-11-28,86.91776764937352,86.93142630222863,86.09128105385172,86.22106170654297,54498500
2005-11-29,86.50803688122306,86.73344398921996,86.12552642822266,86.12552642822266,51738900
2005-11-30,86.17331951942884,86.41921195183433,85.5790660120749,85.6610336303711,56007200
2005-12-01,86.07764777168394,86.767527238808,86.05033045626833,86.53529357910156,65468200
2005-12-02,86.58998534605078,86.80173375179292,86.40556469458994,86.6446304321289,46699400
2005-12-05,86.54214458166093,86.56264039083138,86.18696205798167,86.4601821899414,59273400
2005-12-06,86.7812411945468,87.25254072044906,86.49435710471337,86.62413787841797,57935200
2005-12-07,86.58998238170109,86.65829134258134,85.8454626515333,86.11868286132812,66816500
2005-12-08,86.21426666321764,86.6240941703094,85.70881291151245,86.06399536132812,62608600
2005-12-09,86.17330421800622,86.59679047590274,85.94106527969211,86.28942108154297,50744500
2005-12-12,86.54901576195114,86.65147400929874,86.03672973645611,86.37142181396484,48389900
2005-12-13,86.35091953591755,87.22522006746344,86.26212517954696,86.95883178710938,88630900
2005-12-14,86.87688280854118,87.49162188215112,86.84272832167706,87.30036926269531,64375000
2005-12-15,87.32082235443376,87.43011249644991,86.87001354671916,87.047607421875,55900300
2005-12-16,87.39918999192061,87.45412474442776,86.7674560546875,86.7674560546875,46238300
2005-12-19,87.02151083747803,87.1176440188938,86.3073748906285,86.32110595703125,48733000
2005-12-20,86.4241102671095,86.92537541048632,86.16317808554798,86.40351104736328,46603200
2005-12-21,86.67134705981914,87.04214888448759,86.38294738692184,86.54087829589844,51806900
2005-12-22,86.73307361145604,86.99401092529297,86.57514283200437,86.99401092529297,32247900
2005-12-23,87.05584532487802,87.11078007087158,86.80864420677275,87.0421142578125,27977300
2005-12-27,87.17944579361408,87.24124869250923,86.0945081362611,86.15631103515625,44499500
2005-12-28,86.34171888240841,86.5133860534544,86.17691986508683,86.34858703613281,30764300
2005-12-29,86.32799916400575,86.49279820299468,85.87479525820244,85.96406555175781,32788900
2005-12-30,85.69625062838466,85.87478070751115,85.3941147423766,85.49711608886719,44645600
2006-01-03,85.96402702638022,87.20689527472506,85.41469015745027,87.00089263916016,73256700
2006-01-04,87.11078221926996,87.54338156719045,87.00091272457315,87.41291809082031,51899600
2006-01-05,87.3099341087892,87.61206480154529,87.12453060934168,87.46786499023438,47307500
2006-01-06,87.90736292927087,88.2918958692795,87.4541589023735,88.19576263427734,62885900
2006-01-09,88.18198691530394,88.62145443289053,88.15452477946258,88.42232513427734,43527400
2006-01-10,88.16141459156228,88.5665467046517,88.07214428681077,88.51161193847656,44960800
2006-01-11,88.59399203985552,88.8823916151471,88.39485226408834,88.79312133789062,49598900
2006-01-12,88.63518323793036,88.77251486097818,88.19571575753864,88.44291687011719,40509200
2006-01-13,88.28501115986448,88.51160263964569,88.03093658328007,88.36053466796875,44856700
2006-01-17,88.03093844297553,88.18200641784385,87.7631380289334,88.12020874023438,52066600
2006-01-18,87.6051900000852,88.51158719424502,87.31679041659197,87.76998901367188,75067600
2006-01-19,87.982857614014,88.42232513158721,87.76311861636133,88.10645294189453,81530400
2006-01-20,88.08588300020782,88.10648222836839,86.49967956542969,86.49967956542969,114957800
2006-01-23,86.66443975505811,87.0833080026601,86.60950501202645,86.80863952636719,67017400
2006-01-24,86.95285584518597,87.30992650397852,86.80865604643505,86.8979263305664,53008800
2006-01-25,87.23442015740783,87.33055338702337,86.41041431072982,86.9734878540039,87747700
2006-01-26,87.37856760754146,87.66696712345683,87.04210150564018,87.4541015625,71294000
2006-01-27,87.66012013696722,88.34678876944656,87.51591511394457,88.2643814086914,65771200
2006-01-30,88.19576263427734,88.44982679583944,88.13396494271956,88.19576263427734,33709600
2006-01-31,88.1133435135342,88.26440100670683,87.54340192583417,87.5502700805664,72937000
2006-02-01,87.76996848372187,88.18883145384953,87.7013026806943,88.16136932373047,63561000
2006-02-02,87.96224237405289,87.98970450489234,87.0695711946829,87.13823699951172,83626900
2006-02-03,86.91852882704342,88.1613975479926,86.61639291035743,86.70565795898438,86040400
2006-02-06,86.8223714760869,87.06957256846307,86.63696803737218,86.93223571777344,45511900
2006-02-07,86.78120577027637,86.97347744536528,86.10827324350139,86.1632080078125,71208100
2006-02-08,86.41728402241986,87.96229435789462,86.24561678946358,86.9460220336914,59422200
2006-02-09,87.15201621743088,87.61895128266507,86.77435146277566,86.80181884765625,62023300
2006-02-10,86.81550939332386,87.29617530717921,86.14257187506085,86.95970916748047,64508700
2006-02-13,86.9322823772541,87.06275114571994,86.48594654096337,86.80181884765625,52308700
2006-02-14,86.83609039326784,87.91415963574894,86.66442328307107,87.72189331054688,90964400
2006-02-15,87.6738717274531,88.11334457486952,87.37173578200031,88.03093719482422,85471300
2006-02-16,88.12702845184911,88.72443714239662,88.01715898258415,88.69010162353516,61017900
2006-02-17,88.61460285330948,88.69013683370012,88.2918677077979,88.44979858398438,40342600
2006-02-21,88.6558109625296,88.85494030831424,88.092737505941,88.2300796508789,46456300
2006-02-22,88.42232120728256,89.02658246854523,88.33991384795412,88.76565551757812,42326700
2006-02-23,88.76566923499966,89.0197333110061,88.08586342357714,88.63520050048828,43423200
2006-02-24,88.65578321347795,88.90984724216939,88.41544501279648,88.86178588867188,36777400
2006-02-27,88.8549092483453,89.2943767164172,88.77251237237273,88.8961181640625,35858600
2006-02-28,88.71758306743168,89.20512239486045,87.98285309693269,88.051513671875,74394800
2006-03-01,88.30556999885343,88.9167045219597,88.23689896032172,88.83429718017578,48641600
2006-03-02,88.51157383379805,88.86864442134812,88.31244456015773,88.82744598388672,60642300
2006-03-03,88.35366101040835,89.3150034839979,88.33992470254384,88.41545867919922,73402500
2006-03-06,88.67639202190293,88.7038541586237,87.79058880497116,88.01032257080078,57478400
2006-03-07,87.79744424823656,87.93477586742387,87.48157733301336,87.87297821044922,61780800
2006-03-08,87.68757323609512,88.19571174375096,87.3305078891015,88.05838012695312,66692400
2006-03-09,88.08586792361463,88.36053123723529,87.46786499023438,87.46786499023438,56313600
2006-03-10,87.69443204137875,88.47036554742522,87.50903385457643,88.29869842529297,60490800
2006-03-13,88.4704249292278,88.69016402235732,88.257559231344,88.46356201171875,45479100
2006-03-14,88.38110230126861,89.42483081891824,88.31243126401806,89.39049530029297,69877300
2006-03-15,89.36997270775525,89.85751234368564,89.1639803748505,89.7888412475586,53398900
2006-03-16,89.96046108016446,90.2763332869777,89.84372866048403,89.97419738769531,65526400
2006-03-17,90.09069393923035,90.24236262419726,89.88388256827393,90.04933166503906,47286800
2006-03-20,90.06313043787459,90.24237048144238,89.76669376742795,89.90457153320312,45538500
2006-03-21,89.87697156965042,90.30440623269881,89.24272555928506,89.33924102783203,87102700
2006-03-22,89.28411125126716,89.97351064157101,89.24274897095292,89.88389587402344,51605700
2006-03-23,89.80119015842678,89.89081547468116,89.38755670062883,89.69778442382812,46704200
2006-03-24,89.61498633564386,90.01483904714595,89.44263657306854,89.76665496826172,43209200
2006-03-27,89.64261713680274,89.81496701371259,89.44269590812404,89.63572692871094,32523000
2006-03-28,89.57368106055993,89.98732501022758,88.96701659229072,89.08421325683594,82079900
2006-03-29,89.2151995405852,89.96664253596077,89.13246444023201,89.64262390136719,61505700
2006-03-30,89.69772848294615,90.29750240837002,89.31166662201139,89.48401641845703,70571700
2006-03-31,89.63569487914647,89.78736355814961,89.18757904776527,89.50470733642578,62925600
2006-04-03,89.67016423448936,90.22167521120734,89.27031141279052,89.43576049804688,61624700
2006-04-04,89.43577002456269,90.12516933829116,89.18069564469074,90.00797271728516,54809300
2006-04-05,90.04243603738371,90.50433227037125,89.88387715606504,90.31819152832031,50607200
2006-04-06,90.2078840195182,90.45606813713957,89.75287805064634,90.22166442871094,57906200
2006-04-07,90.35266119599707,90.58705440901066,89.17379440623043,89.30477142333984,80180900
2006-04-10,89.44265747070312,89.67705067791512,89.11173827527745,89.44265747070312,41496500
2006-04-11,89.51851166059413,89.66327963623095,88.41546846997308,88.68433380126953,72799400
2006-04-12,88.77394288467083,89.02212703130002,88.66363648185842,88.84977722167969,43033700
2006-04-13,88.64987751822146,89.10488370434679,88.45684650339278,88.73261260986328,51051800
2006-04-17,88.81533201963887,89.14624080876779,88.25692015067109,88.69813537597656,64167700
2006-04-18,88.88425240277411,90.26995181709985,88.88425240277411,90.1044921875,92531800
2006-04-19,90.13897768324851,90.3595905555715,89.7873877523096,90.27685546875,87269000
2006-04-20,90.31132228171776,90.90420619228213,90.03556672678555,90.40094757080078,86005500
2006-04-21,90.78694653424152,90.85588011542315,90.04928463178756,90.41466522216797,72342600
2006-04-24,90.2354613898249,90.35955871663005,89.88387158277158,90.24925231933594,52546400
2006-04-25,90.33888758123007,90.39404079240401,89.56676366359373,89.87699127197266,84359800
2006-04-26,89.9666187060125,90.40783388655335,89.82874093448092,89.89767456054688,67262400
2006-04-27,89.5529684962078,90.74563690757198,89.33925638763935,90.33199310302734,124478600
2006-04-28,90.1665028288553,90.82833058728522,90.11136015843188,90.63529968261719,55854400
2006-05-01,90.6353369433103,90.86284000006727,89.84253186745399,89.89767456054688,64990300
2006-05-02,90.318210664731,90.62844880701431,90.1320804026409,90.57329559326172,49063500
2006-05-03,90.41473659683436,90.53194376421449,89.93215907003814,90.2354965209961,60821300
2006-05-04,90.36645543967097,90.7387264081436,90.29062110098609,90.55948638916016,42921400
2006-05-05,91.03517340427676,91.5522228436959,90.89729565764455,91.35919189453125,62588200
2006-05-08,91.35232234138601,91.53157294063087,91.24891662597656,91.24891662597656,30016700
2006-05-09,91.29023049477817,91.53152439529427,91.21439617056417,91.42810821533203,29864000
2006-05-10,91.28335970624963,91.51775293298554,90.92486914104302,91.37987518310547,64378200
2006-05-11,91.3523169228227,91.37989879156343,89.98041875589183,90.27685546875,80626900
2006-05-12,89.87010059819303,90.11828478748596,89.06350461284086,89.09797668457031,91726500
2006-05-15,88.78772830542242,89.44266603445332,88.66364148480487,89.27720642089844,84029300
2006-05-16,89.45644491181287,89.62190452253004,88.93939546264443,89.1462173461914,62137600
2006-05-17,88.7049931901973,89.00144031424021,87.39513366728693,87.45028686523438,144789500
2006-05-18,87.79498600783091,88.07074673644047,86.94013248286987,87.00907135009766,87906300
2006-05-19,87.46411409937711,87.89153841163997,86.72645686466151,87.62267303466797,124309400
2006-05-22,87.05734466502014,87.67090963465319,86.51961404082031,86.95393371582031,110852800
2006-05-23,87.6777929022361,87.9880204469754,86.29209899902344,86.29209899902344,92006500
2006-05-24,86.64370977117987,87.47788234632208,86.00946363697746,86.98151397705078,168405000
2006-05-25,87.49858204282724,88.05699920654297,87.1607777653108,88.05699920654297,78977900
2006-05-26,88.24999629502766,88.50508117675781,87.90530192156514,88.50508117675781,62989700
2006-05-30,88.22243675055317,88.24311788975663,86.89879124453475,86.93325805664062,72419900
2006-05-31,87.29173143849037,87.9052963256836,87.00217976769576,87.9052963256836,86926200
2006-06-01,87.81568041075738,88.89114688886508,87.7398460674389,88.74636840820312,73721700
2006-06-02,89.10486020228659,89.2289470279185,88.46372389772459,88.93251037597656,91702600
2006-06-05,88.82911497159782,88.8360051784644,87.39515772866359,87.6364517211914,86105100
2006-06-06,87.69850558979178,87.81570223688557,86.69887846624972,87.42274475097656,130498600
2006-06-07,87.49167077183841,88.00182479910615,86.71954163512824,86.7677993774414,108599400
2006-06-08,86.57475895639769,87.20900500318403,85.39588687170823,86.69195556640625,204957200
2006-06-09,87.11252423973393,87.5261629020338,86.37486695972719,86.41622924804688,94972200
2006-06-12,86.78159451011508,86.81606658396792,85.36143343033832,85.47863006591797,95815900
2006-06-13,85.30627490721461,86.06461314748353,84.48589324951172,84.48589324951172,185688800
2006-06-14,84.68583242639689,85.23045866494726,84.34113267488657,85.14083862304688,163566400
2006-06-15,85.4510363485221,87.11249109318798,85.38899293965022,86.94703674316406,134057000
2006-06-16,86.75664199885955,86.94360027112582,86.18191000756714,86.3134765625,94253500
2006-06-19,86.83279968042373,86.88819667313115,85.55177460101578,85.6348648071289,95804400
2006-06-20,85.87029036393062,86.42424438396752,85.66948024867249,85.9256820678711,65494700
2006-06-21,85.86337165037637,87.04052866466205,85.83567315459992,86.562744140625,75008200
2006-06-22,86.52117438838407,86.59734391398236,85.8910509200988,86.18187713623047,74566100
2006-06-23,86.0918831281702,86.76355714487642,85.8841470444442,86.16805267333984,54107000
2006-06-26,86.2372675331787,86.59733730429495,86.03645746128733,86.54886627197266,37899600
2006-06-27,86.56274606870356,86.75663026050935,85.70410852935223,85.80105590820312,69780200
2006-06-28,85.99492972226578,86.39654466413374,85.62100799050124,86.38269805908203,62368100
2006-06-29,86.69430613774718,88.18306728011545,86.6735335864731,88.12767028808594,110634800
2006-06-30,88.31462771911977,88.39772320142797,87.91300747905149,88.13459014892578,54227800
2006-07-03,88.23844472526396,88.64005962114092,88.1553492556273,88.4946517944336,23914000
2006-07-05,88.14148238942148,88.25227104052121,87.60829582698337,87.98914337158203,69653400
2006-07-06,88.07919325152088,88.52928453599604,87.99610305207459,88.2453842163086,50100300
2006-07-07,88.07225155324264,88.3284533176024,87.44904879151595,87.6706314086914,81626500
2006-07-10,87.89915306609255,88.23845034355571,87.53215729698688,87.83683013916016,60964100
2006-07-11,87.67065007265732,88.224609375,87.20671219464009,88.224609375,73640800
2006-07-12,88.04458047328865,88.2176921119373,87.0543816889005,87.28289031982422,82561300
2006-07-13,86.8673796010581,87.02664456241567,85.86333465576172,85.86333465576172,102405700
2006-07-14,85.95338339437056,86.04340482176744,85.05320610103512,85.53099060058594,103242500
2006-07-17,85.5309592019272,85.93257929824514,85.27475746833646,85.40631866455078,81159000
2006-07-18,85.66256038273923,85.89799495224439,84.74853116602355,85.84259796142578,122771000
2006-07-19,85.98796649970151,87.4282558162461,85.66944189212926,87.03356170654297,133565300
2006-07-20,87.3313748078119,87.4560154181393,86.32040331646694,86.43811798095703,112259800
2006-07-21,86.65965885469237,86.68735734171763,85.73870397215103,85.82872009277344,101560000
2006-07-24,86.16803366762616,87.4698310273927,86.16803366762616,87.39366149902344,92884000
2006-07-25,87.23439747965645,88.14842649206307,87.05435994121294,87.70526123046875,95480700
2006-07-26,87.6567842246869,88.25228853083658,87.37288395758573,87.8229751586914,84525800
2006-07-27,88.20382124671339,88.41848322486113,87.38673427675745,87.73988342285156,87257100
2006-07-28,87.96839947517756,88.73008952946142,87.84375890026222,88.61930084228516,82137000
2006-07-31,88.39770514099746,88.60543587990539,88.25228675593148,88.52926635742188,49593100
2006-08-01,88.1761382979372,88.20383679299782,87.6637293466853,88.09304809570312,65225600
2006-08-02,88.34231439212162,88.95167061494855,88.32154184506103,88.68853759765625,64770900
2006-08-03,88.1761372043722,89.01400214145809,88.04457595815062,88.92398071289062,63693800
2006-08-04,89.38099324871129,89.62334317810283,88.27307993305654,88.77163696289062,96294200
2006-08-07,88.56391143798828,88.68855202357243,88.21768817613763,88.56391143798828,45377300
2006-08-08,88.69546791415962,88.95168029895635,87.90607934223712,88.224609375,90901300
2006-08-09,88.75777767905417,89.04861447552177,87.67064228614026,87.92684936523438,78910600
2006-08-10,87.64988887315764,88.28693845528035,87.44215278714243,88.1969223022461,69322300
2006-08-11,88.05844344631433,88.07921600154125,87.51833587861853,87.9476547241211,47482200
2006-08-14,88.37693842044028,88.74393947623717,87.88530207540127,88.0168685913086,57839000
2006-08-15,88.8062791344045,89.23559265829472,88.56392387366833,89.06941223144531,68143000
2006-08-16,89.54719548143981,89.94188453197425,89.35330072126428,89.81031799316406,71737600
2006-08-17,89.72724235372614,90.27427058370775,89.66492468813922,90.0388412475586,70992800
2006-08-18,90.1495959018005,90.49581909179688,89.73412384744753,90.49581909179688,58288400
2006-08-21,90.14270714431125,90.21195604129271,89.8795845807578,90.10809326171875,42133600
2006-08-22,90.01112439365997,90.37812019361235,89.79645710317708,90.10113525390625,60839900
2006-08-23,90.14267867384358,90.32272152277176,89.45716341337061,89.85185241699219,66592100
2006-08-24,90.01115096930754,90.08732052947876,89.60259938335372,89.77571105957031,57983000
2006-08-25,89.76875235794095,90.19114509156213,89.70643471672481,89.88646697998047,41756000
2006-08-28,89.77568086616823,90.585852536375,89.76876020517048,90.31578826904297,52681500
2006-08-29,90.35735245244088,90.59278173929866,89.88648331282968,90.41967010498047,61817800
2006-08-30,90.62044442804164,90.73815903182063,90.39886710501416,90.47503662109375,50052200
2006-08-31,90.60662293346505,90.70356501460455,90.41965943201944,90.4612045288086,37510300
2006-09-01,90.80742809286237,91.11210622497036,90.59969204225287,91.00131225585938,48794500
2006-09-05,91.0636216293321,91.29906143377993,90.84896493736235,91.1744155883789,52348300
2006-09-06,90.78666507697238,90.82128951669193,90.2465576282132,90.3711929321289,53795600
2006-09-07,90.059581733134,90.41273617749962,89.5679506807066,89.95571899414062,86269400
2006-09-08,90.07343451656068,90.33656754582094,89.90032290591982,90.21192169189453,45096300
2006-09-11,89.92111606227992,90.49584800923346,89.65798297271415,90.30196380615234,68496600
2006-09-12,90.40581786248971,91.29214858146348,90.27425133037873,91.18828582763672,69875600
2006-09-13,91.1536395428814,91.71451941092305,91.07054935973244,91.55525970458984,62898400
2006-09-14,91.37524949642638,91.56913368114321,91.22983107494093,91.56220245361328,57805400
2006-09-15,92.02052301366189,92.07616363395925,91.58235976154714,91.77710723876953,76703100
2006-09-18,91.65887156704541,92.07617094623407,91.56150312688327,91.90229797363281,64154100
2006-09-19,91.88839897719512,91.89536068905866,91.15814087238729,91.67279815673828,92089100
2006-09-20,91.97879051550666,92.34044922283258,91.84664537557818,92.15961456298828,75204100
2006-09-21,92.22919886941027,92.32656732948155,91.40156165262125,91.71453094482422,88932500
2006-09-22,91.57541369605332,91.58236479433627,91.10943541436427,91.43631744384766,65966800
2006-09-25,91.61714450563747,92.39610264570979,91.1442151102044,92.13876342773438,92299100
2006-09-26,92.15266093835726,92.91770614203574,92.08310751534563,92.90379333496094,73962700
2006-09-27,92.84119512120657,93.1750281810912,92.68818609118411,93.01506805419922,82432200
2006-09-28,93.01510051271043,93.18897350637774,92.69516953492185,92.9803237915039,58597500
2006-09-29,93.05680237569663,93.1541708004955,92.83423991194931,92.90379333496094,47966600
2006-10-02,92.87597345756572,93.07767202934053,92.46563582859356,92.5560531616211,51687400
2006-10-03,92.42389623382388,93.10547516261961,92.2569743969842,92.75077819824219,73108100
2006-10-04,92.66037906317985,93.89140264712624,92.55605952740632,93.83576202392578,80890500
2006-10-05,93.8357470077298,94.17654179066008,93.7175146819855,94.01657104492188,60505900
2006-10-06,93.85661813642166,93.96094827589447,93.47409551641375,93.89834594726562,64983600
2006-10-09,93.78707587721885,94.10004507276275,93.64101792603813,93.95398712158203,41176800
2006-10-10,93.96095314486759,94.20436892485866,93.78011847202251,94.07918548583984,56403700
2006-10-11,93.7801097543771,94.19044736061237,93.40454885986874,93.9678955078125,104071800
2006-10-12,94.204364359539,94.85812836459046,94.16958764626463,94.78162384033203,59158600
2006-10-13,94.69818051605986,95.08070318702715,94.61471427088973,95.02506256103516,53944000
2006-10-16,94.94853732927305,95.31714711029905,94.87898390885374,95.17108917236328,42273000
2006-10-17,94.91377523805028,95.073735394818,94.35737962608354,94.8720474243164,90500600
2006-10-18,95.3101920895171,95.53970565817325,94.65643870856161,94.99722290039062,86848600
2006-10-19,94.85816315829271,95.19895809360338,94.74688187994228,95.1502685546875,64063200
2006-10-20,95.17108917236328,95.24759368987974,94.81639219789355,95.17108917236328,48094500
2006-10-23,94.97636046111337,95.83877413128043,94.85812812616807,95.60926055908203,66219900
2006-10-24,95.47714785137978,95.92921343929477,95.43542002632503,95.89444732666016,53234900
2006-10-25,95.79707056736615,96.26304892739783,95.63709976868894,96.22132110595703,78105400
2006-10-26,96.4369072238445,96.67337191753876,95.96396722409203,96.5203628540039,66843700
2006-10-27,96.40213304185646,96.49950148372385,95.72055394878475,95.91529083251953,80238000
2006-10-30,95.74142172731332,96.11698270045159,95.56058703341759,95.84574127197266,49717800
2006-10-31,96.02656510890644,96.15869964641396,95.45625669627654,95.83181762695312,71274100
2006-11-01,96.13087443082524,96.19346614389566,95.08763676353576,95.18500518798828,83005600
2006-11-02,94.94160110620318,95.28934707692567,94.83728155993236,95.12938690185547,60693100
2006-11-03,95.47018779849903,95.55364344078235,94.32261965527576,94.96247100830078,71346400
2006-11-06,95.25455331903967,96.1725968968256,95.2475916097326,96.03350067138672,63303300
2006-11-07,96.11696069489379,96.6594434276526,95.97786446307194,96.40211486816406,63318900
2006-11-08,95.9778938148246,96.70816252067135,95.18503337737066,96.61079406738281,87517800
2006-11-09,96.68030968981766,96.77072701827014,95.90831338016096,96.1030502319336,95916300
2006-11-10,96.07526009580756,96.21435636702252,95.78315474254659,96.14481353759766,48991500
2006-11-13,96.10305301267455,96.70117639252935,96.0265591016014,96.38125610351562,59398200
2006-11-14,96.65250302491302,97.18803471966369,96.06133070880456,97.10456848144531,96704000
2006-11-15,97.06981273969744,97.68183841523101,97.04198711986686,97.38278198242188,76509600
2006-11-16,97.6748760059087,97.841787256106,97.01416087836331,97.63314819335938,76728800
2006-11-17,97.32015493101588,97.6679008040415,97.181058704278,97.66094970703125,56353800
2006-11-20,97.57745656113926,97.88347450967255,97.32707920437181,97.716552734375,69174200
2006-11-21,97.70963007776209,97.8348134864007,97.57052325168247,97.81394958496094,51367900
2006-11-22,97.89045756390159,98.17561171016632,97.71658463750035,98.0086898803711,45505300
2006-11-24,97.53578489755294,97.95307365738977,97.50795927947883,97.61228942871094,30998000
2006-11-27,97.56358119643622,97.61227071254825,96.24215112511129,96.26996612548828,84545100
2006-11-28,96.14478837375336,96.78463954376696,96.05437104556408,96.68727111816406,106652900
2006-11-29,97.00027063039546,97.73749045653173,96.72902917337616,97.69576263427734,90034900
2006-11-30,97.67490368580155,98.09915425421939,97.2019635807026,97.73749542236328,83994300
2006-12-01,97.73744367657511,97.82786098976048,96.65247836779356,97.52184295654297,126080000
2006-12-04,97.54273014621289,98.44687165685008,97.52881733801019,98.26603698730469,87813200
2006-12-05,98.45382005785162,98.73202315246868,98.24517038997956,98.6902847290039,73374400
2006-12-06,98.66941086316638,98.8085177026141,98.41208231243948,98.60681915283203,53253200
2006-12-07,98.78068012526037,98.9684658458803,98.14082906827608,98.17560577392578,62857400
2006-12-08,98.1548030501693,98.69032432398002,97.91137657126102,98.35649108886719,79625500
2006-12-11,98.35650063383751,98.82247911058602,98.30085998719122,98.64165496826172,39779400
2006-12-12,98.54424534569442,98.66942878910604,97.98784972390503,98.56510925292969,77451600
2006-12-13,98.91982640263784,98.99633094884484,98.45384802569183,98.66944885253906,55520200
2006-12-14,98.66247951402501,99.62226171403867,98.64856670482314,99.5387954711914,64755200
2006-12-15,99.75770957552652,99.93255132749368,99.47796704097651,99.54789733886719,70857400
2006-12-18,99.68773982113507,99.92553264548249,99.13524473990994,99.27511596679688,48954600
2006-12-19,98.99537661675787,99.70173327115172,98.74360413187148,99.46395111083984,65023600
2006-12-20,99.50593096781219,99.77169382950034,99.31709889916571,99.40802001953125,41469600
2006-12-21,99.49892928780538,99.61081987858903,98.83453288421944,99.0443344116211,48698400
2006-12-22,99.05831862807763,99.06530845472936,98.37993194067232,98.43588256835938,62069100
2006-12-26,98.47784956075549,99.03734520414095,98.45686940788407,99.01636505126953,32696900
2006-12-27,99.21918415067033,99.72972969925284,99.19121416858691,99.66677856445312,39727100
2006-12-28,99.59683381855132,99.79964550582572,99.30310102758959,99.45696258544922,37288800
2006-12-29,99.3520575471325,99.68775066246688,98.91145299660556,99.0443344116211,45461200
2007-01-03,99.48493016435067,99.91154435149328,98.30999902883771,98.8694839477539,94807600
2007-01-04,98.77158441236038,99.34507039333484,98.3379803487401,99.07930755615234,69620600
2007-01-05,98.84152253545214,98.8904726679282,98.17712613304823,98.28901672363281,76645300
2007-01-08,98.48480620256557,98.89742992061154,98.08616213254732,98.74356842041016,71655000
2007-01-09,98.82754736308053,99.03036976562909,98.19112084286634,98.65970611572266,75680100
2007-01-10,98.31697149122522,99.00934836261365,98.12114966989111,98.98835754394531,72428000
2007-01-11,99.01634780749774,99.74368454718834,98.96039718575385,99.42198181152344,54476800
2007-01-12,99.41499675618377,100.17731475830078,99.38702677671223,100.17731475830078,55370600
2007-01-16,100.05843714092435,100.31719950396568,99.82064426169102,99.98150634765625,44871300
2007-01-17,99.90457691209225,100.3311911948325,99.82064561825449,100.02346801757812,50241400
2007-01-18,100.12836398855697,100.19130445229376,99.52690799047802,99.68775939941406,68177300
2007-01-19,99.68772006664602,100.07937436440459,99.63178012416896,99.88355255126953,56973000
2007-01-22,100.05843925371254,100.07941940945656,99.26115064946629,99.57587432861328,60253600
2007-01-23,99.49192667499638,100.06541262835209,99.35205543587034,99.86959075927734,54064400
2007-01-24,99.98848209908246,100.69483879492554,99.94652179438764,100.67385864257812,55834700
2007-01-25,100.61090394220544,100.65286424096,99.31707114932617,99.49191284179688,73583800
2007-01-26,99.70876997636648,99.7647099519961,99.0163927236337,99.40104675292969,67255600
2007-01-29,99.44298846091966,99.86960272784987,99.12827546729737,99.34507751464844,66114600
2007-01-30,99.55489734539844,99.9115706759064,99.35207493808508,99.86260986328125,70407600
2007-01-31,99.75070146228308,100.79975178178886,99.58983939648483,100.53398895263672,91868600
2007-02-01,100.81370076131812,101.17038459117656,100.64585959102092,101.13541412353516,69312400
2007-02-02,101.21935607592053,101.37321762883184,100.97458409373668,101.27530670166016,49607000
2007-02-05,101.19839513460481,101.36624704368522,100.94662260673056,101.30330657958984,45705300
2007-02-06,101.38723420956521,101.42919452186379,100.93963975922455,101.33128356933594,57081300
2007-02-07,101.49209496642669,101.65994682092132,101.10745180771322,101.55504608154297,55669700
2007-02-08,101.25434352920612,101.4921257248527,100.89767023573627,101.42219543457031,70641000
2007-02-09,101.45013453931946,101.63896654144526,100.2821933992992,100.6668472290039,79084400
2007-02-12,100.66685891803817,100.7367891951568,100.14233381794125,100.32416534423828,65657000
2007-02-13,100.54801200458517,101.33828957921783,100.54101150375527,101.17044830322266,64081800
2007-02-14,101.26834566443493,102.03764297620133,101.25435533615008,101.83483123779297,66039400
2007-02-15,101.87677603079517,102.0725979109756,101.7089241314296,101.96769714355469,38715200
2007-02-16,101.71590476276677,101.93969658005032,101.56903304557287,101.91871643066406,39841800
2007-02-20,101.79982786512842,102.24742218219875,101.40818417162816,102.1355209350586,56911800
2007-02-21,101.83479697215175,102.15651038548967,101.65296545160693,102.09355926513672,63971600
2007-02-22,102.14252365372081,102.40128595580506,101.52707745255769,102.01663208007812,79067400
2007-02-23,101.92571930932806,101.9606791114619,101.42916419544233,101.61799621582031,71966200
2007-02-26,101.9886537046577,102.07257429918161,101.23333633947354,101.52706909179688,69192800
2007-02-27,100.62490625740912,100.8486981012668,97.21199259877632,97.56167602539062,274466500
2007-02-28,98.1841065647259,99.2960972375351,97.77148270573241,98.56175994873047,177536300
2007-03-01,97.44977792446703,98.78557121856275,96.54759935003347,98.26803588867188,212828600
2007-03-02,97.94633855863606,98.3729528035525,96.97421897385827,96.98120880126953,162574000
2007-03-05,96.46367549130133,97.61763732820296,96.04406173637638,96.05805206298828,143750400
2007-03-06,97.05816739687928,97.99531677011876,96.31683996218253,97.70158386230469,143333300
2007-03-07,97.62464837162167,98.23310498930638,97.49176691866185,97.60366821289062,115144900
2007-03-08,98.28899689905221,98.72261153426618,97.9603043491734,98.42887878417969,117891600
2007-03-09,98.82748868617988,98.90441943604056,97.9672707897284,98.45682525634766,107765100
2007-03-12,98.20507745007272,98.84849357749994,98.02324593737254,98.60372161865234,80366900
2007-03-13,98.03717279196742,98.44980706130096,96.54052918446696,96.6874008178711,190605200
2007-03-14,96.81334035187821,97.4637570206877,95.63840925807972,97.40780639648438,231853800
2007-03-15,97.1910193683074,97.9043765974195,97.07212827537072,97.54070281982422,132435900
2007-03-16,97.81524717048622,98.03993740136255,96.97969778437215,97.267578125,121531600
2007-03-19,97.78011811430012,98.53141386808633,97.70288220235778,98.44013214111328,96161200
2007-03-20,98.3558918839193,99.03696936781176,98.2716384100585,98.98079681396484,82147400
2007-03-21,99.07209956473865,100.86255054692025,98.87550094148874,100.60977935791016,152368700
2007-03-22,100.74317615695166,100.8836021981252,100.25869720815578,100.53253173828125,118942200
2007-03-23,100.6027643645181,100.97489824755377,100.51148260360763,100.68000030517578,74416800
2007-03-26,100.75719129055581,100.86250811090767,99.76717032398062,100.54654693603516,113787500
2007-03-27,100.49040648357403,100.51849812051633,99.9778466044907,100.30785369873047,99864600
2007-03-28,99.80227802313759,100.0339857382951,99.18439078271759,99.57759857177734,152907900
2007-03-29,100.08315233655055,100.13230733882696,99.13526861458,99.68293762207031,139432700
2007-03-30,99.87254297105484,100.29382115657258,98.6929404811973,99.70402526855469,128194100
2007-04-02,99.81636047363281,100.02700490234724,99.33889905429203,99.81636047363281,79416400
2007-04-03,100.38505234343813,101.0942105624326,100.34292561749221,100.89059448242188,82417800
2007-04-04,100.89061510371559,101.07316785806579,100.51848133004346,101.00296020507812,63995200
2007-04-05,100.87654623096472,101.41719753310788,100.83441950603701,101.27677154541016,46822800
2007-04-09,101.56462643836869,101.66995394932998,101.21355616279352,101.41718292236328,50967400
2007-04-10,101.3399919917358,101.7051082401825,101.29786525418797,101.53659057617188,56620000
2007-04-11,101.68401385588525,101.7120947677455,100.78526396911673,101.12229919433594,106365700
2007-04-12,100.92574789538392,101.75426910564617,100.64488507627897,101.57171630859375,115534400
2007-04-13,101.74021711180387,102.03512573242188,101.36106572129853,102.03512573242188,84287000
2007-04-16,102.39318456868179,103.1163886679058,102.38616701831303,103.00404357910156,83064600
2007-04-17,103.19370057981494,103.49561617529385,102.96901023672113,103.2779541015625,108424100
2007-04-18,102.93382576816437,103.70617407132686,102.91276240532098,103.40425872802734,88345300
2007-04-19,102.8987243810785,103.49553756317763,102.76531593042776,103.37617492675781,102947700
2007-04-20,104.07129796202162,104.3521499633789,103.24276634452853,104.3521499633789,124114100
2007-04-23,104.17661576760128,104.42938685673607,103.89576376359247,103.95895385742188,77270800
2007-04-24,104.0783345543894,104.1976972124957,103.43939452732853,104.0010986328125,114471000
2007-04-25,104.42941846763833,105.08241510965655,103.93090440254936,104.95602416992188,108418800
2007-04-26,104.96302115594513,105.18068306714531,104.68918670091631,105.07535552978516,88741600
2007-04-27,104.68214527189163,105.13854311542084,104.50661011218405,104.9910888671875,108191100
2007-04-30,105.06833183378082,105.13855018791367,104.06427579534397,104.12043762207031,100874100
2007-05-01,104.2117404886617,104.94899050140954,103.68513486724451,104.38727569580078,134342700
2007-05-02,104.54875351695009,105.28600344811254,104.44343668984871,104.99812316894531,87129800
2007-05-03,105.3000166649461,105.60193195171694,105.13149907993481,105.56683349609375,86569700
2007-05-04,105.84773938489447,106.10752808630572,105.47560556953574,105.96710205078125,96409000
2007-05-07,105.93896913622477,106.16364854003128,105.88981415531475,105.98811340332031,63461400
2007-05-08,105.72836226498195,105.96708756411961,105.41240104979173,105.84772491455078,80584000
2007-05-09,105.77048104296144,107.30115343310497,105.58090004257933,106.1355972290039,102070100
2007-05-10,105.83369524018755,106.0373221016637,104.80857552221634,105.02623748779297,153617800
2007-05-11,105.14559573656123,105.9741168241058,105.12453236747584,105.92497253417969,113408900
2007-05-14,105.92499854109752,106.23394231529527,105.17370247986008,105.69329071044922,108027500
2007-05-15,105.8125997395694,106.48665951540744,105.45451184498407,105.72132873535156,180673300
2007-05-16,105.88281201040833,106.4655900347277,105.58791422349059,106.44452667236328,114166500
2007-05-17,106.29008979235981,106.69733278822481,106.10050875498032,106.23391723632812,101132800
2007-05-18,106.73240692829661,107.16071319580078,106.59198092714152,107.16071319580078,99182000
2007-05-21,107.13264485447446,107.58903209024564,107.07647230465643,107.10455322265625,174664600
2007-05-22,107.21685452963384,107.53984388070809,106.99217513595028,107.02025604248047,82148800
2007-05-23,107.39245080263066,107.77863044863082,106.97819023411236,107.03436279296875,133786600
2007-05-24,107.09755481989936,107.57501622181012,105.84072727369157,106.0654067993164,187593000
2007-05-25,106.37429726482513,106.73941336421615,106.14960713787222,106.50770568847656,83309200
2007-05-29,106.6832917411436,107.07648893712775,106.33923883774746,106.89393615722656,82020000
2007-05-30,106.34621019970658,107.8066530850988,106.26194605006964,107.7645263671875,129013600
2007-05-31,107.89796450647128,108.05243632390899,107.51178496287702,107.6522216796875,114866700
2007-06-01,108.0454641358037,108.41056975410987,107.78566467168297,108.1858901977539,107771700
2007-06-04,107.8067279406565,108.40355209564285,107.7646011934945,108.19993591308594,78008800
2007-06-05,107.94714166354878,108.05947606071719,107.32925426693488,107.7716064453125,126917900
2007-06-06,107.32923895627248,107.3924290545067,106.54986226992983,106.61305236816406,164096800
2007-06-07,106.41647729630698,107.07649148260774,104.66112497691996,104.68921661376953,232414600
2007-06-08,105.02617332770373,106.15661991876257,104.68212063866378,106.0512924194336,175886000
2007-06-11,105.97411782545414,106.69030452258362,105.8126284230003,106.23391723632812,102015600
2007-06-12,105.79154207132868,106.40240107551205,105.00514788536229,105.07535552978516,233898000
2007-06-13,105.67215734605364,106.77452319986959,105.12448855046833,106.64813232421875,193208200
2007-06-14,106.76753930988062,107.51180692018309,106.74647594082069,107.32925415039062,146396500
2007-06-15,107.98928987893878,108.35597978582712,107.84120005269668,107.93993377685547,154030800
2007-06-18,108.15851635049304,108.16556414679386,107.65079525698225,107.81298065185547,88537500
2007-06-19,107.57324956160417,108.15853958010611,107.43926608315236,108.08097076416016,110851700
2007-06-20,108.29953506421796,108.29953506421796,106.45200120773279,106.57892608642578,177119700
2007-06-21,106.53663389784097,107.26295506235805,105.95134398429906,107.17127990722656,205262000
2007-06-22,106.84691573972316,107.02320750438612,105.66928804297406,106.16290283203125,204964700
2007-06-25,105.94424940984307,106.65646390679785,105.08394517075432,105.6551284790039,232014400
2007-06-26,105.9230899327519,106.09938159974871,104.56211266834211,104.56916046142578,198445700
2007-06-27,104.45640731576596,106.17701678359545,104.40704045333005,106.05712890625,213638000
2007-06-28,106.04298400878906,106.7693049326856,105.5423108596997,106.04298400878906,157705000
2007-06-29,106.40969931964766,106.93857458616678,105.17565703110307,106.0782699584961,199701800
2007-07-02,106.38854772521633,107.12897526812696,106.31803747731705,107.03730010986328,103357000
2007-07-03,107.3123339403116,107.53799259777435,107.17836121743973,107.42516326904297,54048400
2007-07-05,107.46745450689515,107.58028381770441,106.9244836236168,107.31231689453125,89279000
2007-07-06,107.4533710205354,108.0104483204334,107.13603720312881,107.87646484375,81109000
2007-07-09,108.00335259907206,108.14438381089805,107.62255649115099,107.96104431152344,72348100
2007-07-10,107.38984211657794,107.61550064661301,106.31799637888416,106.42376708984375,180362600
2007-07-11,106.30390343482868,107.22062249870295,106.14171807091004,107.17831420898438,175607600
2007-07-12,107.44630984250308,109.12461101898252,107.42515568985807,108.8707504272461,133882500
2007-07-13,108.99764538995825,109.62524345732912,108.87070976150532,109.1950912475586,111794300
2007-07-16,109.29388251079257,109.67466811424762,109.00476133854026,109.1810531616211,98378700
2007-07-17,109.25155873141689,109.63940287749728,109.07526691592568,109.1246337890625,126201300
2007-07-18,108.75790295870544,109.1598533118822,108.1021028161469,108.9271469116211,237887400
2007-07-19,109.44190700020422,109.67461338173997,109.12458402901679,109.3502426147461,145212700
2007-07-20,109.2233152358735,109.29383623924906,107.77067295028995,108.24313354492188,245502500
2007-07-23,108.72266403413157,109.10346031376665,108.10212427027639,108.5745849609375,121183900
2007-07-24,107.97518628667824,108.79318273066734,106.31099144821601,106.69178771972656,256732400
2007-07-25,107.19949857702112,107.46040694383947,105.95134987846612,106.9103775024414,265214500
2007-07-26,105.90903342507762,106.33918572536969,103.22939667374975,104.37882232666016,467592500
2007-07-27,104.51280419693819,104.97820623218425,102.28447392881235,102.3267822265625,422987600
2007-07-30,102.9050275005846,104.23074506295627,102.45372099679786,103.92752838134766,283017500
2007-07-31,104.59744470059024,105.3942870236693,102.27743875038546,102.7569580078125,316976700
2007-08-01,102.37612499644241,103.66658170984205,101.50877272546633,103.25758361816406,467670000
2007-08-02,103.49027803975582,104.1954448557367,102.43252781578451,104.08262634277344,294758400
2007-08-03,103.85702450094118,104.06857681323756,100.97994102970411,101.40304565429688,359398200
2007-08-06,101.69210631705839,103.53963984180085,100.50742052868031,103.1024398803711,324980000
2007-08-07,102.91210315428596,105.06991307023617,102.41142970659932,104.20256042480469,232568700
2007-08-08,104.65379305120996,106.19105130007968,103.89925951365262,105.6551284790039,274930600
2007-08-09,103.96280560249662,105.03466286725507,102.4537480729019,102.5242691040039,357622100
2007-08-10,101.81908012611203,103.30698318116899,100.92351487003602,102.04473876953125,411018400
2007-08-13,103.30698802758161,103.58200278715277,102.26334365279833,102.41142272949219,181917200
2007-08-14,102.74284856462819,102.99670916152076,100.64145353257099,100.845947265625,264134500
2007-08-15,100.64141967725439,101.86841394281252,99.16056490020122,99.45673370361328,323834000
2007-08-16,98.57530903074674,100.7965919611721,96.6078974592238,100.20425415039062,546743700
2007-08-17,102.60181606047841,102.82041614629308,99.7035787640403,102.04473876953125,388218100
2007-08-20,102.36909900253016,102.58065126879606,101.04338150992608,101.995361328125,187320400
2007-08-21,101.96716395181114,102.93323940707381,101.64278236099537,102.19985961914062,157066400
2007-08-22,102.96139815685748,103.518485941264,102.48188990900545,103.41270446777344,173156700
2007-08-23,103.8992914601444,104.11789148385013,102.67935570075845,103.32106018066406,203915300
2007-08-24,103.29289418917296,104.59745788574219,103.15186289332718,104.59745788574219,128901900
2007-08-27,104.25894723436039,104.59742438799118,103.46915286256225,103.6242904663086,113024300
2007-08-28,103.06721261710153,103.13067506551236,101.16326384481408,101.34660339355469,219790700
2007-08-29,101.80497838921985,103.47623185786942,101.51586803421863,103.33518981933594,207654200
2007-08-30,102.56655059663977,103.7935452009542,102.46782763491304,103.06016540527344,191817300
2007-08-31,104.11788507324293,104.71728122262199,103.5396538293647,104.07557678222656,185477500
2007-09-04,103.97685625907103,105.76092763821738,103.94159576240949,105.12628173828125,120062000
2007-09-05,104.50578069081857,104.61861002932368,103.6595821720261,104.21665954589844,166261800
2007-09-06,104.32946996684733,104.7948828337914,103.74417998447753,104.45640563964844,127878400
2007-09-07,103.29284866638935,103.58196968945178,102.43254415288227,103.00373840332031,235447600
2007-09-10,103.32108465260956,103.46211591808215,101.77676700969445,102.80630493164062,192305900
2007-09-11,103.12367540978816,104.15321369793858,103.04610657218781,104.00513458251953,162081900
2007-09-12,103.86405022004962,104.67499878479562,103.64545015581223,104.2730484008789,149554600
2007-09-13,104.7525633915811,105.38720940811918,104.50575062959695,105.00642395019531,154079000
2007-09-14,104.33652636980428,105.13335785706235,104.18138875069297,104.99937438964844,121911000
2007-09-17,104.5833207502792,104.82307495865943,104.10381233351873,104.43524169921875,109870800
2007-09-18,104.94998362689462,107.53794467643333,104.45636898365697,107.5097427368164,263759500
2007-09-19,108.17967731279552,108.87073799360091,107.68606254079168,108.14441680908203,193779900
2007-09-20,108.13033377229713,108.19379623666914,107.2629811458876,107.38285827636719,175186800
2007-09-21,108.19691037848135,108.48739218438801,107.50965263158018,107.672607421875,141457500
2007-09-24,107.99142350276915,108.27483485699472,107.24040233338744,107.47421264648438,139450200
2007-09-25,106.85075735694356,107.45299724414588,106.6098657264793,107.2616958618164,142289900
2007-09-26,107.87099258777188,108.23942199348777,107.26167160606605,107.82848358154297,135547000
2007-09-27,108.33864420955216,108.47326330840421,107.82851436708242,108.46617126464844,102713300
2007-09-28,108.29615983565783,108.5370515352421,107.6797464959578,108.1048583984375,133372100
2007-10-01,108.11899454465029,109.64229185177713,108.04813898155743,109.3234634399414,148162300
2007-10-02,109.54305853833543,109.57139426608069,108.97624668409833,109.17462921142578,112978800
2007-10-03,108.97625633150446,109.40136796257562,108.40944442708886,108.95500183105469,119055900
2007-10-04,109.18883981144995,109.29511234062433,108.82041035857775,109.12507629394531,76864400
2007-10-05,109.84062289745167,110.59873598474093,109.55722240018682,110.4216079711914,134579700
2007-10-08,110.09575669955566,110.16661227381638,109.65648241005891,109.83361053466797,71280400
2007-10-09,110.24449760105973,110.88215422747356,109.84064047623664,110.86798095703125,94054300
2007-10-10,110.55628476122644,110.83969624533496,110.10992924169987,110.68382263183594,101711100
2007-10-11,111.18684205949566,111.60487257803923,109.49349791203147,110.15242004394531,233529100
2007-10-12,110.14531656644516,110.77589202175952,110.01069751232657,110.76171875,124546700
2007-10-15,110.71920938103156,110.78297288718124,109.06837458524475,109.82647705078125,161151900
2007-10-16,109.40136796257562,109.47930473457075,108.73536478571513,108.95500183105469,166525700
2007-10-17,109.80520520468258,109.88314197023476,108.02684367749374,109.28799438476562,216687300
2007-10-18,108.72123424645906,109.24553735604526,108.45908809718702,108.89128112792969,148367500
2007-10-19,108.46614044281306,110.86799659732687,106.03594855445499,106.04302978515625,297169900
2007-10-22,105.46922657441598,106.81539670700151,105.32752616220411,106.6595230102539,261989800
2007-10-23,107.31125109310288,107.65841511491307,106.45394666592532,107.52379608154297,180085100
2007-10-24,107.13416414895633,107.50967485392827,105.454982419039,107.32545471191406,326694200
2007-10-25,107.44587106421454,107.89931844086449,106.19181225114345,107.58049011230469,237374500
2007-10-26,108.44487157023276,108.84163665771484,107.62299485414113,108.84163665771484,176484000
2007-10-29,109.06127658359217,109.42262472076982,108.79204930199408,109.20298767089844,106841000
2007-10-30,108.72123519939475,108.93379110033557,108.3102966738538,108.44491577148438,132981600
2007-10-31,109.09673202901335,110.01071904320645,108.28902835725991,109.5714340209961,220954400
2007-11-01,108.60782540351477,108.69285421512379,106.69484471339663,107.006591796875,333040800
2007-11-02,107.36088559004477,107.69388729062938,105.71714240577148,107.1270751953125,331228200
2007-11-05,106.02179370214301,107.09873556299935,105.54709169774266,106.31228637695312,226841000
2007-11-06,106.8861948844117,107.77183549865643,106.20601813581295,107.74349975585938,177800500
2007-11-07,106.58857065944312,107.07744577767946,104.54097095756684,104.79603576660156,306639700
2007-11-08,104.8527378244677,105.1432196473527,102.78388323232099,104.2646713256836,374509900
2007-11-09,103.22316478507773,104.5339061305101,102.65635274954788,102.83348083496094,277745100
2007-11-12,102.8830468359676,103.87495945192038,101.81318664550781,101.81318664550781,243087800
2007-11-13,102.99641581443669,105.07944342757261,102.89014330806782,104.91648864746094,191117400
2007-11-14,105.72420327617898,105.85173029726764,103.99543158338116,104.62600708007812,230558800
2007-11-15,103.84662925492768,104.49845912455673,102.39417720983462,103.11685180664062,263111100
2007-11-16,103.66245109426075,103.77581567682574,102.42964639475171,103.29402160644531,308770600
2007-11-19,102.93266991261348,102.98935219604924,101.45188174511438,101.85572814941406,267746000
2007-11-20,102.0399585609714,103.10980838970312,100.68669728648739,102.47923278808594,414767500
2007-11-21,101.37390424116789,101.96197053320417,100.37489966755075,100.3819808959961,259012400
2007-11-23,101.36688318272458,102.26668622600316,101.10472622013341,102.11790466308594,77688400
2007-11-26,102.33039564973562,102.64923473806883,99.65931286272604,99.86477661132812,214232000
2007-11-27,100.42456000861196,101.4802366553259,99.86482911082638,101.01262664794922,293897900
2007-11-28,102.16042537193907,104.48434564961974,102.12499758255716,104.24345397949219,258596900
2007-11-29,103.88208913865765,104.66145713691155,103.51367045861193,104.27885437011719,199409900
2007-11-30,105.59665037214302,106.18471677787517,104.38510060056879,105.32742309570312,222908000
2007-12-03,104.99448892624972,105.17869831905045,104.35682106924132,104.63314056396484,146430400
2007-12-04,103.91039363499999,104.53387697022247,103.66241006018193,103.69783782958984,136533900
2007-12-05,104.81026702950967,105.71008108694011,104.73942225390513,105.43376159667969,171130000
2007-12-06,105.30620906155302,107.13417248262974,105.26370004425576,106.94287109375,154457400
2007-12-07,107.28293774497206,107.33962002977137,106.66653546572016,106.92160034179688,148980100
2007-12-10,107.18373732769084,107.87099510721437,106.88616346609912,107.75054931640625,123914300
2007-12-11,107.79303916448136,108.32442328238389,104.73935349670079,104.79603576660156,250346400
2007-12-12,107.02790090430244,107.53094955676711,104.29304210983564,105.83051300048828,322435600
2007-12-13,105.08654767007144,105.84465019594703,104.3638621097388,105.61083984375,237551300
2007-12-14,104.81022451576963,105.63919346134426,104.22216879149948,104.27175903320312,159152900
2007-12-17,103.87497087991203,104.05918015427318,102.63507456804331,102.78386688232422,177269400
2007-12-18,103.51366167235771,103.7828890216865,101.99744563166728,103.3577880859375,245569300
2007-12-19,103.40029709840832,104.07338168829149,102.69178472778586,103.3577880859375,198917200
2007-12-20,104.03793351073197,104.05210678245716,102.86180061143183,104.00959777832031,214813800
2007-12-21,104.96763789020275,105.71552649556558,104.76820237789536,105.50897216796875,146084400
2007-12-24,106.00041880130438,106.47051048060086,105.7582378453068,106.29244232177734,45601400
2007-12-26,105.87931103297203,106.61295089570017,105.77247449700839,106.5203628540039,67093100
2007-12-27,106.14286199488505,106.14998080799322,104.93200079306222,105.18128967285156,122981700
2007-12-28,105.80098926738212,105.85085357661255,104.63286239471915,104.91777801513672,116398100
2007-12-31,104.77528712962749,105.13854218517565,104.03451765722669,104.14136505126953,108126800
2008-01-02,104.36933908021325,104.69698937093013,102.48182038884103,103.22969818115234,204935600
2008-01-03,103.21543300612744,103.62855245008416,102.61712658457007,103.17981719970703,125133300
2008-01-04,102.0971654473132,102.16839706414895,100.3663480160767,100.65125274658203,232330900
2008-01-07,101.00736323120158,101.30651638216028,99.78938332147088,100.56575775146484,234991000
2008-01-08,101.19969051747347,101.78374838753841,98.60701873419018,98.94178771972656,326365700
2008-01-09,99.069996623042,100.28085790966104,98.07993811082544,99.98170471191406,301824900
2008-01-10,99.49020388873512,101.71250117336763,99.26940118307425,100.636962890625,335701200
2008-01-11,100.27374747535883,101.07148940268019,99.00590296868654,99.82501220703125,267076600
2008-01-14,100.54441356925975,101.04300226885874,100.0030793796221,100.6298828125,170365500
2008-01-15,99.5686046542919,100.77947704487063,98.22240956835633,98.41472625732422,239940100
2008-01-16,97.83778289973864,99.0913789953954,97.06852704498812,97.5671157836914,378802600
2008-01-17,98.15830168900304,98.2081659961857,94.68240734159002,95.03854370117188,397892600
2008-01-18,95.97160975751129,96.17104520714561,93.37893804384832,94.06271362304688,348561500
2008-01-22,90.60818313762633,94.32624098451343,89.7463340736274,93.10826110839844,435923700
2008-01-23,90.52271470649826,95.57985409939101,90.34464657109241,95.34480285644531,511913000
2008-01-24,95.78642271422943,96.48445773492651,94.95306501980679,96.14968872070312,259949300
2008-01-25,97.23229767235141,97.4103657655039,94.44732095544117,94.76071166992188,269603900
2008-01-28,94.9174360566629,96.52717897470828,94.0627111707398,96.32774353027344,217934600
2008-01-29,96.94028803778578,97.18957688258256,96.07131475022061,96.8049545288086,168968300
2008-01-30,96.56992613903951,98.6782470737543,95.87190199280185,96.09270477294922,334939200
2008-01-31,95.01718582267014,98.67826752791832,94.87473343837813,97.84490966796875,343680800
2008-02-01,98.25092500936576,99.44041944142886,97.95177169726801,99.41905212402344,206843600
2008-02-04,99.15545594877678,99.2195578630566,98.03718294706789,98.16539764404297,124694300
2008-02-05,96.82635172934556,97.04715452546567,95.20948967134201,95.53713989257812,286882500
2008-02-06,95.85765192668958,96.33487328496318,94.31202162255687,94.76787567138672,250792900
2008-02-07,93.87752775235076,96.00721580020739,93.82766345515775,95.39466094970703,297368100
2008-02-08,94.79634211658266,95.60121349994752,94.09119931447734,94.7821044921875,221643500
2008-02-11,94.80352174067679,95.60838267963518,94.0485033817746,95.26649475097656,188576300
2008-02-12,96.09270560462062,97.08988296501916,95.43028639002738,96.14968872070312,256654400
2008-02-13,96.87621077519321,97.62409932063076,96.2565369736344,97.13262939453125,181967800
2008-02-14,97.54573751748985,97.5813533237734,96.00722598075308,96.27789306640625,215207200
2008-02-15,95.8006842687349,96.31352151496303,95.38044595731505,96.25653839111328,154110300
2008-02-19,97.38191615594897,97.50300120047126,95.87902045165065,96.52719116210938,145190000
2008-02-20,95.43742218880296,97.26083854663183,95.27359164390921,96.81210327148438,220085700
2008-02-21,97.33918227328392,97.58847117798095,95.49439873117011,96.0072250366211,201051200
2008-02-22,96.13546147182342,96.76226501884496,94.63256541679351,96.59843444824219,205491000
2008-02-25,96.54141703524253,98.04431255655585,96.00009380768378,97.81639099121094,190107000
2008-02-26,97.40325921160057,98.97025645485003,97.22519109604005,98.55001831054688,212420700
2008-02-27,97.98021486917749,99.10560685556867,97.87337832899549,98.4503173828125,168395800
2008-02-28,97.75231019389648,98.26514741226617,97.26084028725727,97.48876190185547,170831100
2008-02-29,96.58416665562858,96.64113889809306,94.57555275361655,95.31632232666016,252715200
2008-03-03,94.83199080637542,95.30921223110865,94.1909496969533,95.08840942382812,189483500
2008-03-04,94.18380167819846,95.0171593055772,93.3005906210196,94.72513580322266,282513100
2008-03-05,95.03142900401079,95.99300156391125,94.26217312977435,95.3234634399414,270681400
2008-03-06,94.7180262281975,94.88897559898108,92.98720868124437,93.3504638671875,247911700
2008-03-07,92.43162774884232,93.83480578307035,91.5840215296629,92.3888931274414,326434600
2008-03-10,92.4814465378513,92.54554844593804,90.87883362519642,91.17086791992188,235683600
2008-03-11,93.10827360455019,94.53281878103546,91.84754808020392,94.44734954833984,341440600
2008-03-12,94.54706468375416,95.28070456005645,93.42167272097568,93.56412506103516,229161100
2008-03-13,92.31767450258296,94.47586013434825,91.59828291480119,93.77070617675781,351504200
2008-03-14,94.56841817934283,94.5969042958275,91.01417466793671,92.31763458251953,484687800
2008-03-17,90.15237855881011,92.06838891828262,89.79624211740939,91.38461303710938,405311100
2008-03-18,93.03709682246154,95.22378017375667,92.58124253210103,95.18104553222656,334416600
2008-03-19,95.54427902191354,95.90753426033974,92.62395600917857,92.82340240478516,345971600
2008-03-20,93.08969120633186,95.13687742255662,92.52420370328373,94.54276275634766,245320700
2008-03-24,95.42313985608953,97.21263692314461,95.37303961776811,96.43241882324219,208977300
2008-03-25,96.53265149436776,97.02655454126882,95.75243322253381,96.52549743652344,192947200
2008-03-26,96.24630428013992,96.69725006341748,95.27997160327556,95.34439086914062,196934300
2008-03-27,96.06020288641936,96.23199854134837,94.7431356319677,95.04376983642578,225153200
2008-03-28,95.19412563265553,95.45896780285024,93.81262769892582,94.13473510742188,180896100
2008-03-31,93.97723269726504,95.0079848599659,93.83407510182867,94.46398162841797,166692100
2008-04-01,95.63787437467401,97.94990135027437,95.56629012857688,97.78527069091797,254547300
2008-04-02,98.10025019279355,98.5440420553259,97.33434005870666,97.84971618652344,210910800
2008-04-03,97.31999511871729,98.37937412627313,97.141045445444,98.09304809570312,175884800
2008-04-04,98.15034083140868,98.75162020314426,97.43454193754549,97.98571014404297,204446800
2008-04-07,98.68718869119878,99.18825664802809,97.87834337898772,98.03582000732422,154245500
2008-04-08,97.48468909239801,98.00721941960424,97.31289336244616,97.9356460571289,148937300
2008-04-09,97.78529680485241,97.92130035542372,96.55412171430476,97.22697448730469,195610600
2008-04-10,96.9334923360477,97.82824102204972,96.56127382444782,97.36297607421875,192967800
2008-04-11,96.26775001571373,96.7186956708618,95.2083603076838,95.47321319580078,222973300
2008-04-14,95.33726064593401,95.58778371655312,94.87914977044998,95.1511459350586,160522000
2008-04-15,95.61645411761913,95.6951924629434,94.72170515812901,95.37308502197266,172389200
2008-04-16,96.30357250760889,98.00002320982674,96.28926439460481,97.95707702636719,189268900
2008-04-17,97.36297061261592,98.24340021203092,97.10528256861342,98.1002426147461,179665700
2008-04-18,99.45310501599796,99.89689685719256,98.96635606436286,99.12383270263672,218530600
2008-04-21,98.94491211590639,99.48176147118815,98.67291586967873,99.1739730834961,118587400
2008-04-22,98.91624677412429,99.0021391427017,97.99286012302176,98.73729705810547,162166000
2008-04-23,98.84468375526617,99.33858682514735,98.15035783416168,98.57984161376953,193309000
2008-04-24,98.83749696314759,100.02572556060441,98.09306011467382,99.00929260253906,229381300
2008-04-25,99.78236858256842,100.13311399768435,98.7158351445452,99.925537109375,190788100
2008-04-28,100.12594831169145,100.39079039551987,99.76804888069137,99.9469985961914,105610200
2008-04-29,99.7752024782331,100.01857146885966,99.21688024221982,99.55330657958984,125514100
2008-04-30,99.70364175359288,100.63418267396452,98.96636962890625,98.96636962890625,208395900
2008-05-01,99.05222267802151,101.01350402832031,98.9734843880461,101.01350402832031,187279500
2008-05-02,101.88681613829715,101.90828923222178,100.61269492838717,101.2927017211914,181585500
2008-05-05,100.96342295993084,101.36426854051606,100.50531216465875,100.80594635009766,118504500
2008-05-06,100.22615893161026,101.7865951958989,99.98994399833079,101.67922973632812,179339800
2008-05-07,101.56471862072765,101.67208410072479,99.58911733319958,99.86827850341797,199267300
2008-05-08,100.02572980669973,100.44089442785258,99.48171571997796,99.61056518554688,178321200
2008-05-09,99.20974566154825,99.77522206515701,99.10236925832886,99.42447662353516,152588200
2008-05-12,99.67499336243795,100.6126881413079,99.30277488914543,100.5411148071289,147865900
2008-05-13,100.78445785743257,100.8488771182768,100.01854801554693,100.5553970336914,159132200
2008-05-14,100.9777652504423,101.78661065390096,100.54112744483746,100.76302337646484,181910800
2008-05-15,100.95623744465718,102.0943656064226,100.80592584362635,102.02278137207031,166927000
2008-05-16,102.25901756168648,102.26617161772518,101.36426905681459,102.11585998535156,204236800
2008-05-19,102.22326197188679,103.28980650287993,101.8582083834283,102.39505767822266,165664400
2008-05-20,101.83675786951753,101.88685813525099,100.9276898038403,101.56475067138672,178552100
2008-05-21,101.50742641148885,101.72932229265685,99.49603352448479,99.8467788696289,252724800
2008-05-22,99.80382639625975,100.33352146655758,99.49603813964609,99.86109161376953,170820400
2008-05-23,99.53181606690492,99.9684537311818,98.43664487854556,98.52253723144531,181376400
2008-05-27,98.63709800976989,99.49605456981243,98.44382923403711,99.252685546875,168322900
2008-05-28,99.61772756377016,100.21184193735134,98.78024419538917,99.71078491210938,181288100
2008-05-29,99.58912659975302,100.87755616850752,99.5533344623483,100.21186828613281,173927200
2008-05-30,100.5482718280029,100.74154058820935,100.16889928677594,100.4623794555664,117362000
2008-06-02,100.09017537237239,100.11164846857108,98.78026189312256,99.42447662353516,181069900
2008-06-03,99.71077928876865,99.9398292350085,98.22907046673352,98.84465789794922,271965700
2008-06-04,98.56550241193084,99.61057357000212,98.39371767301019,98.79456329345703,246637700
2008-06-05,99.19541666340643,100.84891043803857,99.0093128742953,100.77017211914062,237867100
2008-06-06,99.88974007450885,100.06868980200807,97.50612839355232,97.55622863769531,384276300
2008-06-09,97.96423034715448,98.42234117098869,96.92632420652332,97.79243469238281,228263900
2008-06-10,97.11242583798932,98.13602384320757,96.88337589222247,97.30569458007812,260234900
2008-06-11,97.32717052339308,97.53474738414691,95.86693475272105,95.87409973144531,283890100
2008-06-12,96.3465426551731,97.25559945405048,95.57347848158494,96.23916625976562,252791800
2008-06-13,96.75455182085344,97.72088486273017,96.21770255808329,97.4560317993164,244726900
2008-06-16,97.02654475812545,98.01433983010293,96.96212547734477,97.5132827758789,185832500
2008-06-17,98.11456911111372,98.15035032148707,96.89770213610895,97.0408706665039,191707700
2008-06-18,96.41093096632365,97.0050452122607,95.70945128169625,96.09597778320312,265893000
2008-06-19,96.02439790533141,96.8046268434092,95.55913308690575,96.21766662597656,304204900
2008-06-20,95.56232042396454,95.74216520539032,94.39692975291878,94.6559066772461,289275700
2008-06-23,95.02281843480228,95.12353110761904,94.46890422273906,94.56241607666016,165096400
2008-06-24,94.27463069056267,95.27456717333757,93.65596424228697,94.3753433227539,267300600
2008-06-25,94.75665436320939,95.9652064725052,94.41135532867608,94.82139587402344,287853900
2008-06-26,93.92936582708039,94.54083168084067,92.13810731624882,92.24600982666016,297775000
2008-06-27,92.28195838484478,92.69919961766246,91.3899297572288,91.74242401123047,303423400
2008-06-30,92.00140749655701,92.73517737040771,91.57697639355597,92.06615447998047,258842600
2008-07-01,91.01583845392321,92.41863094785046,90.59140743271988,92.35388946533203,388622000
2008-07-02,92.64884547823429,92.9150232555173,90.60581111543718,90.77127075195312,288064600
2008-07-03,91.44028979131197,91.44028979131197,89.91520392414968,90.86478424072266,239352500
2008-07-07,91.21007158659567,91.60572677615181,89.14545171058607,89.936767578125,372427300
2008-07-08,89.91520268295987,91.64171382246735,89.3468924689155,91.53380584716797,375973700
2008-07-09,91.72087995732576,91.89352948872043,89.4836094267433,89.7713623046875,336729400
2008-07-10,89.512352244298,90.49070837535706,88.90088103449298,90.13821411132812,436475700
2008-07-11,89.18142104279138,90.56982281849332,88.11673764180907,89.08789825439453,481124600
2008-07-14,90.10946617608356,90.28211569723041,88.05204063028349,88.28224182128906,322720800
2008-07-15,87.62039010207118,88.836137236626,86.33989049611098,87.03768920898438,502502500
2008-07-16,87.3685968819745,89.61306183945776,87.11681527338521,89.17424011230469,371642900
2008-07-17,90.02313080467425,90.82883764700216,89.26778029696504,90.06629180908203,375490600
2008-07-18,90.76406630726274,90.94391109529572,90.03030198699621,90.62738800048828,267030100
2008-07-21,91.00865574730766,91.21727635470604,90.05907551029647,90.67774200439453,222863000
2008-07-22,90.0302892814783,91.9366448632791,89.81447337092479,91.7064437866211,296904200
2008-07-23,92.00142500113824,92.90783903410207,91.75683865560389,92.20285034179688,311698400
2008-07-24,92.32510708786916,92.37546889159256,90.037486917169,90.28926849365234,248634500
2008-07-25,90.56264279949059,90.99426920155202,90.0446889216459,90.2677001953125,219131000
2008-07-28,90.28929487797195,90.6849501885136,88.78578933031434,88.94405364990234,205201300
2008-07-29,89.18862439568434,90.91512986745168,88.9440326445135,90.84319305419922,261505600
2008-07-30,91.44029010913628,92.51216906362377,90.84320405879939,92.46180725097656,354710000
2008-07-31,91.64887633497958,92.49055385019903,91.09495148804899,91.23883056640625,277402100
2008-08-01,91.44748508122483,91.56258289823725,90.2533129852082,90.75688171386719,248690900
2008-08-04,90.67051881591723,90.7424556095026,89.74971468580324,89.91516876220703,188239600
2008-08-05,90.65618046398359,92.48340461499613,89.900835462938,92.33953094482422,251577600
2008-08-06,92.09494589891828,93.0157505731561,91.7064803978938,92.74957275390625,209555400
2008-08-07,92.05177053644515,92.39707500022531,91.03025329242239,91.36836242675781,246312500
2008-08-08,91.05903009414182,93.46894408317935,90.9151509458519,93.06609344482422,260811700
2008-08-11,93.13800298608135,94.60553136318808,92.96534806889413,94.03003692626953,249425800
2008-08-12,93.72071411316585,94.02285203678113,92.60567424327438,93.05169677734375,213200800
2008-08-13,92.64883100368644,93.26749747907408,91.84312991084826,92.4905776977539,256393200
2008-08-14,91.96542739804312,93.72071427072966,91.90068590934271,93.18836975097656,239555300
2008-08-15,93.46893896461253,93.87899039846224,93.01573750970965,93.64159393310547,181000800
2008-08-18,93.8286202973718,93.86459145140503,91.83594789082056,92.36109161376953,172275100
2008-08-19,91.66329138868801,91.85752683570131,91.02304437439335,91.35395812988281,194673700
2008-08-20,91.64174327881483,92.04459399509784,90.88639269735482,91.77842712402344,225498200
2008-08-21,91.18124990373711,92.39700165874925,91.07334200143252,91.93659973144531,180609800
2008-08-22,92.56253605710249,93.26752471923828,91.93667955947174,93.26752471923828,167715300
2008-08-25,92.65604124691632,93.26750696820855,91.18131172192052,91.37554168701172,171936900
2008-08-26,91.37552850866518,91.98700511862438,91.05900544496507,91.6417007446289,159117200
2008-08-27,91.75679887174716,92.67760316604706,91.57695411150338,92.53372955322266,171032800
2008-08-28,93.0013528186766,93.76389310228231,92.87905965780178,93.65599060058594,167537100
2008-08-29,93.32506005870164,93.62000816361801,92.44741656110274,92.64884185791016,189195800
2008-09-02,93.54087558186967,94.03005914104428,91.73523227079134,92.0733413696289,252364900
2008-09-03,91.99422454833984,92.44024169812619,91.31081639652669,91.99422454833984,251947000
2008-09-04,91.33957836051589,91.52661849021428,89.17424542088987,89.22460174560547,340042500
2008-09-05,88.69225340202311,89.88641990122504,87.76425366774471,89.5051498413086,289503400
2008-09-08,92.1093029559694,92.25318756967101,89.50515390542219,91.35395812988281,364075300
2008-09-09,91.43308821514398,91.62012832956952,88.33976118526436,88.64189910888672,377326800
2008-09-10,89.12388004903933,89.85045450768929,88.15991464850116,89.0015869140625,298916600
2008-09-11,87.85057388863544,90.45472260601565,87.4764936992087,90.28926849365234,375369400
2008-09-12,89.41161826093,90.79282464985019,89.08070457327784,90.70649719238281,297851200
2008-09-15,87.49808813170819,90.38999552350701,86.24636988891416,86.39024353027344,483607000
2008-09-16,84.31121584529227,87.99443826795327,84.16734224195854,87.83617401123047,581744300
2008-09-17,86.06652843570753,87.65635583471294,83.44798854458946,83.88681030273438,624095600
2008-09-18,84.92269601913199,87.61317203341764,81.86533516567171,86.37583923339844,776114700
2008-09-19,91.67288894698186,92.61349698380143,89.23455275462975,89.80615234375,501087800
2008-09-22,90.04494293587565,90.26200808925894,87.08565409791395,87.77301788330078,249966500
2008-09-23,87.4401849881831,88.28672911412549,85.58067938973556,85.77603912353516,327470400
2008-09-24,86.35488935516314,86.82519359115464,85.2261636049412,86.0510025024414,311818400
2008-09-25,86.39102717011556,88.20712147478051,85.69642661793728,87.3967514038086,328253000
2008-09-26,85.97865336896011,87.91051269342505,85.74711972917628,87.4402084350586,285917400
2008-09-29,86.20293032960733,86.34763675132781,80.2915841271681,80.5882339477539,459562300
2008-09-30,82.12941306273287,84.509871516463,79.97325129703934,83.92379760742188,328154400
2008-10-01,83.40282645021951,84.43026204149457,82.44774959875862,83.97442626953125,332783000
2008-10-02,83.17128157586667,83.28705112773939,80.3566992082649,80.92829895019531,365337800
2008-10-03,81.65907855433822,83.53305262192174,79.3582111671432,79.83574676513672,461798000
2008-10-06,77.52768880812536,77.86775514372229,72.81741897545521,75.76947784423828,610637500
2008-10-07,77.30335770393476,77.65789786879174,72.10108552222691,72.37602996826172,540012100
2008-10-08,70.55993531538054,73.93164951027896,70.0462202702731,70.55270385742188,725414800
2008-10-09,72.10828462606806,72.802885114531,65.29974361195906,65.62533569335938,534485200
2008-10-10,62.77462074834995,67.96966206961137,60.473752742104416,64.03358459472656,871026300
2008-10-13,67.91898641585271,73.33108520507812,65.08269353444868,73.33108520507812,455584000
2008-10-14,75.75495604648748,76.35549811012416,70.26326688001937,72.24577331542969,546268300
2008-10-15,70.51650065577024,70.76250814814922,64.9090423629732,65.13333892822266,484627500
2008-10-16,66.05227982878975,68.57020785259489,62.615448565340984,67.84666442871094,708811200
2008-10-17,66.55872855671461,71.33411193659369,66.31272655117644,67.44145202636719,476649000
2008-10-20,68.98984995945852,71.70313723253788,68.07818389004866,71.4933090209961,321294200
2008-10-21,70.16197421266372,71.37028984625908,68.89577380711039,69.35884094238281,356502000
2008-10-22,67.4342473091493,69.35887553519464,63.33175727388227,65.58197784423828,516168000
2008-10-23,65.32869824018847,66.89154825226512,62.08722316595559,66.34165954589844,634666400
2008-10-24,60.82105316824465,65.06101770595122,60.77764233304148,62.97721481323242,545812600
2008-10-27,62.20299603686154,64.76433906108387,60.56055024462462,60.74143600463867,397288600
2008-10-28,63.19425044065427,68.18669883486288,61.1610961367725,67.83940124511719,639939500
2008-10-29,67.84664554980753,70.30669361052342,66.63832969299303,67.34740447998047,531270100
2008-10-30,69.30097000353864,69.85086440651203,67.21716747886651,69.67721557617188,414582100
2008-10-31,68.79448369766043,71.3196477334224,68.36035891377698,70.06068420410156,411394000
2008-11-03,70.02451979108403,70.68294684472198,69.42397752637635,70.26329040527344,205419400
2008-11-04,71.67419031556157,72.97657033252018,69.97386483578549,72.6509780883789,346793400
2008-11-05,71.77547116494686,72.86802275892087,68.73659244392526,69.59761047363281,387844100
2008-11-06,68.34592074859928,69.0549958323969,65.16232813271847,65.74116516113281,477721900
2008-11-07,66.31273622245263,68.01306165991109,65.48066042789313,67.9117660522461,380391000
2008-11-10,68.88853975356011,69.12007333102048,65.78453910810363,67.02179718017578,301773000
2008-11-11,65.66878059516854,66.66726819679526,64.14210404299232,64.95246887207031,418498200
2008-11-12,63.838192955545736,64.3591392103336,61.58797407872773,62.094451904296875,454330600
2008-11-13,62.31877287855586,66.37061915293465,59.39565773270097,65.9654312133789,753141900
2008-11-14,64.69199930454577,66.6093843429838,62.60095440567065,62.67331314086914,540352300
2008-11-17,62.499642112682636,64.07696606743228,61.61692429303676,61.84122085571289,415254900
2008-11-18,61.60971428988988,63.1074487290316,59.98897881221802,63.00615310668945,523811800
2008-11-19,62.15957301508413,62.85417353472083,58.5490899796282,58.968746185302734,558327600
2008-11-20,57.97750978090664,59.69954598584338,54.301914827592974,54.59132766723633,814180400
2008-11-21,56.04565468503674,58.53464501844078,53.78819795100542,57.53615188598633,718536500
2008-11-24,59.2726496201643,62.94101292830187,58.14392414695145,61.52286911010742,523305300
2008-11-25,63.16532052375481,63.31726392600814,60.64738788022293,61.97871017456055,454112400
2008-11-26,60.99469641316904,64.53282236138594,60.95128006569497,64.37364196777344,370134200
2008-11-28,64.12763330343549,65.21294812839385,64.01910623709698,65.18400573730469,118308100
2008-12-01,63.317251534086516,63.346193917450826,59.22923234714678,59.410118103027344,369927100
2008-12-02,60.394147405638336,61.85570213471612,59.35948048389552,61.6965217590332,469508400
2008-12-03,60.34350254529762,63.548799065683106,60.155379772127915,63.17979049682617,519863500
2008-12-04,62.26813924889194,63.70799449720325,60.58951888922548,61.7182502746582,444173800
2008-12-05,60.524397982313,63.9756970849189,59.50419928242864,63.62116241455078,471905300
2008-12-08,65.36488138686272,66.84090998192487,63.72967794583342,65.84242248535156,412859300
2008-12-09,65.38660281410964,66.66003490745821,64.38087817938028,64.75711822509766,370790000
2008-12-10,65.35039152078546,66.10287676482143,64.39531515723868,65.19844818115234,396187400
2008-12-11,64.78604763846262,65.84241986620017,63.2159604895771,63.628379821777344,365061000
2008-12-12,61.89910046231901,64.44596917142208,61.64585601823838,64.3880844116211,415060400
2008-12-15,64.40977596220038,64.50384005669278,62.43450726056703,63.49087905883789,256694200
2008-12-16,66.47915649414062,66.5804521146428,63.802048489102184,66.47915649414062,377699500
2008-12-17,65.7266572425552,66.87709372411706,65.16229446753083,65.83518981933594,281819800
2008-12-18,66.13184775500511,66.32720198471566,63.82374324437837,64.60517120361328,374673300
2008-12-19,64.9910677461961,66.09978494415103,64.25435485749024,64.32730102539062,301451300
2008-12-22,64.61172230481696,64.67736712613149,62.35782216790122,63.50300598144531,243759500
2008-12-23,63.8458512512128,64.13761908255846,62.58396331078,62.846553802490234,221625200
2008-12-24,63.05804507694622,63.3644041920327,62.72980992543161,63.21122741699219,62061600
2008-12-26,63.63429971848742,63.67806849669249,63.09453301735013,63.575950622558594,74767700
2008-12-29,63.634315204132484,63.69996560491298,62.43807218887659,63.393611907958984,127795900
2008-12-30,63.83122439911792,64.95452621164496,63.37168855103575,64.89617156982422,168256300
2008-12-31,64.97642760841654,66.35502444269088,64.82325080072013,65.82254791259766,193987200
2009-01-02,65.96846669588781,68.15671741177961,65.53810782795756,67.80659484863281,227566300
2009-01-05,67.56588390160847,68.31718796607004,67.02611696612963,67.72635650634766,240349700
2009-01-06,68.30261131681625,68.89343733959296,67.60237162481896,68.1786117553711,328260900
2009-01-07,67.10634082046748,67.29599073316238,65.79338844797681,66.13621520996094,280899200
2009-01-08,65.76422027152319,66.44257254189564,65.4068020386284,66.4061050415039,263834400
2009-01-09,66.49363211195012,66.61033589553207,62.26301283069978,64.98373413085938,330953600
2009-01-12,64.80135669654446,64.85242119198654,63.028880012119714,63.422760009765625,277858500
2009-01-13,63.262328593262815,64.10115355514176,62.87573297138579,63.53950500488281,356432300
2009-01-14,62.394317556686545,62.5474944262559,60.65830746989162,61.54090118408203,435491600
2009-01-15,61.35852745299219,62.182766221796435,59.60792646981703,61.56276321411133,532647300
2009-01-16,62.62772895301809,62.7225511367337,60.5780694584078,62.044193267822266,399237200
2009-01-20,61.43877980521978,62.04419152269669,58.38981734409807,58.76911163330078,419855200
2009-01-21,59.76838776225067,61.44604231630698,58.696144653241824,61.307456970214844,364360700
2009-01-22,60.11854019983576,61.30019759376825,59.20676906516824,60.359249114990234,427940300
2009-01-23,59.00981211864406,61.26370704950998,58.76910327214155,60.621822357177734,386800600
2009-01-26,60.971947250865405,62.26301809501347,60.403003040905304,61.03759765625,317978800
2009-01-27,61.36581738708346,62.10982544558057,60.76040583027581,61.65758514404297,273789700
2009-01-28,63.021607621323064,64.15220023240961,62.78089876086295,63.74372863769531,330007000
2009-01-29,62.81009945317202,63.8166929280055,61.61385599669971,61.672210693359375,294392500
2009-01-30,61.985846057164686,62.292199797057904,59.965358276183174,60.417598724365234,383383600
2009-02-02,59.49853594302013,60.672897589969665,59.30888599198853,60.23524856567383,288233300
2009-02-03,60.61452221063401,61.53358874341827,59.97263756512211,61.08134841918945,278385800
2009-02-04,61.48983031971659,62.270305969717384,60.57076371527385,60.78229522705078,322989300
2009-02-05,60.32276759244729,62.211960012609524,56.697570743503114,61.6867790222168,417679400
2009-02-06,61.898328441262095,63.70727952507123,61.767033155742865,63.44469451904297,366101700
2009-02-09,63.43007053083133,63.999014621282655,62.963244325076026,63.532188415527344,240075200
2009-02-10,62.92677623442227,63.481134484395625,60.14040466417271,60.621822357177734,536212800
2009-02-11,60.86982298191837,61.307477465377715,60.10393876588038,60.9792366027832,324442500
2009-02-12,59.93617524903393,61.13971404445802,59.119232020146505,61.02301025390625,469302200
2009-02-13,60.942778970621355,61.44607280405493,60.35194754831672,60.366539001464844,293998400
2009-02-17,58.47005838639313,60.51242226298812,57.747931685499346,57.78440475463867,478910100
2009-02-18,58.2001790573936,58.309592712799834,57.098757905654296,57.64582061767578,362964800
2009-02-19,58.23661595929409,58.462738878962796,56.90907803175026,57.025787353515625,316867500
2009-02-20,55.96813428261205,57.14248980730946,55.267889498000386,56.47142791748047,477176600
2009-02-23,57.09144716749936,57.09144716749936,54.40719327698976,54.45096206665039,379641400
2009-02-24,54.91780706187951,56.85805340447016,54.487448134437564,56.51523208618164,426260900
2009-02-25,56.26719913834386,57.200851546710346,55.16577845425184,56.07025909423828,461985800
2009-02-26,56.763219338391664,58.11263940487889,55.09285407543932,55.158504486083984,363353900
2009-02-27,53.98413210753408,55.209552399353115,53.838245426955716,53.925777435302734,470510900
2009-03-02,52.89728553284188,53.91846981150816,51.32904440900456,51.49680709838867,426452600
2009-03-03,52.23353191196181,52.29917674574345,50.79658007910111,51.1102294921875,443761000
2009-03-04,51.95637836245932,53.15262186641926,51.110251922335735,52.32108688354492,462753100
2009-03-05,51.132126160596364,52.32107932927761,49.7243512498641,50.18388748168945,485549400
2009-03-06,50.621538300987716,51.3874227724629,48.94387706154912,50.27141571044922,490470000
2009-03-09,49.56386697082341,51.05917356553158,49.403399957081554,49.68057632446289,379905300
2009-03-10,50.70176024415772,52.78789261054716,50.59964234356592,52.642005920410156,406227900
2009-03-11,53.24741940769262,53.794481935853845,52.394003199362984,52.98482894897461,356648300
2009-03-12,52.970250238638236,55.253322828684425,52.49612820367422,55.07096862792969,409702700
2009-03-13,55.44297077250602,56.1505059365276,54.50931818843941,55.501319885253906,337474700
2009-03-16,56.135895120262575,56.87260736903018,55.29706500315171,55.33353805541992,360644900
2009-03-17,55.48671795402714,57.15708255799828,55.0344776796965,57.025787353515625,356814300
2009-03-18,56.755929783251446,59.00983100031729,56.21616281096447,58.30229568481445,473273200
2009-03-19,59.031688141037876,59.082747082583026,57.39779644658576,57.58015060424805,428520400
2009-03-20,57.86005900613523,57.97025576721901,56.221814690284674,56.35404968261719,371078200
2009-03-23,57.84535640995966,60.453321832319205,57.529462054052786,60.40189743041992,419933300
2009-03-24,59.68194424812292,60.504740201310206,59.14566205390853,59.21177673339844,330271000
2009-03-25,59.674589034422105,60.75450113363892,58.08042186876004,59.836204528808594,441775100
2009-03-26,60.423913726979855,61.195285080323075,59.74070086125334,61.055702209472656,422025200
2009-03-27,60.27702733386589,60.62965030172562,59.73339138408386,59.95378494262695,322332300
2009-03-30,58.62408858588183,58.67551299883202,57.27235235215593,57.882102966308594,324108500
2009-03-31,58.44776309789884,59.56441533961318,58.073101973822965,58.41837692260742,364238300
2009-04-01,57.69109596472629,59.814198406059354,57.544170671041776,59.54972839355469,377018300
2009-04-02,61.033706609114915,62.15770148814492,59.6011596103807,61.290828704833984,476230700
2009-04-03,61.33488444743922,61.91524875582385,60.73248191041863,61.90055847167969,284646300
2009-04-06,61.22469166982941,61.91525277101606,60.45332559335052,61.41569900512695,264866600
2009-04-07,60.42395874184232,60.717814981312,59.88032834197045,59.983177185058594,258947800
2009-04-08,60.28437707684542,60.93086193869366,59.90236788062377,60.62965774536133,230402800
2009-04-09,62.20174043694672,63.04657447452497,61.9519664388797,63.03922653198242,269653500
2009-04-13,62.38540943590271,63.57552409454581,62.135635399122634,63.053932189941406,224847500
2009-04-14,62.46623624235904,63.00252417375475,61.7683327418257,61.96668243408203,276598800
2009-04-15,61.592000465606596,62.75272896947938,61.423036992605205,62.62784194946289,250726100
2009-04-16,63.127429751520495,64.02368881218835,62.27524716765863,63.546173095703125,335202900
2009-04-17,63.78856203818492,64.3909644371433,63.281660476374746,63.97222137451172,262649000
2009-04-20,62.84091483096492,63.95021942088584,61.22470839173975,61.290828704833984,293690100
2009-04-21,60.8426980781808,62.53970948287461,60.791273660003455,62.488285064697266,114090900
2009-04-22,61.9225799899907,63.42858312371496,61.76095888382251,62.106239318847656,340395200
2009-04-23,62.23113620770756,62.75272811197739,61.43772643578776,62.715999603271484,324903700
2009-04-24,63.20088995473122,64.14122545560768,62.95111578942915,63.66371536254883,287703000
2009-04-27,62.9437478284534,63.920817151132084,62.84089901604932,63.06128692626953,289581600
2009-04-28,62.42216407309198,63.612273518189255,62.267890834091986,62.862945556640625,247926300
2009-04-29,63.56083738363287,64.91257336938806,63.3992218331805,64.1999740600586,311505700
2009-04-30,65.0521362426267,65.39741107132544,63.854673836545395,64.22199249267578,301419800
2009-05-01,64.23671420764764,64.80238269941889,63.707774233355465,64.56729888916016,236110300
2009-05-04,65.05215383955436,66.80793704241857,64.92726120300917,66.76385498046875,287120000
2009-05-05,66.5361099243164,66.80057984000463,65.99982214949345,66.5361099243164,243036300
2009-05-06,67.35157391475549,67.73358299224601,66.56551192419231,67.68950653076172,291941000
2009-05-07,68.32864806304984,68.43149688365645,66.32308485154016,66.74917602539062,317728000
2009-05-08,67.60869343636136,68.48291392225423,67.17525996829532,68.30660247802734,299081700
2009-05-11,67.36626820739626,67.6674723250285,66.88141028770865,67.02833557128906,247923600
2009-05-12,67.31482912749739,67.46175998389694,66.00717533215632,66.82997131347656,282431300
2009-05-13,65.92638104546737,66.12473634938866,65.01543193015164,65.14766693115234,269619100
2009-05-14,65.17703850805049,66.20553210710429,65.01541736471985,65.70597839355469,260098700
2009-05-15,65.65456412738743,66.11738379621853,64.75830536137539,65.1697006225586,271502700
2009-05-18,65.7867896246922,67.10178580259708,65.06684241668574,67.02098083496094,241447400
2009-05-19,66.98423910963885,67.56460333474746,66.71242125083953,66.9401626586914,206102200
2009-05-20,67.54992449446769,68.17437093294487,66.41858753250114,66.49205017089844,285722200
2009-05-21,65.72065426489321,65.97043386931217,64.83909171893472,65.53699493408203,258988400
2009-05-22,65.72068806070901,66.11739309184097,65.14767155068759,65.39744567871094,166811900
2009-05-26,64.91258177580823,67.26341996220786,64.8831955978732,67.07241821289062,236318500
2009-05-27,67.17528151334707,67.40301743538328,65.77212063989963,65.87496948242188,246015800
2009-05-28,66.45532599591283,67.10180515734626,65.45621827061697,66.79325866699219,289095000
2009-05-29,67.16059518725201,68.83556869535477,66.61696471291954,67.97604370117188,258641500
2009-06-01,68.81348957511818,69.91544576579203,68.6371781539653,69.62158966064453,276246800
2009-06-02,69.34979706583024,70.06239650144497,69.22491000727773,69.68038177490234,230874500
2009-06-03,69.08532108392778,69.15143577809008,68.14498584579658,68.79881286621094,235310500
2009-06-04,69.05591741755363,69.54812314334724,68.54167346595415,69.44527435302734,210102300
2009-06-05,70.15052391314488,70.28275886963343,68.90899051566534,69.45996856689453,284257900
2009-06-08,68.93837255984475,69.86401727514172,68.35066598881644,69.1734619140625,238565100
2009-06-09,69.56283427964634,69.89341894888096,69.07062284111399,69.5261001586914,225125500
2009-06-10,70.14318702223055,70.15052936133341,68.46086656924065,69.34977722167969,296100400
2009-06-11,69.48203660081776,70.60603141075872,69.46734070777066,69.6583480834961,275414200
2009-06-12,69.34978099352135,69.8934111731673,69.05592487309352,69.84933471679688,184361800
2009-06-15,69.02653958758573,69.07061604452255,67.88050686851344,68.2478256225586,224190500
2009-06-16,68.49023498449976,68.53431142704638,67.27808237092995,67.32215881347656,227319000
2009-06-17,67.29279388074968,67.82908172189268,66.72712547186455,67.25606536865234,223445200
2009-06-18,67.35891116656815,68.07885274577254,67.03566888742549,67.7482681274414,211725100
2009-06-19,68.3969470186898,68.48559790992387,67.6138284482811,67.99800109863281,215655600
2009-06-22,67.33307583413908,67.37001745470627,65.93676825149794,65.95893096923828,251913600
2009-06-23,66.09929186936236,66.40219169122386,65.64124177495096,66.01063537597656,188309800
2009-06-24,66.60905045264262,67.28873326056791,66.19532582636324,66.57949829101562,211577700
2009-06-25,66.24706185405468,68.09403027177562,66.17318424464591,68.02754211425781,279411000
2009-06-26,67.79847434914356,68.14570510943057,67.42908088271008,67.85018920898438,167579000
2009-06-29,68.04969864292624,68.57423694946154,67.67291554176718,68.48558044433594,168481300
2009-06-30,68.50035739827582,68.75154236757037,67.42911246202065,67.93148803710938,228888200
2009-07-01,68.2196259421987,68.87715191504877,68.12358560915347,68.21224212646484,173041100
2009-07-02,67.32570900734247,68.23442019556606,66.31357364707517,66.35050964355469,212309900
2009-07-06,65.70772130636514,66.43911889958333,65.50086183648507,66.34307861328125,174499600
2009-07-07,66.27660199035607,66.35786903689903,65.01327649841451,65.05760192871094,197088900
2009-07-08,65.4491645798791,65.60431487389592,64.27449547160755,65.0132827758789,248050500
2009-07-09,65.46396910161019,65.67821818007485,64.94682004083482,65.13890075683594,163777600
2009-07-10,64.79162502258552,65.37526749541884,64.5330506704437,64.98371124267578,173520300
2009-07-13,65.2422979753049,66.61644266344499,64.71037027196046,66.56472778320312,217413500
2009-07-14,66.77160473430406,67.00063266644592,66.29139742234685,66.9415283203125,181487400
2009-07-15,67.82807727336414,69.08401938123127,66.99324944347985,68.89932250976562,220877900
2009-07-16,68.70720037521774,69.82277047565853,68.57421847161223,68.78846740722656,231174500
2009-07-17,69.49033070841078,69.6824169820713,69.10616379758943,69.54204559326172,138561700
2009-07-20,69.94839355576663,70.39905433549411,69.58638929609234,70.28084564208984,164179400
2009-07-21,70.82752676839138,70.84968948126085,69.75628200887753,70.60588836669922,217718300
2009-07-22,70.15525323513171,71.01963317003444,70.10353834081704,70.59114074707031,196068100
2009-07-23,70.6354622456698,72.46026798626139,70.5763579021809,72.14997863769531,258795500
2009-07-24,71.81011525955276,72.50457704742286,71.43333783704801,72.44547271728516,154003100
2009-07-27,72.3124677032643,72.69664008999348,71.9135220569674,72.65969848632812,159259400
2009-07-28,72.1499749500803,72.67451328960894,71.70669803307008,72.31989288330078,186685200
2009-07-29,71.98742586151586,72.46763302757935,71.64758442924833,72.14257049560547,194399300
2009-07-30,73.0143497249779,73.75313702005245,72.84442616705087,72.8961410522461,225575400
2009-07-31,72.88134686342464,73.48715204600954,72.68187119458068,72.99954986572266,207358000
2009-08-03,73.76792412863851,74.27029980902131,73.36897823805505,74.20381164550781,175776900
2009-08-04,73.87135090209078,74.4993190678026,73.71620622372672,74.39588928222656,176714600
2009-08-05,74.44758357230448,74.51407735120212,73.56843063820594,74.18162536621094,184726400
2009-08-06,74.5214919011935,74.63230550918131,73.45024671980373,73.79747772216797,193203800
2009-08-07,74.57319340416868,75.37846887226209,74.16685812618583,74.76527404785156,220640900
2009-08-10,74.42545631048978,74.78007681503516,74.07822525967498,74.61015319824219,130898700
2009-08-11,74.27768385738688,74.32939874852394,73.47979213427182,73.67926788330078,157301000
2009-08-12,73.55363422486376,75.03120827123867,73.51669825560299,74.46973419189453,219052400
2009-08-13,74.80965099638665,75.06822558799135,74.07086322808559,75.0386734008789,176449500
2009-08-14,75.00167570816092,75.0607800382164,73.65708320014411,74.46236419677734,199616100
2009-08-17,73.02911084949186,73.10298843941698,72.48240992024742,72.63016510009766,237667500
2009-08-18,72.79269428408836,73.46499327113804,72.65971237656744,73.20641326904297,173461500
2009-08-19,72.63018188567263,74.10037275650294,72.55630427867365,73.84918212890625,192812800
2009-08-20,73.94524327503318,74.78007681503516,73.7827147484725,74.61015319824219,174131300
2009-08-21,75.22334549035749,76.19115534340183,75.07559024011461,76.07295227050781,224605000
2009-08-24,76.38325355627187,76.79697283049059,75.79222119038594,76.0655746459961,191279000
2009-08-25,76.36845491800041,77.02597524749137,76.05077611324069,76.21331024169922,215310600
2009-08-26,75.97688669332628,76.56791881489515,75.7183122538274,76.22068786621094,194620700
2009-08-27,76.17636835079641,76.62702911030848,75.31198845592918,76.39061737060547,196230100
2009-08-28,77.0038053392454,77.09245621085599,75.85129327980805,76.3758316040039,147024400
2009-08-31,75.62967119964728,75.78481588348801,75.20117313770574,75.69615936279297,176051600
2009-09-01,75.31935934094572,76.27239558827469,73.87133697929458,74.02648162841797,321276800
2009-09-02,73.7162058842549,74.2038082738684,73.56106120660532,73.74575805664062,171805000
2009-09-03,74.17421286455993,74.4475604359147,73.57579158645115,74.3589096069336,143572300
2009-09-04,74.50672536973848,75.4228203790869,74.28509248045356,75.4006576538086,142687900
2009-09-08,76.09504562220698,76.13198721934057,75.64438519235964,76.05072021484375,132909100
2009-09-09,76.18373876715548,76.89297380905036,75.94732708652384,76.6343994140625,154612500
2009-09-10,76.68610568280324,77.46921823012467,76.25760779836386,77.4175033569336,162902400
2009-09-11,77.56527458118488,77.79430246971863,77.04073629125206,77.40274047851562,152360100
2009-09-14,76.7452224133302,77.9125076958081,76.20591084274847,77.77952575683594,149593800
2009-09-15,77.905108039656,78.39271029751512,77.39534870412032,78.10458374023438,196795900
2009-09-16,78.38533775978512,79.30143250786087,78.11199004397636,79.28665924072266,206406300
2009-09-17,79.17582558643485,79.83334576606343,78.73255437853346,79.16844177246094,229170900
2009-09-18,79.53814037683931,79.54556502736882,78.95171757868498,79.21894836425781,153799100
2009-09-21,78.60283434476995,79.42679500773116,78.4321070223036,79.01852416992188,151892000
2009-09-22,79.48614626611025,79.70141573561664,79.12983681163674,79.47872161865234,143126700
2009-09-23,79.66432888505258,80.19136579088892,78.67705993622522,78.81809997558594,225947400
2009-09-24,78.98883035999161,79.1595576683356,77.60813993968993,77.94960021972656,228636800
2009-09-25,77.77883689855645,78.20937582148093,77.26664384668607,77.53387451171875,204059000
2009-09-28,77.83082859269143,79.09275293045374,77.81598495586186,78.9220199584961,118285800
2009-09-29,79.06303361292768,79.44160569092656,78.52114760420365,78.68445587158203,133733900
2009-09-30,78.95169065989886,79.02592014983836,77.66007941224109,78.38011169433594,254383000
2009-10-01,76.45754812883119,78.4840467992644,76.4204305488665,76.4352798461914,281840600
2009-10-02,75.73008699216511,76.53177916339327,75.70781870907783,76.07897186279297,224748800
2009-10-05,76.38334200224924,77.43741590091521,76.16064778102154,77.2147216796875,149875000
2009-10-06,77.77143657923085,78.76613006874842,77.7269000089093,78.32074737548828,202491100
2009-10-07,78.1425988186228,78.61768016492275,77.99413979145642,78.53602600097656,159200300
2009-10-08,79.09276200503717,79.5529884230897,78.5731440428062,79.13729858398438,183305800
2009-10-09,79.15953434308067,79.61976623535156,78.95168950894123,79.61976623535156,135008300
2009-10-12,79.99093494026985,80.23589173492816,79.63462539559254,79.93154907226562,118031000
2009-10-13,79.71626541408152,79.95380318063347,79.24861452899873,79.76822662353516,157692700
2009-10-14,80.70352919163997,81.22314125485033,79.73852888756733,81.14148712158203,191421600
2009-10-15,80.74807050933727,81.43841552734375,80.71095859597601,81.43841552734375,173873600
2009-10-16,80.76293757488367,81.11181682130606,80.33982315871135,80.82974243164062,192069400
2009-10-19,80.9633261769457,81.75016883141821,80.71094482111342,81.49778747558594,159530400
2009-10-20,81.6165811155745,81.64627404924845,80.67385454065581,81.06727600097656,180921100
2009-10-21,80.94107952233898,81.88380603019343,80.28042736929861,80.33981323242188,225379300
2009-10-22,80.31014310226396,81.41617821605561,79.79794979826383,81.1563720703125,238444000
2009-10-23,81.42358349811053,81.47554471489879,79.89442860069586,80.22846984863281,240033200
2009-10-26,80.31754024617959,81.14150070098295,79.1372759350734,79.35997009277344,242028200
2009-10-27,79.44904602532353,79.71627675864293,78.80324313925823,78.9962387084961,253266300
2009-10-28,78.79582293410401,79.04078539735349,77.45966919215067,77.50421142578125,248821400
2009-10-29,78.08321781341164,79.32286823405299,77.89764119966236,79.16698455810547,198110600
2009-10-30,78.90716875411441,79.14470656404715,76.7841721001256,76.87324523925781,325608100
2009-11-02,77.29636079434165,78.24651771160819,76.51694249855623,77.4374008178711,254222900
2009-11-03,77.00687144225705,77.79372014979926,76.85841241392397,77.682373046875,228362600
2009-11-04,78.32075335234387,78.9294444010314,77.68236936672665,77.8827896118164,247996700
2009-11-05,78.43207392304322,79.33768270803958,78.26876565683752,79.31541442871094,180015300
2009-11-06,78.87744411263681,79.72367257431284,78.72156051846973,79.52324676513672,170954100
2009-11-09,80.13196489783586,81.3790397407119,80.07258469644006,81.33450317382812,159495700
2009-11-10,81.14149749433733,81.60172942583382,80.88911607804238,81.3493423461914,171899800
2009-11-11,81.88380359598938,82.26238138296148,81.37161611598324,81.7650375366211,169466200
2009-11-12,81.65367740599184,82.07679168965267,80.72579470819647,80.93363952636719,157144500
2009-11-13,81.14147854635392,81.72047640226891,80.72578893971672,81.37159729003906,150963000
2009-11-16,81.93575674499786,82.90818172315095,81.89122018503633,82.55187225341797,210922200
2009-11-17,82.33658639226759,82.68547114480745,82.02481920787504,82.64835357666016,147134100
2009-11-18,82.58900130262626,82.71519201561293,82.07680813852458,82.59642028808594,156486800
2009-11-19,82.0322660667373,82.62610767447319,81.00787980728614,81.52007293701172,208734600
2009-11-20,81.0969449723559,81.47552268565262,80.91879308630007,81.23056030273438,134196000
2009-11-23,82.18815301128603,82.94530293223153,82.0990742180317,82.26238250732422,148010200
2009-11-24,82.39601260159608,82.5444716202235,81.66113083169782,82.38858795166016,138420100
2009-11-25,82.52217120170413,82.76713358407086,82.26236518859379,82.67805480957031,109564800
2009-11-27,80.4660061395076,81.89123291326658,80.38435199132213,81.33450317382812,126001800
2009-11-30,81.26769354040177,81.80214930159457,80.25815655256963,81.6091537475586,160874800
2009-12-01,82.33664849903184,82.8859594725607,82.19561409305014,82.61872863769531,159613700
2009-12-02,82.6038494000002,83.14573552526188,82.33661866197362,82.58158111572266,132315100
2009-12-03,82.80427852103584,83.27192949918332,81.86897090139267,81.93577575683594,167324900
2009-12-04,83.0195447590577,83.42039089321807,81.68339664187147,82.40343475341797,274907800
2009-12-07,82.3291961879919,82.78942247915705,82.01742323127142,82.27722930908203,127973800
2009-12-08,81.68340404243794,82.22528459010897,81.1118248932328,81.36421203613281,169863700
2009-12-09,81.34193761527058,81.78732032777009,80.92624217536905,81.66854858398438,155063400
2009-12-10,82.17329785328087,82.4850707757609,81.9877212947474,82.1287612915039,138014600
2009-12-11,82.4776611328125,82.66323772510785,82.1065079482218,82.4776611328125,124854000
2009-12-14,83.04181671142578,83.13831450195305,82.49250591299858,83.04181671142578,107141500
2009-12-15,82.73743873248765,83.07889886510179,82.3959785998735,82.6557846069336,120408800
2009-12-16,82.98987115153633,83.23482799884385,82.59644393895901,82.78202056884766,155358200
2009-12-17,82.18813848424101,82.34402209737247,81.71306299755089,81.78729248046875,183390100
2009-12-18,82.24255826663635,82.31719309443282,81.55596112407727,82.2500228881836,174591200
2009-12-21,82.66048417659937,83.3620048048566,82.66048417659937,83.08587646484375,118039600
2009-12-22,83.26499587287691,83.56351810548921,83.16051394553831,83.38440704345703,91707500
2009-12-23,83.5858708652531,83.66796458678833,83.21271965603323,83.54855346679688,111783100
2009-12-24,83.72770147825086,84.03368262351685,83.58590214365766,83.94412994384766,39677500
2009-12-28,84.2575952425292,84.32475976785084,83.82473821099293,84.12326049804688,87508500
2009-12-29,84.33965426702964,84.35457781300647,83.99635577119555,84.00381469726562,80572500
2009-12-30,83.75754575609805,84.07099149075633,83.71276372697749,83.97396850585938,73138400
2009-12-31,84.16054694255264,84.18294080477153,83.13065134013917,83.16796875,90637900
2010-01-04,83.8620261315511,84.62325228661169,83.22020543300488,84.57847595214844,118944600
2010-01-05,84.52623982731122,84.83968557413895,84.22025300742887,84.8023681640625,111579900
2010-01-06,84.72025362659234,85.07101669741921,84.65308913754174,84.86205291748047,116074400
2010-01-07,84.7053632992123,85.32479595682022,84.46654664365528,85.2203140258789,131091100
2010-01-08,84.99642014981153,85.5412236652143,84.8247737050373,85.50390625,126402800
2010-01-11,85.8845493287325,85.92186106187337,85.25765185726267,85.62334442138672,106375700
2010-01-12,85.05612773281226,85.23523880360055,84.49640065449034,84.82477569580078,163333500
2010-01-13,85.04117928880476,85.780022964942,84.60832810661252,85.54120635986328,161822000
2010-01-14,85.44418514566136,85.92928298615783,85.39194419015172,85.7725601196289,115718800
2010-01-15,85.62331793778698,85.70540600284272,84.48146993512745,84.80984497070312,212283100
2010-01-19,84.79490362621345,85.9218164548361,84.77250976534697,85.86957550048828,139172700
2010-01-20,85.28748709357322,85.41435720903283,84.31729682414,84.99642944335938,216490200
2010-01-21,85.01880778399868,85.28001260733325,83.25753284117398,83.36201477050781,344859600
2010-01-22,82.98885626345728,83.39186039646722,81.41415714318863,81.50371551513672,345942400
2010-01-25,82.25000581322796,82.39926974399602,81.65296717166602,81.921630859375,186937500
2010-01-26,81.60071152794524,82.4440369857457,81.37682419723488,81.57832336425781,211168800
2010-01-27,81.47386054289906,82.1529987008524,80.84696903756134,81.96642303466797,271863600
2010-01-28,82.23510508167075,82.27988142640515,80.53353565570345,81.02609252929688,316104000
2010-01-29,81.37684737541109,81.94403902366616,80.01857668442182,80.14544677734375,310677600
2010-02-01,80.71263692324504,81.39923403034138,80.22753903681306,81.39176940917969,187865000
2010-02-02,81.54103668845353,82.53361497760442,81.25743801112081,82.37689208984375,216327900
2010-02-03,82.00373475160237,82.451520905515,81.72760640970539,81.96642303466797,172730700
2010-02-04,81.33204853768748,81.36936024619418,79.42151027568853,79.43643951416016,356715700
2010-02-05,79.52601214921975,79.76482878023876,78.04833602411388,79.60064697265625,493585800
2010-02-08,79.66033412934812,80.1006556031368,78.96627251670643,79.0259780883789,224166900
2010-02-09,79.95139212492494,80.71262393345111,79.30957146041727,80.01856231689453,337820500
2010-02-10,79.8917378738547,80.302201104706,79.19021123668773,79.86188507080078,240511500
2010-02-11,79.75737083643403,80.78726650280836,79.2946611170752,80.69770812988281,223591600
2010-02-12,79.84694154661064,80.67533817826865,79.48871936168982,80.63056182861328,304622100
2010-02-16,81.2425322465635,81.9813705059827,80.46637656548268,81.89927673339844,159317500
2010-02-17,82.29480481444592,82.39929244168408,81.89926525316969,82.28734588623047,168845100
2010-02-18,82.15301299269727,82.9440921329123,82.12316019765389,82.77244567871094,193708600
2010-02-19,82.55599406946475,83.26497924825526,82.36195380293299,82.9440689086914,222684900
2010-02-22,83.25006484803964,83.27245301705356,82.71272601635542,82.9590072631836,132346900
2010-02-23,82.73509696620349,82.98883708733521,81.73504863896143,81.95147705078125,207497000
2010-02-24,82.19776002460107,82.83958065454864,81.98879622765749,82.70524597167969,176350700
2010-02-25,81.52610207863066,82.65302070463426,81.30221469392738,82.59331512451172,259634700
2010-02-26,82.66794938873923,82.92915989454447,82.17539255672045,82.64556121826172,173589300
2010-03-01,82.98884881023858,83.58589318193008,82.96646064272164,83.50379943847656,147709700
2010-03-02,83.86204425515828,84.1381726358058,83.5859101806725,83.73516845703125,160992400
2010-03-03,83.95156991489065,84.30979763419236,83.6008068151551,83.80977630615234,150785000
2010-03-04,83.92173825938079,84.18294876543304,83.60829248472353,84.06353759765625,135770400
2010-03-05,84.60831627612771,85.33222491660561,84.40681141305254,85.26506042480469,176118800
2010-03-08,85.27253985258113,85.46657443625973,85.13074053126147,85.27999877929688,114631200
2010-03-09,85.02627440963828,85.81735352004924,84.98149806567939,85.42181396484375,154556700
2010-03-10,85.45912301412629,86.0337735827464,85.38449388355504,85.80242156982422,186088800
2010-03-11,85.60090234597764,86.18302313234314,85.33969758571945,86.16062927246094,160791100
2010-03-12,86.53380045695451,86.54872970030925,85.92929705936271,86.1681137084961,162074800
2010-03-15,86.01884430316208,86.25019630067045,85.52628182530093,86.19049072265625,146816800
2010-03-16,86.42931191851042,86.95918614031667,86.19049528764229,86.8770980834961,168673000
2010-03-17,87.13828867073781,87.6756274260053,86.8845428390452,87.39202880859375,177468100
2010-03-18,87.39950047724656,87.51890593591568,86.99649637829368,87.34725952148438,196509100
2010-03-19,86.90514373779297,87.89431992133225,86.56792107597927,86.90514373779297,226641100
2010-03-22,86.41054300113012,87.52711733522938,86.35808691087134,87.36974334716797,184477800
2010-03-23,87.49715730858355,88.05918939817595,87.21239072412699,87.9842529296875,182941600
2010-03-24,87.65449802442373,87.99921024482515,86.61286600354346,87.55707550048828,196072600
2010-03-25,88.14909627227749,88.55375999582914,87.30979881657197,87.41471099853516,223396300
2010-03-26,87.57957099743832,87.99172434739226,87.01753902426803,87.36225128173828,205808500
2010-03-29,87.80440913649026,88.07418502942079,87.44471175744074,87.91681671142578,134513500
2010-03-30,88.0217063369913,88.29897752171267,87.60955295770228,87.97674560546875,145772500
2010-03-31,87.63954611422501,88.06669032836082,87.38476094525728,87.67701721191406,161078700
2010-04-01,88.2764892578125,88.61370614863122,87.75192266207975,88.2764892578125,161215200
2010-04-05,88.61369683153357,89.05582585155518,88.36640142171598,88.99588012695312,105847600
2010-04-06,88.74110381973014,89.3630872667752,88.6436869987521,89.20571899414062,110384200
2010-04-07,89.02584074357367,89.44548933101046,88.28395463999092,88.69611358642578,184576300
2010-04-08,88.38889934297049,89.15326608566326,88.12661887921722,89.00338745117188,158704000
2010-04-09,89.19074698001161,89.62538651975785,89.02588902930546,89.58792114257812,133006500
2010-04-12,89.70031754363073,89.96260375439091,89.59540534624104,89.73029327392578,110279000
2010-04-13,89.64034598263818,89.9550824841587,89.1757308728096,89.79771423339844,125043600
2010-04-14,90.12743386434899,90.81686401367188,89.98505633602016,90.81686401367188,161609000
2010-04-15,90.66700009996977,91.10163954953345,90.63702437407382,90.89181518554688,144615300
2010-04-16,90.569582477017,90.89181438093959,88.98839868303457,89.44551849365234,366786700
2010-04-19,89.18322519871465,89.87264963708692,88.77856153690024,89.78272247314453,217947800
2010-04-20,90.34476412988701,90.65950637899627,89.82769860397119,90.58456420898438,157708000
2010-04-21,90.63703754982949,90.84686766160382,89.91763717560389,90.41972351074219,192910100
2010-04-22,89.78273934227488,90.80189118930512,89.2656737749872,90.68948364257812,115360300
2010-04-23,90.62952549123965,91.31894996470713,90.39721506855041,91.28147888183594,177335500
2010-04-26,91.3114708632032,91.51380559907923,90.84686136966744,90.93678283691406,143457300
2010-04-27,90.4122163395131,90.9292818963118,88.61371278022071,88.78607177734375,355853300
2010-04-28,89.2132052874171,89.68531005733676,88.62868726910311,89.46049499511719,300674100
2010-04-29,90.00004515937995,90.75691642521431,89.9775647969674,90.56957244873047,193775000
2010-04-30,90.58452490518036,90.68194739701113,89.01083721158237,89.03331756591797,270000900
2010-05-03,89.46052031599896,90.43471157163924,89.32563238394548,90.18741607666016,182747900
2010-05-04,89.1832013834092,89.19818638142257,87.6170032373647,88.0666275024414,360353400
2010-05-05,87.34726726193136,88.27649764530726,86.90513815341464,87.54210662841797,328973200
2010-05-06,87.12244940562235,87.6769860068774,78.68447462155663,84.634521484375,647356600
2010-05-07,84.40973215929294,85.25652518147503,81.9892503081337,83.37559509277344,637558800
2010-05-10,86.78523731086395,87.41471615707519,86.11080344909647,87.04752349853516,396159600
2010-05-11,86.2306666204274,87.94673776000344,86.11076947439268,86.8001937866211,317849800
2010-05-12,87.14494032908483,88.14161183387763,86.99506169079713,88.01421356201172,235607100
2010-05-13,87.77442382670357,88.18658298407571,86.84519902869361,86.92013549804688,234452500
2010-05-14,86.2681782906056,86.42554658480232,84.58208207341606,85.34644317626953,345601400
2010-05-17,85.57871663627525,85.8185166707662,83.75773315904318,85.39137268066406,325739800
2010-05-18,86.08829196777874,86.34308271904659,83.95257202859185,84.22984313964844,360556800
2010-05-19,83.75774904261449,84.50712500716867,82.70113190558125,83.75025939941406,394742700
2010-05-20,81.96673187349181,82.34891517395816,80.53542691258336,80.58788299560547,530418300
2010-05-21,79.36638891038784,81.96671797621413,78.9542299584632,81.76438903808594,500909400
2010-05-24,81.32225590986138,81.97421488690163,80.64032693328024,80.71526336669922,269823000
2010-05-25,78.76692841960927,80.83520821639414,78.21988130869907,80.79773712158203,396505200
2010-05-26,81.29234049045735,82.03422139879007,80.07085350820947,80.31065368652344,349719300
2010-05-27,81.8243423880346,83.0308378385411,81.51709557716664,83.00086212158203,300870500
2010-05-28,82.91094092840187,82.97089236662792,81.569557513834,81.95923614501953,297933500
2010-06-01,81.1948943246839,82.39389486788139,80.46050899328787,80.58040618896484,277909400
2010-06-02,80.99253906791193,82.68612428522438,80.56539508410711,82.67863464355469,240243700
2010-06-03,82.91845632233158,83.22569751222929,82.11662422349117,82.96341705322266,226618300
2010-06-04,81.38973901313035,81.92929072211521,79.77857924804664,80.04835510253906,398475600
2010-06-07,80.33310618334852,80.64035309250372,78.99172815334899,79.05167388916016,264609100
2010-06-08,79.11160585327119,80.05582099643587,78.42218146435644,79.89845275878906,357774300
2010-06-09,80.36307459109037,81.14242625851112,79.13409850096508,79.47132110595703,268023300
2010-06-10,80.82767705689416,81.89178935776019,79.46381328214484,81.79437255859375,317890600
2010-06-11,81.07502784202501,82.24405309983455,81.02257172705374,82.19159698486328,214128200
2010-06-14,82.82102881326155,83.27065896433628,81.98173139479644,82.06416320800781,207196100
2010-06-15,82.64118706915595,84.00505120508855,82.49880379496608,83.93011474609375,238268700
2010-06-16,83.49544474607043,84.24482049654806,83.33058116620002,83.90010833740234,216374000
2010-06-17,84.1399540137047,84.17742510847837,83.21822454205036,84.03504180908203,263185800
2010-06-18,84.20142976339679,84.42730871423167,83.85507744319415,84.12613677978516,174006600
2010-06-21,85.17272954942077,85.23296049300362,83.41837478467892,83.88520050048828,213140700
2010-06-22,83.88520925408594,84.25414895416012,82.37932636212413,82.49979400634766,239355400
2010-06-23,82.55248499426712,82.84613164641007,81.67907605941498,82.24378204345703,254639900
2010-06-24,81.83719728994603,81.94260861954194,80.67013589793709,80.8809585571289,268523600
2010-06-25,81.12192440374646,81.63392490908102,80.39157015038072,81.21981048583984,238726500
2010-06-28,81.34021561861178,81.55856919877593,80.67009858563527,80.9637451171875,169218600
2010-06-29,79.82682629819871,80.94871286160436,77.96706629429241,78.46400451660156,373649500
2010-06-30,78.245638631577,78.96846140653678,77.46257918924937,77.71858215332031,284101700
2010-07-01,77.66587710486357,77.92187432642532,76.14493283675426,77.37223052978516,382924800
2010-07-02,77.63579441528671,77.8692044296962,76.51391324812458,76.95061492919922,233385200
2010-07-06,78.03485580530698,78.58450562228094,76.70967717035327,77.45509338378906,256935300
2010-07-07,77.65083236599983,79.9924802132227,77.56800836539817,79.89459991455078,253769400
2010-07-08,80.56468446232137,80.7755070165633,79.74398155552468,80.6851577758789,210842100
2010-07-09,80.66258643448198,81.29506001194476,80.51200049648314,81.28752899169922,144999900
2010-07-12,81.01649071661286,81.49837273655137,80.67766939601093,81.34025573730469,131283600
2010-07-13,82.18353377690687,82.89129460423739,82.01788579248309,82.56753540039062,213025900
2010-07-14,82.30402500554312,82.88379311743087,81.96520366341757,82.56002807617188,184426800
2010-07-15,82.52989779244974,82.86871908556662,81.44566046329756,82.58260345458984,232337900
2010-07-16,82.13833411838704,82.22868910990569,80.15057026085023,80.3086929321289,282693400
2010-07-19,80.60236150794682,81.0390630584561,79.97741890419387,80.78306579589844,186709000
2010-07-20,79.71390728404397,81.73931572341596,79.67625791662795,81.67908477783203,258162400
2010-07-21,82.10071927754906,82.12330659722113,80.28612800407694,80.61742401123047,264527000
2010-07-22,81.57365016485623,82.77836072939012,81.56612488858003,82.41694641113281,274781300
2010-07-23,82.25130227789836,83.25271554021515,82.01789232370646,83.13224792480469,222020800
2010-07-26,83.27530026553626,84.08094716517314,83.04189031861372,83.99812316894531,184445700
2010-07-27,84.45741282295371,84.54776783475198,83.65929699110144,83.99059295654297,204855600
2010-07-28,83.81743362275837,84.07343667735344,83.1699035807957,83.44849395751953,163056200
2010-07-29,83.96802297559115,84.19390769493322,82.37932189563688,83.04190826416016,220149100
2010-07-30,82.1986134264172,83.47108626420066,82.05555846289684,83.02684783935547,220070600
2010-08-02,84.32189670137855,85.03719440107817,83.98307540564309,84.90166473388672,188263200
2010-08-03,84.69083010543467,84.90917800190171,84.21647346511209,84.49506378173828,146657300
2010-08-04,84.72848030866838,85.16518762453614,84.44989571486235,85.05977630615234,158171700
2010-08-05,84.51764259480547,85.0145865023816,84.38964398024251,84.96940612792969,140473800
2010-08-06,84.13364919838358,84.7585917813708,83.51623763595244,84.62306213378906,239728300
2010-08-09,85.02210819520451,85.21787449095399,84.57034468111591,85.07481384277344,120800400
2010-08-10,84.35201885552918,85.0673165875547,83.85508054969368,84.61554718017578,242916300
2010-08-11,83.31294777734006,83.34306611570804,82.16094862107124,82.29647827148438,273406900
2010-08-12,81.05412822442722,82.08565407971166,81.01647886343007,81.79200744628906,239542600
2010-08-13,81.53600724043206,82.04047649052298,81.4531832448069,81.55106353759766,158698500
2010-08-16,80.99387365053862,81.77693308149183,80.70022708199176,81.5134048461914,147895300
2010-08-17,82.21365202710795,83.11717917547774,81.98023634726545,82.51482391357422,172270300
2010-08-18,82.47719283173612,83.10966078279615,82.00284186844111,82.6654281616211,182922100
2010-08-19,82.23626229363813,82.43955394818356,80.88849647098718,81.2273178100586,265847600
2010-08-20,80.98633242815552,81.2724536857077,80.37645205408306,80.9637451171875,209714200
2010-08-23,81.34776430887902,81.74682220796166,80.61741045833826,80.65505981445312,163490300
2010-08-24,79.77413499429294,80.10543103175962,79.03625567655475,79.45790100097656,280677800
2010-08-25,79.02117043820445,80.06775816447737,78.52423227235182,79.76658630371094,272234800
2010-08-26,80.14308354076165,80.2484948760012,78.96849106389854,79.23202514648438,224439500
2010-08-27,79.72893573611354,80.54211353457768,78.53928737293283,80.45928955078125,272649000
2010-08-30,80.24851348080546,80.49698557625597,79.28474919546942,79.29227447509766,167238600
2010-08-31,78.9986277239246,79.79674969011522,78.67486262077375,79.29227447509766,273933100
2010-09-01,80.36143142750414,81.77695907308282,80.30872576369235,81.66401672363281,256828100
2010-09-02,81.85978586037844,82.43954818200196,81.68660681940757,82.42449188232422,156112200
2010-09-03,83.23013166806535,83.56895295395485,82.78589331565797,83.49365997314453,212197300
2010-09-07,83.10211691406217,83.20752821565627,82.48470539994595,82.5524673461914,141973700
2010-09-08,82.71812793076812,83.46353817554797,82.680478569679,83.13224792480469,149924400
2010-09-09,84.06589262701742,84.0884799456457,83.29036405018834,83.51624298095703,147017900
2010-09-10,83.66684501192388,84.0357846655493,83.47860967412711,83.93790435791016,127819000
2010-09-13,84.76610208262186,85.0446865857617,84.42727517424389,84.87151336669922,178503500
2010-09-14,84.70589006181469,85.30071433469817,84.38965611759384,84.81883239746094,209823600
2010-09-15,84.57034887776092,85.24046603488402,84.3143516467184,85.14258575439453,168608400
2010-09-16,84.87906940641926,85.17271603355205,84.59294805573595,85.12001037597656,199962900
2010-09-17,85.5681544208892,85.65142184071158,84.91715774331828,85.15181732177734,195836900
2010-09-20,85.44702949054806,86.64304708744929,85.174519005805,86.45380401611328,214555200
2010-09-21,86.52193977731001,86.93069975399854,85.92393094255674,86.27970886230469,268389100
2010-09-22,86.1434499838976,86.62791179350607,85.6135659091606,85.85579681396484,191322400
2010-09-23,85.15183722706202,86.04506503239895,84.9171775937484,85.15940856933594,202354300
2010-09-24,86.10560530262191,86.97612466512514,86.02990922223918,86.91556549072266,209671800
2010-09-27,86.94580778478252,87.04421206954804,86.4159296741401,86.49919128417969,128761800
2010-09-28,86.6127589005847,87.0820837499709,85.67411497705194,86.802001953125,209207500
2010-09-29,86.5824966205771,86.98369682333403,86.30998610844524,86.65062713623047,179665800
2010-09-30,87.08966844101845,87.64982634534947,85.98448376253432,86.39324951171875,287106700
2010-10-01,87.04423152394152,87.14264160593997,86.241842841281,86.75658416748047,174638700
2010-10-04,86.5749003381755,86.93824370860911,85.67410169960931,86.10557556152344,166153200
2010-10-05,86.90042907359658,88.0510245175126,86.80201897082877,87.83907318115234,229634100
2010-10-06,87.82390296591984,88.05856825066877,87.47569648317511,87.83147430419922,148626600
2010-10-07,88.18727082685152,88.20997907126636,87.19563898580242,87.72551727294922,164860000
2010-10-08,87.84662977928097,88.45977543874443,87.51356014933054,88.21754455566406,177760100
2010-10-11,88.35379195868555,88.54303499979814,87.99801411735558,88.3008041381836,103098300
2010-10-12,88.01313973461409,88.83067095345517,87.54382074898344,88.57330322265625,182210000
2010-10-13,89.06536025182702,89.73906511155644,88.85340316456958,89.26216888427734,194347200
2010-10-14,89.17889480870129,89.33029271685804,88.35379786639577,88.91395568847656,217764300
2010-10-15,89.53466443204056,89.58765225120791,88.38406931216134,89.09561920166016,243705000
2010-10-18,89.12590989562996,89.82989430964285,88.80041160151131,89.53467559814453,141204800
2010-10-19,88.70958044577281,89.20917913114089,87.82391851789852,88.36137390136719,280604700
2010-10-20,88.52031990974035,89.65577806856108,88.46733209333827,89.22430419921875,200051800
2010-10-21,89.62550540843702,90.14781227464287,88.72470668484074,89.4211196899414,221585500
2010-10-22,89.5573821611118,89.7239169747793,89.32272261925658,89.58766174316406,108212400
2010-10-25,90.1856620644636,90.65498687954451,89.7844677464418,89.85259246826172,151145700
2010-10-26,89.39841199259916,89.95856978052164,89.2243116278851,89.86773681640625,158982900
2010-10-27,89.23948245217744,89.70880745438596,88.76259188357633,89.61039733886719,190024000
2010-10-28,90.12514051455412,90.16299144818622,89.19406760971717,89.62554168701172,168576000
2010-10-29,89.5346781806857,89.86774782387647,89.37571469877376,89.69364166259766,144305500
2010-11-01,90.13267312225001,90.64741441213432,89.20916618081881,89.72390747070312,174074800
2010-11-02,90.39761966057254,90.64742187517962,90.15538878510984,90.43547058105469,158345900
2010-11-03,90.59443291379735,90.85180068907665,89.66335456888322,90.79881286621094,226702800
2010-11-04,91.80558143881875,92.59283316794055,90.81394977027801,92.54741668701172,215039400
2010-11-05,92.60793872002957,93.04698380451255,92.48682622013884,92.89559173583984,180654100
2010-11-08,92.60798010973815,92.87292501118428,92.30519583706797,92.72152709960938,156107100
2010-11-09,92.97130195436876,93.06970623649538,91.68445184861037,92.05536651611328,186621600
2010-11-10,92.03266187093553,92.47170703953286,91.33624898123941,92.42628479003906,221387400
2010-11-11,91.63149885811495,92.21436498567485,91.35141702915016,92.07810974121094,158017600
2010-11-12,91.45740786683753,91.85860232677392,90.57175151846006,90.98808288574219,239068800
2010-11-15,91.2757196970878,91.63149759580017,90.82153748021166,90.85938262939453,163940800
2010-11-16,90.29921655387832,90.45060868734159,89.01236031848181,89.44384002685547,299566200
2010-11-17,89.48167884439584,89.8601649265269,89.21673974195197,89.48925018310547,172308900
2010-11-18,90.35219907660606,91.13187949114872,90.34462773780524,90.80638122558594,197723700
2010-11-19,90.7609413635928,91.09400510692113,90.268908422594,91.05615997314453,156852900
2010-11-22,90.60200553372354,91.01833678348582,89.90558671233492,90.9804916381836,181361000
2010-11-23,89.90560678441685,90.09484987889678,89.31516925367804,89.66337585449219,222309000
2010-11-24,90.23111046314786,91.01079690962267,90.21597355580212,90.98808288574219,140046100
2010-11-26,90.20082470706085,90.69285209641625,89.92831420898438,89.92831420898438,76007800
2010-11-29,89.7011860903772,90.44302122530965,89.12588572707685,90.20079040527344,223642300
2010-11-30,89.30758996734293,90.20838303151064,89.17890029368466,89.69364166259766,233930700
2010-12-01,90.98806011185505,91.77531192733665,90.98049454769644,91.60121154785156,221037200
2010-12-02,91.74501547605536,92.84262847741905,91.69202766048875,92.77449798583984,191213600
2010-12-03,92.45657055442685,93.13027525209857,92.43386231577882,93.02429962158203,151288900
2010-12-06,92.82747800142684,93.13783930598034,92.7290737165685,92.92588806152344,103050500
2010-12-07,93.81915209888486,93.8721399307892,92.9259245216113,92.97891235351562,206581000
2010-12-08,93.09242326855104,93.39520746191528,92.66094944024488,93.31951141357422,138019200
2010-12-09,93.8418553329265,93.87970048212813,93.22113828866559,93.68289184570312,123705100
2010-12-10,93.97052410480832,94.31873060769341,93.66016852027045,94.22789764404297,117571700
2010-12-13,94.65937267188194,94.77291387779414,94.25817256844779,94.2884521484375,133812700
2010-12-14,94.43227852020954,94.79562770411806,94.08407201388519,94.37171936035156,147249600
2010-12-15,94.19762012690117,94.56853487882019,93.7812831169231,93.94024658203125,160823100
2010-12-16,94.0007907235688,94.55338286895437,93.67529250647615,94.4852523803711,185035200
2010-12-17,94.41905333276567,94.70821339407537,94.22120391944277,94.58646392822266,141075300
2010-12-20,94.8452123861702,95.04306185626324,94.34298626130337,94.81477355957031,119085500
2010-12-21,95.11154922730334,95.47680935765409,95.02023854892526,95.41593170166016,94965500
2010-12-22,95.48440978484018,95.74313108531821,95.43114329323517,95.71269226074219,78878100
2010-12-23,95.60613767023582,95.71267062936907,95.33980527240273,95.57569885253906,70053700
2010-12-27,95.2180554254739,95.70506492514166,95.14957243596336,95.61375427246094,58126000
2010-12-28,95.80401417529414,95.84205835396564,95.49963171785974,95.75074768066406,55309100
2010-12-29,95.86489026749662,96.0322951010288,95.80401261587815,95.81922912597656,58033100
2010-12-30,95.72792324792876,95.97903341360806,95.52246261483069,95.66704559326172,76616900
2010-12-31,95.52246971112893,95.78119685987815,95.37028136876806,95.68988037109375,91218900
2011-01-03,96.42038055566174,97.09762844820571,95.6518161878848,96.67910766601562,138725200
2011-01-04,96.89218699131219,96.92262582058544,96.02470067667005,96.6258544921875,137409700
2011-01-05,96.32143577571173,97.18892176406659,96.23011932223879,97.12804412841797,133975300
2011-01-06,97.16611634710559,97.27264933107469,96.64866793685047,96.93782806396484,122519000
2011-01-07,97.06718806108192,97.22698753595883,95.99424707101925,96.74758911132812,156034600
2011-01-10,96.32147200506799,96.76282632111064,96.03230602977857,96.6258544921875,122401700
2011-01-11,96.97585761595873,97.20414004539384,96.60298644500938,96.96824645996094,110287000
2011-01-12,97.56181954839565,97.94990151892111,96.9910988154796,97.84336853027344,107929200
2011-01-13,97.88142614989994,97.92708148984974,97.44007184500889,97.6835708618164,129048400
2011-01-14,97.54660722575072,98.41409353967337,97.47812421415247,98.39126586914062,117677900
2011-01-18,98.2999371095503,98.64998072006982,98.18579876439468,98.55867004394531,114401300
2011-01-19,98.47494780151338,98.57386381324511,97.33351810116386,97.59223937988281,151958400
2011-01-20,97.3715893923094,97.70640491650825,96.73999672220498,97.46290588378906,175745700
2011-01-21,98.0716644738413,98.29233582067391,97.57703786485827,97.6835708618164,151462900
2011-01-24,97.62269278667164,98.35321305641685,97.5998651167945,98.23907470703125,113715500
2011-01-25,97.98030384739236,98.37600265751433,97.48568904315589,98.29229736328125,167552200
2011-01-26,98.53586263197208,98.96199468979138,98.33800731139331,98.6728286743164,141281500
2011-01-27,98.69562262309817,99.08371616624842,98.5206066472753,98.91630554199219,123302700
2011-01-28,99.03048614420736,99.19029148511218,97.02918056724862,97.18898010253906,295637300
2011-01-31,97.4552709699662,97.99554117910137,97.21176039988275,97.91944122314453,149249200
2011-02-01,98.51298059952308,99.66201545077324,98.45210296610817,99.48699951171875,167194300
2011-02-02,99.22827358909326,99.56309479062176,99.17501291315308,99.29676818847656,118323600
2011-02-03,99.12177994671063,99.66966729178613,98.5967318846378,99.5174789428711,145886700
2011-02-04,99.55551984606974,99.83706884642575,99.09894322977152,99.79901885986328,134634800
2011-02-07,100.01970744422186,100.75021613794067,100.01209047974528,100.42301177978516,112439100
2011-02-08,100.51432692122356,100.93285359307416,100.24038324612378,100.87959289550781,99072800
2011-02-09,100.60562030390925,100.92521923112734,100.14904377289854,100.65127563476562,146436700
2011-02-10,100.1414438323605,100.80346938799558,99.91315555452022,100.6893310546875,162708500
2011-02-11,100.29365738970287,101.41986513628189,100.27082971729585,101.2905044555664,137710300
2011-02-14,101.22959707694991,101.61767900517809,101.11545874841919,101.53397369384766,101690700
2011-02-15,101.22198768995321,101.37417599233467,100.68932282600655,101.21437072753906,119575400
2011-02-16,101.55681302399171,101.97532796963948,101.35135242130507,101.85358428955078,130183500
2011-02-17,101.55681111307007,102.29492497610646,101.46548884069232,102.157958984375,109810500
2011-02-18,102.24928503688936,102.49279565158722,102.01339138591655,102.37104034423828,130002400
2011-02-22,101.29806104218584,102.39383523510146,100.04249321934923,100.31643676757812,233116400
2011-02-23,100.25559641284538,100.49910704013972,99.0837334498623,99.70010375976562,227584000
2011-02-24,99.59354580132211,100.01967768105708,98.69561510226094,99.63158416748047,260431400
2011-02-25,100.05013028199706,100.75782284391248,99.98925262851427,100.69694519042969,141686900
2011-02-28,101.06982610182978,101.45030276396064,100.73500478135841,101.32093048095703,141585500
2011-03-01,101.64051150547027,101.73182216220694,99.6011511523092,99.63158416748047,258565500
2011-03-02,99.49461437514849,100.3088397373032,99.1902377901915,99.84465789794922,200277400
2011-03-03,100.7501895572395,101.67855330279981,100.74258420599575,101.56441497802734,176480100
2011-03-04,101.48831232033955,101.68616755964507,100.1414336789685,100.80345916748047,277202300
2011-03-07,101.10028504906597,101.32857342712533,99.48706730357708,100.01211547851562,216790400
2011-03-08,100.171893799441,101.2067907710223,99.7381564482599,100.88719177246094,174615000
2011-03-09,100.689323547351,101.05457779792782,100.14143636587413,100.74258422851562,153806000
2011-03-10,99.684858570263,99.82182455827015,98.77932250102751,98.87825012207031,301291800
2011-03-11,98.55864309636182,99.92074395810769,98.53581543357215,99.56309509277344,225621800
2011-03-14,98.91633501099636,99.28919473964761,98.20864232285598,98.96199035644531,234974100
2011-03-15,96.32906905791984,98.41408514138328,96.26058605216569,97.8281478881836,359585400
2011-03-16,97.51616300265638,97.83577361391661,95.33223069681051,96.01708984375,468670300
2011-03-17,97.4019782718899,97.69874945998824,96.71711945104362,97.28783416748047,254303700
2011-03-18,98.46713424288295,98.49771113573968,97.45067412708417,97.64173889160156,230435400
2011-03-21,98.85692292688746,99.36132508878194,98.7422770606219,99.15498352050781,153992600
2011-03-22,99.1396802257205,99.26960285869613,98.71933543570104,98.81104278564453,129538600
2011-03-23,98.53590123234984,99.35366390982276,98.06971446612634,99.09381866455078,148603100
2011-03-24,99.65935918484777,100.18669970912046,99.10145343469895,100.04148864746094,159129800
2011-03-25,100.30136006883038,100.78283533150928,100.03386474160078,100.34721374511719,155642800
2011-03-28,100.56115997699322,100.82100513317516,100.07203488114278,100.10260009765625,109762400
2011-03-29,100.01855650790861,100.80574222620815,99.6899307850903,100.77517700195312,129798800
2011-03-30,101.30251945781497,101.76871785296166,101.15730840104817,101.47065734863281,135835000
2011-03-31,101.3407646787444,101.61589843031724,101.22611881294893,101.33311462402344,132537100
2011-04-01,101.95977738928754,102.2349110455643,101.51650585074916,101.76106262207031,153850100
2011-04-04,101.97503824823512,102.15846454433529,101.55470526987447,101.8451156616211,100768900
2011-04-05,101.64642292840244,102.2807591475809,101.60056926512807,101.82984924316406,120791500
2011-04-06,102.31897863932487,102.41068596965457,101.73813444946447,102.15084075927734,120411600
2011-04-07,101.96741009573722,102.39539316794081,101.3865775922701,101.8909912109375,170731500
2011-04-08,102.34188743610646,102.40302953277268,101.11906882610734,101.53941345214844,147945400
2011-04-11,101.64645176726512,101.99036600106147,100.9891885299725,101.23375701904297,121385400
2011-04-12,100.66819181647138,100.86689494919862,100.11028603721182,100.47712707519531,161187400
2011-04-13,100.94331155359757,101.01973044254225,100.08734536276289,100.46947479248047,162059000
2011-04-14,99.88865047987213,100.69876316626966,99.56002470249719,100.54591369628906,161220400
2011-04-15,100.72929747539398,101.16491886376933,100.43123705334914,100.91271209716797,170006700
2011-04-18,99.80458882639634,100.9051237494673,98.97918763409311,99.78166198730469,210759300
2011-04-19,99.93451357013731,100.38543529231468,99.68995672746058,100.3548583984375,124258800
2011-04-20,101.55472435604312,101.94449218913807,101.48593219353745,101.72286224365234,156133800
2011-04-21,102.25019210166342,102.2884073786234,101.72286326161027,102.2425537109375,135935400
2011-04-25,102.16610141191099,102.30367404735287,101.79926048683721,102.13553619384766,65757100
2011-04-26,102.44892872381371,103.22082617168117,102.34193292250863,103.01447296142578,146600000
2011-04-27,103.21316730068574,103.83985353779744,102.79282257122127,103.68700408935547,143031000
2011-04-28,103.50355240312057,104.16081536593661,103.4882756251839,104.02325439453125,124791100
2011-04-29,104.06150362934872,104.37485260426884,103.9239309513758,104.2678451538086,115094100
2011-05-02,104.7569702938113,104.8410275754246,103.90099241815969,104.10734558105469,126278700
2011-05-03,103.90865233539527,104.08442862924159,103.20552383667774,103.73286437988281,138375000
2011-05-04,103.68700336247852,103.73285703052312,102.58646868274677,103.04502868652344,182678500
2011-05-05,102.47182771347315,103.1367291793333,101.66171520066318,102.11262512207031,226900000
2011-05-06,103.12910102878206,103.65644155199563,102.16612732146486,102.56354522705078,222787200
2011-05-09,102.55591930111711,103.25903619697327,102.39541977650119,102.96097564697266,114104500
2011-05-10,103.30488767031132,104.02329299645417,103.1749650396614,103.8398666381836,114806900
2011-05-11,103.68700633725095,103.70229478092621,102.27313433142876,102.7469711303711,193564200
2011-05-12,102.47183272855803,103.45008316869554,101.94449223189568,103.23609161376953,171550700
2011-05-13,103.28958916567814,103.43480022745858,102.07442027235622,102.4412612915039,157444900
2011-05-16,102.07444388919048,102.87691827934694,101.62353381740478,101.79167175292969,141675400
2011-05-17,101.4095033358868,101.9139169491425,100.97387021671214,101.7763442993164,192686200
2011-05-18,101.8298780338176,102.79284021983285,101.60823638310725,102.68584442138672,135217900
2011-05-19,103.02210077169465,103.19787705124332,102.36483765939829,102.93038177490234,119489500
2011-05-20,102.66289242542511,102.93037602515912,101.92156041011835,102.11262512207031,182594900
2011-05-23,100.86688980789489,101.43244561144492,100.56882929316336,100.92803192138672,168700000
2011-05-24,101.21847001292709,101.44010000534098,100.65291412015695,100.84397888183594,147199600
2011-05-25,100.43891231289088,101.60058921111047,100.40834708526218,101.18024444580078,151050100
2011-05-26,100.90510649697266,101.82986494167218,100.71404176276471,101.64643859863281,164850000
2011-05-27,101.92918283340134,102.31131219744549,101.61584561774882,102.03617858886719,120921900
2011-05-31,102.99918789108023,103.11382207551844,102.28842096256291,103.0985336303711,164731200
2011-06-01,102.8004647697706,103.11381373076554,100.69875270626665,100.78282165527344,233094300
2011-06-02,100.85159205103751,101.06558357292087,100.08733328383606,100.6758041381836,200466800
2011-06-03,99.46829130167606,100.438903371224,99.4147992426714,99.67464447021484,234690200
2011-06-06,99.42245417026544,99.62880737312662,98.49005722301689,98.61997985839844,179951200
2011-06-07,99.12439738828486,99.407181169388,98.47478418665385,98.55885314941406,161660500
2011-06-08,98.40596336909094,98.7346007321152,97.96269184551424,98.1461181640625,198696400
2011-06-09,98.41364343057607,99.30017508639884,98.17672498541361,98.8951187133789,160964400
2011-06-10,98.4747692042686,98.53589965727743,97.25959445614723,97.51943969726562,238629400
2011-06-13,97.74105912382598,98.00855437302988,97.09908451973344,97.5958480834961,207599800
2011-06-14,98.49003567008786,99.1778756418802,98.45183205637557,98.8339614868164,160570400
2011-06-15,98.00858998819761,98.81870275846136,96.81634184175508,97.07618713378906,300958000
2011-06-16,97.10673479704724,97.8022132007836,96.54118483885279,97.2901611328125,308032800
2011-06-17,98.25633944020473,98.26402155769276,97.25019885960614,97.58045959472656,233284900
2011-06-20,97.2502246572177,98.28708812307892,97.21950203885453,98.0797119140625,159479000
2011-06-21,98.58661308471561,99.61579429280533,98.11810347215551,99.42378234863281,193157300
2011-06-22,99.11658424346425,99.70029643083369,98.76327705145054,98.82472229003906,176703000
2011-06-23,97.66494582769946,98.80165311295097,96.9199386403412,98.54051971435547,334286500
2011-06-24,98.51749601304348,98.59429376246716,97.25021595275749,97.3961410522461,226129300
2011-06-27,97.45759311325067,98.6403816686844,97.26558114701606,98.26404571533203,168904700
2011-06-28,98.65575349005054,99.56205613446541,98.51751048908694,99.54669189453125,165556300
2011-06-29,99.99981993650401,100.56049154187542,99.56203879023515,100.39920806884766,244295500
2011-06-30,100.72179469530509,101.5205593036465,100.3915397447782,101.3592758178711,223322700
2011-07-01,101.4514351743952,102.9952188150244,101.21334222192479,102.85696411132812,202385700
2011-07-05,102.74946621014588,102.97988296684196,102.44992794228591,102.77250671386719,165936000
2011-07-06,102.52674120838223,103.02596776669782,102.23487919119148,102.89540100097656,143331600
2011-07-07,103.80934444259917,104.22408510195125,103.59429199412335,103.96295166015625,170464200
2011-07-08,102.78785051075799,103.96296284473628,102.44990756408802,103.22563171386719,194100500
2011-07-11,101.95835220399718,102.28860715452406,101.12118285921586,101.3592758178711,195918600
2011-07-12,101.14421105466053,101.98138029761402,100.89075388836218,100.92147064208984,214675700
2011-07-13,101.45143425824375,102.31933204958665,101.01365309269856,101.2594223022461,204062600
2011-07-14,101.51285386136581,101.98136338449382,100.36845867353463,100.56047058105469,226111800
2011-07-15,101.12117794797534,101.28246142591755,100.43761586267266,101.14421844482422,220012800
2011-07-18,100.67570354486942,100.82931075565556,99.56203661732128,100.3147201538086,196872100
2011-07-19,100.87542216467398,102.06589891632815,100.85238166208244,101.94300842285156,166554900
2011-07-20,102.20412878788251,102.26556230019321,101.70489067439081,101.88153839111328,137145400
2011-07-21,102.45758814501309,103.54822650780115,101.89691644319987,103.29476928710938,245246300
2011-07-22,103.31782585296595,103.47143311741236,102.73410184079334,103.36390686035156,126019400
2011-07-25,102.38075458975815,103.29473317284581,102.2732283870112,102.7878189086914,136653800
2011-07-26,102.71873394458281,102.88770542602964,102.17341476000779,102.4038314819336,131278200
2011-07-27,101.8354680593959,101.86619653824819,100.17648178579829,100.30706024169922,249020100
2011-07-28,100.30705205237578,101.20566661400575,99.85389492240792,100.01519012451172,207939900
2011-07-29,99.00904821102299,100.2686461787754,98.287081378382,99.33162689208984,307038400
2011-08-01,100.49137929380544,100.5835530063475,97.94914274968924,98.9092025756836,325790900
2011-08-02,98.16421832919048,98.69417335305177,96.3823471069336,96.3823471069336,346653800
2011-08-03,96.5129170382527,97.01214356362708,94.87697100486942,96.90461730957031,370830800
2011-08-04,95.56052441918762,95.7141375248497,92.21183489238479,92.36544799804688,520721800
2011-08-05,93.5175164811321,93.75560946147277,89.75408049711119,92.2271957397461,655619200
2011-08-08,89.7924936753784,92.25792702976891,86.03673359860167,86.2210693359375,702263900
2011-08-09,87.61124644293052,90.35317792273416,84.69266132202122,90.23029327392578,717828700
2011-08-10,88.52519792896466,89.30860416738906,85.98295552933125,86.24409484863281,662607400
2011-08-11,86.98911163574779,91.33625994460539,86.26714469445275,90.11506652832031,487979700
2011-08-12,90.93686183635504,91.55897868706745,90.07664618002325,90.72180938720703,313731600
2011-08-15,91.54362101577571,92.73409161410267,91.3976900556961,92.64192962646484,258810600
2011-08-16,91.75870620457795,92.69572581147425,90.86776760794149,91.85086822509766,294095200
2011-08-17,92.35777700975927,93.0874203054408,91.18266444357629,91.91230773925781,238201100
2011-08-18,89.47757900147612,91.94301202015052,87.08894959969611,87.94916534423828,512956300
2011-08-19,86.75867636089609,89.00137446790022,86.40537508593567,86.51290130615234,428281300
2011-08-22,88.45604831216427,88.50213515675973,86.33624097241024,86.58201599121094,275090600
2011-08-23,86.90463230409689,89.53135505570818,86.46684517882835,89.43151092529297,331136600
2011-08-24,89.23946843196852,90.81396277688364,89.03209226153659,90.69107818603516,246869700
2011-08-25,91.19031430217423,91.70490490169043,88.99369721139287,89.30859375,312365400
2011-08-26,88.85547233848918,91.02136739934294,87.44226101367637,90.60662078857422,314495900
2011-08-29,91.827823054671,93.2640750188008,90.67575097877035,93.21031188964844,190977200
2011-08-30,92.80321524237738,94.03209052609166,91.59738045464842,93.4560546875,241315700
2011-08-31,94.05514895456332,94.86160162624515,93.16421640140824,93.87081909179688,301828400
2011-09-01,93.92457401600906,94.77710761404866,92.764820100342,92.88771057128906,254585900
2011-09-02,90.95221417310002,92.8339346976383,90.19184853276266,90.5144271850586,255517200
2011-09-06,87.8570041235307,89.98450021660106,87.84932200333895,89.85392761230469,285130500
2011-09-07,91.21336880918939,92.42688001868812,90.9061484820764,92.38848114013672,209803200
2011-09-08,91.83547013566105,92.8876976730084,91.22102958572667,91.42840576171875,250568200
2011-09-09,90.38387033565284,91.44377424874793,88.5405543417892,89.0321044921875,380195100
2011-09-12,87.91842866822047,89.67725875466182,87.59585001299702,89.6081314086914,305793500
2011-09-13,89.89999031402377,90.76788215074784,89.26250928346417,90.42993927001953,272514700
2011-09-14,90.89079802830243,92.78020127570458,89.64656401140496,91.68189239501953,319389500
2011-09-15,92.6650148439768,93.29481412231866,91.70495461115429,93.26409149169922,326777200
2011-09-16,93.63849364142351,94.1634685261769,92.88963180243118,93.81605529785156,284528300
2011-09-19,92.27973635554602,93.36056772026485,91.65440077519786,92.88191223144531,241517000
2011-09-20,93.27562643437938,94.17889006963102,92.65029097767528,92.77381134033203,218932200
2011-09-21,92.82012934568034,93.1057734750634,89.89416772730526,90.04084777832031,316251300
2011-09-22,87.43145909093798,88.17259922940517,85.9260191049981,87.13037109375,513911300
2011-09-23,86.55129813282922,88.13394396584972,86.48181316125465,87.65528869628906,307242500
2011-09-26,88.48137617695139,89.86329523742086,87.22298337196918,89.7397689819336,260673700
2011-09-27,91.50770784216297,92.3028890481392,90.20298961679033,90.743408203125,311753900
2011-09-28,90.92867704532337,91.47681151742049,88.7592988558881,88.89054107666016,286696800
2011-09-29,90.36512303653974,90.81289105043996,87.95641372668558,89.59310150146484,298108900
2011-09-30,88.35782632304381,89.12984754348125,87.29243915925974,87.35420227050781,288392300
2011-10-03,86.84469744775615,87.97184813824315,84.77567957876528,84.86832427978516,365136800
2011-10-04,83.64854751197907,86.91420179680864,82.93828898286303,86.72891235351562,459177500
2011-10-05,86.94504379803857,88.56628740357394,86.1421409127137,88.33467864990234,284108000
2011-10-06,88.28835885063951,90.06401024717141,87.6321419049839,89.9327621459961,257800800
2011-10-07,90.45773975348824,90.51950287481998,88.82877424121028,89.3305892944336,312657900
2011-10-10,90.85147937726666,92.35691876432931,90.8437575139839,92.31832122802734,230666300
2011-10-11,91.77020679343441,92.67347062309003,91.67756208396055,92.41098022460938,209088000
2011-10-12,93.10579898151401,94.29471289102126,92.89735575188645,93.22160339355469,281544900
2011-10-13,92.67344965839649,93.31422883467083,91.96319138327728,93.03630065917969,212538800
2011-10-14,94.1171321444374,94.64982290770794,93.592157354363,94.62666320800781,211397600
2011-10-17,94.17889821027212,94.61123424208081,92.58853585449222,92.82014465332031,202311600
2011-10-18,92.75063510876092,95.34462705281935,92.02493322856158,94.63436889648438,318857900
2011-10-19,94.47997269180699,95.0203911822757,93.19069842363885,93.51494598388672,226601300
2011-10-20,93.74657338898909,94.26382639366395,92.50361827085256,93.92414093017578,262075600
2011-10-21,95.02809887148774,95.8232857571442,94.74245476047855,95.70748138427734,278999400
2011-10-24,95.86191324769479,97.12031212804985,95.77699040705524,96.8809814453125,203215600
2011-10-25,96.4177624893105,96.46408189344776,94.78879668984362,94.99724578857422,268596800
2011-10-26,96.00087781660262,96.32512545146292,94.34875218367792,95.9622802734375,289053800
2011-10-27,98.5331101795414,99.91502948712339,97.7456507751941,99.30513763427734,393220200
2011-10-28,98.81874196866846,99.47496488909896,98.66434004036482,99.2819595336914,225906500
2011-10-31,98.17025323429023,99.2973979868633,96.74973066258235,96.8886947631836,228146700
2011-11-01,94.20978232212632,95.35237672913688,93.81604970950055,94.1866226196289,416565800
2011-11-02,95.59942578720057,96.03947781593605,94.79652270335644,95.72294616699219,244717600
2011-11-03,96.71112875603139,97.6607177734375,95.4218542907387,97.46771240234375,291174800
2011-11-04,96.6802627370688,97.04310792332134,95.73839548964138,96.8732681274414,249401600
2011-11-07,96.80373465998154,97.5757558349651,95.88502757693382,97.47539520263672,196617200
2011-11-08,97.98496482237732,98.83419316237388,97.05081953843758,98.72610473632812,224426300
2011-11-09,96.41774697180864,97.12028923512419,94.85054455678846,95.0821533203125,337982000
2011-11-10,96.34055793490631,96.45636233099766,94.97407666312971,95.97770690917969,231866500
2011-11-11,97.1434766575363,98.0390186259626,97.11259508758266,97.78425598144531,189924400
2011-11-14,97.42138155374008,98.39412426894113,96.44091108533077,96.85780334472656,159258300
2011-11-15,96.63392159521928,97.85371687600504,96.28651430552809,97.33646392822266,184709400
2011-11-16,96.35600712165483,97.53719914278953,95.65347057871655,95.79243469238281,235782500
2011-11-17,95.61483021243325,95.85416080411402,93.59213831599668,94.27151489257812,331219600
2011-11-18,94.57262929455999,94.76563466046726,93.77744812943106,94.17118072509766,215580400
2011-11-21,92.79697520261726,92.91277959721582,91.60034549858199,92.38008880615234,229611600
2011-11-22,92.1793509505695,92.71976354296262,91.49996838864041,92.01722717285156,216494900
2011-11-23,91.15259360477421,92.01725995066477,89.9868392944336,89.9868392944336,224329100
2011-11-25,89.8478447573515,90.86691272830244,89.7088806754011,89.81696319580078,99557000
2011-11-28,92.2874208261657,92.78151395439575,91.73156458439324,92.41866302490234,210686000
2011-11-29,92.68116760253906,93.41458554626018,92.34147631573487,92.68116760253906,199241500
2011-11-30,95.33693989987894,96.67253977776149,92.64258632999747,96.4949722290039,324439500
2011-12-01,96.3868627654109,96.99676032856759,96.06261521742036,96.47950744628906,176954800
2011-12-02,97.36734089645405,97.66070690745555,96.33282915966461,96.39459228515625,221109700
2011-12-05,97.92320676267134,98.18569714228236,96.84238134679293,97.4445571899414,225263900
2011-12-06,97.43679178786589,98.1316120233619,97.08938461514495,97.47539520263672,178842100
2011-12-07,97.15119795082252,98.24747312898931,96.47954291024872,97.83830261230469,237802500
2011-12-08,97.19750008453646,97.41366514446129,95.4604518514969,95.69205474853516,240862800
2011-12-09,96.12437987203694,97.56034005326023,96.03945705239052,97.31329345703125,209111400
2011-12-12,96.4640706706926,96.47951439697927,95.08215756088192,95.89277648925781,215826100
2011-12-13,96.39460278724188,96.94273733307314,94.53402818697576,94.99724578857422,245159800
2011-12-14,94.61892758464366,94.98177853399312,93.7774272042843,93.98587036132812,238618800
2011-12-15,94.9818168548114,95.11305911368017,94.17891368105248,94.32559967041016,199109200
2011-12-16,94.96265638250019,95.52203216693324,94.24012265926915,94.46542358398438,220481400
2011-12-19,94.83057077208487,95.03257102994053,93.25342881929278,93.45542907714844,183903000
2011-12-20,94.92381068902837,96.44656876383965,93.51759146190108,96.28341674804688,225418100
2011-12-21,96.2834053138973,96.61748014296522,95.36664224301867,96.46986389160156,194230900
2011-12-22,96.82722852191371,97.4254583325172,96.51646625539844,97.32445526123047,119465400
2011-12-23,97.63526693001133,98.22572616864747,97.43327255231478,98.19464874267578,92187200
2011-12-27,98.02370255775286,98.52870023675355,97.93824113850297,98.2723159790039,86075700
2011-12-28,98.28787290278088,98.30340865077713,96.90496016202982,96.98265075683594,119107100
2011-12-29,97.30116432980111,98.08585281197203,97.00593775817569,97.98485565185547,123507200
2011-12-30,97.9071531123194,98.14800159838903,97.50315856933594,97.50315856933594,95599000
2012-01-03,99.25898416293009,99.74067515991628,99.0025999583692,99.0569839477539,193697900
2012-01-04,98.8239130391823,99.29783323350243,98.44322508760752,99.21237182617188,127186500
2012-01-05,98.6763363723857,99.6241711567596,98.22572260327195,99.47655487060547,173895000
2012-01-06,99.60082648560338,99.61636815578889,98.89383460483438,99.22013854980469,148050000
2012-01-09,99.44547974777825,99.58531926335756,98.98710108472383,99.46102142333984,99530200
2012-01-10,100.5253967712843,100.72739113778346,100.18355103195867,100.32340240478516,115282000
2012-01-11,100.01261718463579,100.50984406321648,99.84947109820831,100.37776947021484,111540700
2012-01-12,100.66523922013633,100.76623046702043,99.86500302593309,100.61861419677734,118983700
2012-01-13,99.94267184152626,100.26121087798803,99.22790912751846,100.09805297851562,179836200
2012-01-17,101.06143447466908,101.24789895098776,100.14466561796156,100.48651123046875,132209200
2012-01-18,100.46322908548838,101.6519122559089,100.28454132815568,101.5975341796875,163395200
2012-01-19,101.94715667241064,102.21908264969662,101.6208526125625,102.13362121582031,126328900
2012-01-20,101.96268491844664,102.51428985595703,101.71406555997967,102.51428985595703,138230200
2012-01-23,102.17244844201721,102.7473718414185,101.76068298529196,102.2501449584961,129295800
2012-01-24,101.6208526125625,102.1646927123094,101.46547142046697,102.13362121582031,103083300
2012-01-25,101.97817183614482,103.22900930201244,101.58194823695142,102.98816680908203,198613200
2012-01-26,103.44657674796203,103.64080615368844,102.0558994190826,102.45989990234375,184880500
2012-01-27,101.96267066862967,102.5919720314187,101.89273907456946,102.41328430175781,135259100
2012-01-30,101.39553280692901,102.11807248978441,101.04592218514541,102.06368255615234,147311800
2012-01-31,102.56868134497591,102.69297917127493,101.527602584103,102.02484130859375,157212000
2012-02-01,102.77844545238668,103.43883029158928,102.6541476202135,102.91829681396484,166234500
2012-02-02,103.12027678145337,103.34558953956359,102.71628813729467,103.08142852783203,113090400
2012-02-03,104.10698936273855,104.58867462445488,103.92830158094463,104.52651977539062,160598500
2012-02-06,104.09142125008121,104.50318664758137,103.97488834694808,104.45657348632812,107694500
2012-02-07,104.23909401838304,104.89947910707475,103.82732839761297,104.72077941894531,135528100
2012-02-08,104.77514795926383,105.05483887609833,104.34784074537414,105.03153228759766,139361400
2012-02-09,105.20246063351559,105.34230017177784,104.54207564551656,105.16361236572266,148602900
2012-02-10,104.23129940726298,104.47214203892155,103.98268001017972,104.38668060302734,167907500
2012-02-13,105.13254086438447,105.28792208072926,104.68192703860572,105.16361236572266,115841900
2012-02-14,104.88391599054246,105.09368714187491,104.30122756837278,105.03153228759766,165329500
2012-02-15,105.37335323671564,105.52873440839367,104.33227449134344,104.54204559326172,195195100
2012-02-16,104.54985650074892,105.79291813494837,104.36339192094668,105.69969177246094,186567800
2012-02-17,106.06484682867851,106.15030828138045,105.62977465304233,105.97938537597656,129869400
2012-02-21,106.22798010204772,106.47659951791721,105.69968162556441,106.02598571777344,134042300
2012-02-22,105.86280794068564,106.08812072602178,105.49765565120212,105.68412017822266,124455300
2012-02-23,105.62971234521294,106.22793030642784,105.27232506613669,106.1502456665039,137704300
2012-02-24,106.38335418701172,106.5931253232538,106.15028831877102,106.38335418701172,105539100
2012-02-27,105.6763262049296,106.84946741254498,105.50540339920803,106.56201171875,145728900
2012-02-28,106.59311948238117,106.99712005656986,106.3833483576337,106.87281036376953,129355900
2012-02-29,107.02816614649532,107.36224688474056,106.08032570983022,106.45325469970703,185934700
2012-03-01,106.6785635543287,107.20687373534484,106.38333104567783,107.00486755371094,145023500
2012-03-02,106.93495023895073,107.0748015874777,106.43772339218745,106.6785659790039,120638300
2012-03-05,106.51546394835367,106.59314863648268,105.87838548962435,106.24353790283203,140765000
2012-03-06,105.15585279315432,105.2179957989859,104.38669972917918,104.689697265625,202129900
2012-03-07,104.93051328667315,105.59089814044901,104.8295101819058,105.41997528076172,143692200
2012-03-08,106.06479190928486,106.68632834757958,105.84725593410494,106.46878051757812,116968900
2012-03-09,106.67076791026007,107.16021784089658,106.53869336676644,106.88053894042969,122836800
2012-03-12,106.8650601104752,107.02820623168006,106.50767265836339,106.88836669921875,104003500
2012-03-13,107.46326474808346,108.86948392486981,107.28456513696496,108.81509399414062,184090500
2012-03-14,108.84617888777653,109.11809298081407,108.36448183313144,108.69856262207031,145163600
2012-03-15,108.86170261660097,109.37447113568582,108.58201177481132,109.3278579711914,165118500
2012-03-16,109.52608075664129,109.61971565859578,109.24516414399989,109.47926330566406,152893500
2012-03-19,109.40899569002296,110.24393436536201,109.33095869676579,109.90840148925781,125291100
2012-03-20,109.28414522508713,109.7211238269115,108.96421021061792,109.58847045898438,121729700
2012-03-21,109.65091753240607,109.75235135755901,109.18271928464651,109.40901947021484,122388400
2012-03-22,108.605285601016,108.89401303795363,108.26195368447941,108.62089538574219,135216700
2012-03-23,108.71455753078207,109.09690800970874,108.11370575518178,108.97205352783203,120521000
2012-03-26,109.75237277071795,110.50148773193358,109.71336616477434,110.5014877319336,120164000
2012-03-27,110.60292403528214,110.67315020811554,110.08790828761582,110.15813446044922,119868500
2012-03-28,110.10346898683953,110.27514082619426,108.964193317192,109.61186218261719,148562100
2012-03-29,108.96421896695021,109.62749776666057,108.53503926753616,109.42460632324219,164963700
2012-03-30,109.96305611354308,110.06450185871408,109.28417928177427,109.8772201538086,135486800
2012-04-02,109.74451629322908,110.96962789107438,109.52602702467117,110.68090057373047,151741100
2012-04-03,110.5249123765532,110.71219412052494,109.5807166225183,110.22838592529297,155806700
2012-04-04,109.41684192063423,109.51047682759652,108.73015418483449,109.13592529296875,146896000
2012-04-05,108.76134516028779,109.40120336758143,108.66769837117067,109.08126831054688,137439400
2012-04-09,107.70792272061547,109.12030465852474,107.559659528145,107.85618591308594,127555900
2012-04-10,107.64550887062623,107.94983423261729,105.93660033529991,106.04584503173828,235360300
2012-04-11,107.13044778332896,107.3255283664419,106.70907896278548,106.90415954589844,154133000
2012-04-12,107.0056002464556,108.38676213731564,106.92756325415662,108.3009262084961,154321500
2012-04-13,108.05128890716702,108.32440662419484,106.91201248732338,107.01345825195312,169246700
2012-04-16,107.55965635644958,107.71571848353014,106.57645423974266,106.94320678710938,147825300
2012-04-17,107.55961778790643,108.74571096061018,107.45037314744508,108.5272216796875,147877600
2012-04-18,108.04344072103179,108.52723678085437,107.98101350254267,108.16048431396484,123884200
2012-04-19,108.17614574859425,108.58190500235888,106.95884417374009,107.46604919433594,198666700
2012-04-20,107.9420112801619,108.33217252447388,107.58305769641333,107.6454849243164,143199600
2012-04-23,106.54526050367836,106.83398801089943,106.07707400891817,106.74034118652344,171844900
2012-04-24,106.83395578141084,107.41919765339125,106.74811983058265,107.14608001708984,137484200
2012-04-25,108.19174009716245,108.65993849071405,108.09810518116403,108.61312103271484,150252200
2012-04-26,108.37900497371618,109.49487247846325,108.3165777371701,109.3700180053711,136291600
2012-04-27,109.6977245259722,109.86158556233535,109.08907400593073,109.5494613647461,130725000
2012-04-30,109.33098896699602,109.40902598185912,108.8471928138197,109.14370727539062,115092200
2012-05-01,109.08124747188332,110.54045824800346,108.95640495486929,109.82256317138672,138832200
2012-05-02,109.18275207781518,109.60413300871626,108.82381029926351,109.49488830566406,121081000
2012-05-03,109.51045311882228,109.59628906721396,108.45702492322562,108.65990447998047,143759700
2012-05-04,108.09025282512187,108.69890329189238,106.84173233048942,106.90415954589844,193927300
2012-05-07,106.52182416938652,107.3411652063614,106.48281756834996,106.98222351074219,127765900
2012-05-08,106.34233391367292,106.72469616961904,105.28109499142268,106.55302429199219,213377700
2012-05-09,105.42157642803757,106.5998591380054,104.94557921811847,105.92098236083984,220752500
2012-05-10,106.6544537784532,106.78711905677982,105.89755204824816,106.13945007324219,150600000
2012-05-11,105.47619810260991,106.80274406188789,105.42938065449545,105.81954193115234,153032400
2012-05-14,104.80510232481247,105.81952385216458,104.49297811952346,104.64904022216797,163910000
2012-05-15,104.57884335921105,105.19529300472333,103.88435668712727,104.0482177734375,207629300
2012-05-16,104.5163734000166,104.99237049127866,103.62680643187794,103.65021514892578,207265500
2012-05-17,103.67362066535352,103.7984750902699,102.05834779827785,102.11297607421875,247992900
2012-05-18,102.51094630168565,102.69042902030223,101.09076577475231,101.23902893066406,319615900
2012-05-21,101.56678226458595,103.01818263096878,101.40290929607544,102.97916412353516,177861100
2012-05-22,103.2444663209107,103.96236157993609,102.48755255619103,103.15863037109375,197531200
2012-05-23,102.41733215015331,103.36152765124322,101.43413004795153,103.21326446533203,204958400
2012-05-24,103.49419761175959,103.65805870162262,102.55000195959796,103.4161605834961,167357600
2012-05-25,103.37711134819918,103.66583874154833,102.83088803301538,103.08059692382812,135465600
2012-05-29,103.9077403078425,104.50858002151153,102.35489434578047,104.32910919189453,152883500
2012-05-30,103.43953741287727,104.32130555187223,102.60459862046687,102.81527709960938,162370400
2012-05-31,102.7762709245913,103.35370189363604,101.70722111521152,102.5889892578125,196186000
2012-06-01,100.98151404264158,102.61238482983998,100.00611114501953,100.00611114501953,253240900
2012-06-04,100.18559306796317,100.45871067233125,99.21019006204143,99.95930480957031,202545800
2012-06-05,99.76421681504726,100.86446829408496,99.70959448563953,100.71621704101562,164149400
2012-06-06,101.41851908040424,103.0259815697448,101.38729951174663,102.97916412353516,184202800
2012-06-07,104.14964434349909,104.19646178810737,102.83089742207623,103.04158782958984,184772700
2012-06-08,102.77626847864528,103.88432485713867,102.44852259288852,103.86091613769531,143915400
2012-06-11,104.69585316379096,104.75828038352148,102.44072194316529,102.54216766357422,169756100
2012-06-12,102.83870593172132,103.7907004166124,102.34711081080557,103.72047424316406,181931800
2012-06-13,103.41612393856572,104.06379294196269,102.70602771603446,103.05718231201172,172223900
2012-06-14,103.26787472680465,104.56321290852158,102.9869581561525,104.14964294433594,230615500
2012-06-15,104.61867685785573,105.30891037670183,104.39905546979543,105.21479034423828,169444500
2012-06-18,104.77558087059235,105.6775967176514,104.54026874617249,105.41875457763672,131360900
2012-06-19,105.95211265783597,106.8698190253603,105.39520778431101,106.43841552734375,137382600
2012-06-20,106.44623602749806,106.75213806144775,105.316747911848,106.26582336425781,206451800
2012-06-21,106.39135342193023,106.50116413123402,103.79510510530757,103.88138580322266,205272200
2012-06-22,104.42263060870759,104.87756424301422,104.02259636090919,104.68147277832031,130029200
2012-06-25,103.57548272249919,103.61470339727178,102.63424637030468,103.00289916992188,146375700
2012-06-26,103.30095504968294,103.8343299221978,102.69699014018632,103.52057647705078,141634000
2012-06-27,103.8657052134738,104.65791026682541,103.51274303993976,104.4539794921875,108088000
2012-06-28,103.76371626182107,104.31278173703882,102.97151134268826,104.15589904785156,169242100
2012-06-29,106.04622292288965,106.88549982965368,105.77170215381706,106.75215911865234,212250900
2012-07-02,107.0502538551711,107.18359462092582,106.29726929932406,107.07378387451172,129524500
2012-07-03,107.05022727962769,107.85812299235609,106.94041656047443,107.77969360351562,80450000
2012-07-05,107.37964617351224,108.08558239670344,106.9011826773436,107.29336547851562,126177500
2012-07-06,106.25801386488774,106.49332594982125,105.77171099956966,106.2737045288086,151192100
2012-07-09,106.18744852300571,106.33647994373536,105.65407354189291,106.14038848876953,103780500
2012-07-10,106.68155003631276,106.85411140814129,104.85397693901461,105.21479034423828,167884800
2012-07-11,105.26971994406699,105.57562207112804,104.61869501345605,105.23049926757812,141733400
2012-07-12,104.6187208149638,105.2854246058195,104.00691640995595,104.7206802368164,143583200
2012-07-13,104.99518762736514,106.58744895818658,104.97949696300829,106.4776382446289,129642600
2012-07-16,106.2345206304368,106.54042285620935,105.81095633722931,106.22666931152344,97525200
2012-07-17,106.6501679089501,107.17569130804695,105.5363704404732,106.95606994628906,138860300
2012-07-18,106.70507584971978,107.96006541941607,106.64233714285575,107.74828338623047,113349700
2012-07-19,107.96788898227919,108.38360167317043,107.6227782711072,108.0306396484375,129847300
2012-07-20,107.41888110393735,107.58360316841795,106.92473884743724,107.04238891601562,142904500
2012-07-23,105.47365802699943,106.9717994061833,104.97950379957406,105.9599609375,145210900
2012-07-24,106.03839536535351,106.08545538994281,104.3441626693179,105.05008697509766,173301200
2012-07-25,105.26971506210694,105.54423584785775,104.5167188012397,105.07362365722656,129122300
2012-07-26,106.58746929026812,107.03456354619776,106.09331500076114,106.80709075927734,156526500
2012-07-27,107.37183127747873,109.08175490358659,106.78355694175544,108.77584075927734,236768900
2012-07-30,108.65035133036176,109.29352504714713,108.45425988512065,108.77584075927734,106782000
2012-07-31,108.62684200482745,108.92489291980344,108.0150375366211,108.0150375366211,120575900
2012-08-01,108.79152966018816,108.8150596757574,107.77185176779123,107.92088317871094,138293800
2012-08-02,107.10517592612811,107.90523256915816,106.3443399754135,107.17576599121094,199556600
2012-08-03,108.68170550130866,109.52882186253639,107.20709420934145,109.30136108398438,157825000
2012-08-06,109.59157917664295,109.94454135637147,109.46607778921515,109.51313781738281,86326200
2012-08-07,109.95241025132722,110.53284534780207,109.83476014929312,110.0622329711914,109545100
2012-08-08,109.69351743456465,110.32100024533051,109.6621361129459,110.19551086425781,89754700
2012-08-09,110.03867766902009,110.50930195716543,109.92886693091589,110.28968048095703,90291700
2012-08-10,109.84256730250438,110.50928293453234,109.6621665427737,110.47006225585938,99792700
2012-08-13,110.28180516184953,110.4700452409332,109.84255038422683,110.41514587402344,79426900
2012-08-14,110.82299941165391,110.89360140471703,110.10138456714563,110.43081665039062,102379400
2012-08-15,110.31314595075337,110.7445493010465,110.2425559393779,110.5562973022461,71085900
2012-08-16,110.71320931375706,111.50542629870844,110.43868851088315,111.37208557128906,112014200
2012-08-17,111.56031594957723,111.61522728644874,111.27010450745422,111.5210952758789,90813700
2012-08-20,111.36425435419949,111.55250645725224,111.05835216703407,111.52897644042969,78255700
2012-08-21,111.80346220233012,112.23486565613086,110.94850661018694,111.19165802001953,105581100
2012-08-22,110.90930252473677,111.41914739855513,110.65047238221709,111.2387466430664,133243500
2012-08-23,110.96422227435043,110.97206162310633,110.15632651905244,110.32888793945312,111466400
2012-08-24,110.05432346830213,111.24656240198723,109.98373344440137,110.99555969238281,99481200
2012-08-27,111.29363675684803,111.44266813881818,110.86223327442644,111.01910400390625,68785900
2012-08-28,110.73674035167898,111.25442457007956,110.57203026212358,110.9093017578125,75689600
2012-08-29,111.00341100735042,111.29362241792107,110.68965762034489,110.99555969238281,65421300
2012-08-30,110.51709161581171,110.54847293743046,109.9601988259869,110.19551086425781,96589900
2012-08-31,110.82302110587226,111.23874592518239,110.0935667719925,110.72106170654297,151970400
2012-09-04,110.62691893719335,110.95636302138469,109.9131553373634,110.61907958984375,120226200
2012-09-05,110.66613580776834,110.96419855537967,110.30533434657774,110.52495574951172,100660300
2012-09-06,111.19165189663289,112.77607359948755,111.18381255007503,112.76823425292969,158272500
2012-09-07,112.95646343819664,113.25452613723874,112.85450406889292,113.20746612548828,107272100
2012-09-10,113.09768302283835,113.29377443193032,112.52509945946134,112.5643081665039,86458500
2012-09-11,112.63486989485935,113.23882260160843,112.60348857828261,112.87802124023438,88760000
2012-09-12,113.25457763671875,113.38007903743296,112.8702340852086,113.25457763671875,87640900
2012-09-13,113.23888581341065,115.33314104649973,112.9408349503477,114.98017883300781,225470200
2012-09-14,115.20762576264659,116.17239212128767,115.11349374995928,115.48999786376953,169777000
2012-09-17,115.25470247864878,115.4507939114848,114.80760826691647,115.09783172607422,119427800
2012-09-18,114.90173322670942,115.15272402169838,114.71348115411482,115.00369262695312,98326600
2012-09-19,115.13699626630647,115.43505895977819,114.8389455413014,115.06640625,128318300
2012-09-20,114.54093534199511,115.13704903367109,114.22719381342293,115.07431030273438,154009800
2012-09-21,115.63337305956489,115.65702867912438,114.97887284291224,115.02618408203125,108737500
2012-09-24,114.45843812473447,115.1129384155918,114.37169683239527,114.85271453857422,95682000
2012-09-25,115.09715587168945,115.3179496621953,113.59889854198924,113.63044738769531,133165200
2012-09-26,113.60676598805304,113.6383027942431,112.72357899409798,112.99168395996094,146502200
2012-09-27,113.4648294655985,114.31646768995705,113.16517563692862,114.05624389648438,111830300
2012-09-28,113.62255368538347,113.99317441054684,113.12577367500037,113.5279312133789,150696100
2012-10-01,113.9616358236948,114.88424100845775,113.55946625921632,113.82758331298828,135911200
2012-10-02,114.27708310311318,114.4584468983204,113.41756334282445,113.94589233398438,113422200
2012-10-03,114.25340178862538,114.67921495822708,113.65410606005574,114.4111099243164,121283100
2012-10-04,114.8448440655551,115.39682868999991,114.68713589176548,115.23123931884766,124311600
2012-10-05,115.84630958629604,116.04344781156752,114.89215528174266,115.23912048339844,124842100
2012-10-08,114.81333469164376,115.22337363505041,114.58464755746961,114.8448715209961,78415400
2012-10-09,114.75810451638513,114.8527270156304,113.66989764561418,113.7093276977539,148872900
2012-10-10,113.69350291957154,113.80391182961156,112.83398351244435,112.98381042480469,124247500
2012-10-11,113.77241856342418,113.93801997701841,113.02329566805516,113.04695129394531,123601500
2012-10-12,113.12576556455387,113.5121486524439,112.4318353999801,112.67628479003906,124181900
2012-10-15,112.94440280373789,113.73295552434669,112.58167529037922,113.61467742919922,107689100
2012-10-16,114.1509132831514,114.8448436843572,114.0720652126995,114.76598358154297,108815500
2012-10-17,114.84482746437469,115.38104961658162,114.67134488857485,115.28641510009766,128834100
2012-10-18,114.98675537109376,115.53873983005126,114.60036023364412,114.98675537109375,148108500
2012-10-19,114.77385637446487,114.78173757039802,112.80247447875905,113.0705795288086,185645200
2012-10-22,112.88127238416509,113.29132300535505,112.19523563960783,113.0863037109375,125578600
2012-10-23,111.86407781817273,112.02178593945642,111.05186956282128,111.5171127319336,192056300
2012-10-24,111.91928742887438,112.05335198652456,111.02823099225762,111.20171356201172,120179400
2012-10-25,111.99027974271918,112.19529915319791,110.84688051039554,111.5250244140625,134457400
2012-10-26,111.42251453307989,111.84832775652235,110.7049285877392,111.46194458007812,146023500
2012-10-31,111.8562209853386,111.99815471569909,110.93360360855142,111.46194458007812,103438500
2012-11-01,111.69850680880832,112.77093917012807,111.59600311992946,112.6290054321289,100995600
2012-11-02,113.29923782140308,113.33078666520224,111.50923198745002,111.62751007080078,137702200
2012-11-05,111.46194004145813,112.10854706292838,111.13073728604792,111.85621643066406,98378500
2012-11-06,112.19529940744948,113.17310928069969,112.07702129197482,112.73152160644531,107068100
2012-11-07,111.70643835626132,111.72220075542704,109.6561954223346,110.17664337158203,264304500
2012-11-08,110.16082241932685,110.72070019478471,108.76508061117018,108.85182189941406,181517300
2012-11-09,108.5206240627139,109.9557958228549,108.46543162782535,108.94644927978516,201055300
2012-11-12,109.28554142071157,109.45902401796296,108.78876128527543,109.03321075439453,97677500
2012-11-13,108.45754777238591,109.80597836649333,108.31561404266984,108.6546859741211,123018300
2012-11-14,108.98586890604831,109.15933942223151,106.94350836318789,107.18795776367188,191505000
2012-11-15,107.22741615600462,107.62958582140065,106.59657145198808,107.00662231445312,178128400
2012-11-16,107.16432944753043,107.74786289877416,106.21806841682421,107.53495025634766,239483900
2012-11-19,108.74141336603887,109.7271042487345,107.5664775345757,109.71134185791016,151495800
2012-11-20,109.53785794100261,109.94001548450375,108.88335775912954,109.75865173339844,119807400
2012-11-21,109.85328717280298,110.05831859877024,109.63249335434642,109.96368408203125,81710800
2012-11-23,110.49990918865372,111.50136259471537,110.42893029111247,111.46194458007812,65409200
2012-11-26,110.90995158997531,111.46982939787286,110.54722402347385,111.22537994384766,100124400
2012-11-27,111.11493942401292,111.49344126776548,110.58661067501171,110.65757751464844,128646200
2012-11-28,110.20811871981068,111.61174153392201,109.60882301197005,111.54866790771484,177086500
2012-11-29,111.96661863041993,112.3766574312749,111.47770770269119,112.06912231445312,151085900
2012-11-30,112.08488461245136,112.30567841436412,111.70638267093803,112.09276580810547,136568300
2012-12-03,112.60534549622552,112.69996798460083,111.45405308076083,111.5407943725586,124656300
2012-12-04,111.5329294002887,111.87200138786461,111.08344845039919,111.38310241699219,127512200
2012-12-05,111.4776997450252,112.10066316306735,110.68914698563226,111.58021545410156,147300500
2012-12-06,111.47768448870806,112.00601332131349,111.31209517001905,111.95870208740234,103220600
2012-12-07,112.3924435422863,112.51861489368044,111.71428756899579,112.29782104492188,108726400
2012-12-10,112.14010388570081,112.61322836697225,112.09278060844844,112.34512329101562,98840700
2012-12-11,112.81036956314124,113.63835246774538,112.75517712009386,113.11002349853516,152570400
2012-12-12,113.55158679822833,113.98529318205449,113.00748351964269,113.16519165039062,145880100
2012-12-13,113.09420365272159,113.41751308134351,112.18737304618939,112.47125244140625,135715000
2012-12-14,112.22684256748957,112.431861968034,111.87987740321357,112.05335998535156,137701700
2012-12-17,112.34508797122182,113.43329439104289,112.31353912963877,113.37020874023438,143238200
2012-12-18,113.55160634527165,114.73443557803489,113.38600495844588,114.63191986083984,177762800
2012-12-19,114.7580678101484,114.79749784967612,113.74084017154193,113.78025817871094,150895400
2012-12-20,113.85127012695891,114.45056599180538,113.5358417514906,114.4347915649414,168487000
2012-12-21,112.9036906814385,114.42844894385284,112.72104056668458,113.39605712890625,245883800
2012-12-24,113.1498768199269,113.21340993054348,112.91957989693091,113.04664611816406,53874600
2012-12-26,113.27692611206642,113.33252211968535,112.25248363601763,112.57013702392578,106947700
2012-12-27,112.60187001826216,112.83217896829913,111.11682201000527,112.41921997070312,167920600
2012-12-28,111.68859936583165,112.30803175736177,111.07710406527636,111.20417022705078,148806700
2012-12-31,110.91039101892943,113.21340869455372,110.81508529519415,113.09429168701172,243935200
2013-01-02,115.23849150421168,116.0643977612881,114.9367122383075,115.99292755126953,192059000
2013-01-03,115.93729000035596,116.23905700891734,115.4210882255615,115.73080444335938,144761800
2013-01-04,115.92145178351016,116.42970455989011,115.68320564383474,116.23910522460938,116817700
2013-01-07,115.8261236559384,116.03259711934896,115.4925718891775,115.92141723632812,110002500
2013-01-08,115.7149339116397,115.87376057132012,115.13519903314497,115.5878677368164,121265100
2013-01-09,115.84202704763072,116.19940229959256,115.6593769332668,115.8817367553711,90745600
2013-01-10,116.52491605074533,116.81080879333987,115.92137009090949,116.80287170410156,130735400
2013-01-11,116.77116265287329,116.85851915280377,116.42968586440874,116.79499816894531,113917300
2013-01-14,116.65201257076053,116.79496503814146,116.28670036985075,116.71554565429688,89567200
2013-01-15,116.17555345817459,116.90617806724774,116.10408326305877,116.79499816894531,93172600
2013-01-16,116.55674635443097,116.96175622460227,116.42968015754212,116.77910614013672,104849500
2013-01-17,117.29525466540566,117.86704023268209,116.85847234072295,117.53350067138672,133833500
2013-01-18,117.50970803266222,117.92266707658005,117.08086268613644,117.79560089111328,169906000
2013-01-22,117.79558186670124,118.43090057373047,117.51762614559581,118.43090057373047,111797300
2013-01-23,118.43091857860875,118.72474852673052,118.21649590737753,118.62150573730469,104596100
2013-01-24,118.44679658002221,119.23300498807144,118.33561669463431,118.65328216552734,146426400
2013-01-25,119.0265131054474,119.32034301757812,118.62149120743283,119.32034301757812,147211600
2013-01-28,119.35208422948267,119.38385682537549,118.73265190421604,119.17738342285156,113357700
2013-01-29,118.93914621890355,119.79682460600444,118.859726840994,119.64593505859375,105694400
2013-01-30,119.63003991391801,119.86828591233476,119.06619145492155,119.17738342285156,137447700
2013-01-31,119.03444210162536,119.42357767266428,118.80414528950581,118.88355255126953,108975800
2013-02-01,119.63805033587776,120.24954594583326,119.43157680679641,120.10660552978516,131173000
2013-02-04,119.37593714806306,120.13037282168305,118.66913613984083,118.7564926147461,159073600
2013-02-05,119.39976622962514,120.29714229529293,119.35210732656294,119.9556655883789,113912400
2013-02-06,119.53481516455277,120.12247523217722,119.44745865210834,120.0430679321289,138762800
2013-02-07,120.08271448387507,120.19389433962947,119.01061349662547,119.8841781616211,162490000
2013-02-08,120.09073216494438,120.62280841152756,120.09073216494438,120.55133819580078,103133700
2013-02-11,120.50362716897665,120.63068122332713,120.22567143233465,120.52745056152344,73775000
2013-02-12,120.53539103199586,120.94835004387811,120.40038776454728,120.72599029541016,65392700
2013-02-13,120.972160836118,121.194520561424,120.48773169505212,120.82920837402344,82322600
2013-02-14,120.46392679382609,121.08335928335214,120.32892351971893,120.9404067993164,80834300
2013-02-15,121.05155976475012,121.17862591837522,120.35272015520287,120.79743957519531,215226500
2013-02-19,121.0039981228541,121.72667374765139,120.8372342818725,121.70285034179688,95105400
2013-02-20,121.61538436870042,121.65509404862318,120.12238765099421,120.18592071533203,160574800
2013-02-21,119.88423638041189,120.24953660484869,119.07420439928914,119.45539093017578,183257000
2013-02-22,120.03509253029522,120.62276458740234,119.51096568768529,120.62276458740234,106356600
2013-02-25,121.21041116495336,121.39306120629088,118.3276596069336,118.3276596069336,245824800
2013-02-26,118.89945688507487,119.28064330536765,118.1132485328793,119.13770294189453,186596200
2013-02-27,119.03447164166066,120.97218865146681,118.93122884628113,120.6386489868164,150781900
2013-02-28,120.63069511476607,121.40101720967893,120.24157157989362,120.40039825439453,126866000
2013-03-01,119.98740799295459,120.98008959747177,119.44739501659102,120.79743957519531,170634800
2013-03-04,120.51950041148876,121.44071197509766,120.32891327260211,121.44071197509766,99010200
2013-03-05,122.0284059640012,122.85431198961288,122.01251966032619,122.5287094116211,121431900
2013-03-06,122.96550220211297,123.02903530444696,122.4254890088245,122.69549560546875,94469900
2013-03-07,122.8543135818633,123.0766733653983,122.71137320003338,122.9178466796875,86101400
2013-03-08,123.45789527905049,123.60877278247867,122.82257629846778,123.44200897216797,123477800
2013-03-11,123.34667074764484,123.91844429386776,123.19578118109682,123.91050720214844,83746800
2013-03-12,123.8231676459643,123.96612014033101,123.25933111439839,123.632568359375,105755800
2013-03-13,123.69608636116567,123.98197919731473,123.27519025762645,123.80726623535156,92550900
2013-03-14,124.1328757639129,124.52201140434927,123.81522242481664,124.46641540527344,126329900
2013-03-15,124.31803520408434,124.46958369514594,123.88728256584886,124.30207824707031,138601100
2013-03-18,123.11356332078735,124.15054668107858,123.00188893870029,123.61610412597656,126704300
2013-03-19,123.87935619534284,124.04686170564814,122.51532189630305,123.3289566040039,167567300
2013-03-20,124.05483357475742,124.3978291275286,123.84742959252816,124.19043731689453,113759300
2013-03-21,123.44863632168632,124.15059681920255,122.92217812014883,123.12957000732422,128605000
2013-03-22,123.52038648887803,124.11864471435547,123.42465689611721,124.11864471435547,111163600
2013-03-25,124.44567975311273,124.65308372186443,123.12154416880932,123.60014343261719,151322300
2013-03-26,124.11066769667542,124.62118092660208,123.97506395124442,124.58927917480469,86856600
2013-03-27,123.84743260086388,124.62916549324804,123.64004078519213,124.58927917480469,99950600
2013-03-28,124.5094906232695,125.1157333742901,124.23828316707288,124.9721450805664,102932800
2013-04-01,124.9083406744723,125.16360336561887,124.17447869481846,124.47760009765625,99194100
2013-04-02,124.9243249522225,125.4029365169807,124.73287789199969,125.09184265136719,101504300
2013-04-03,125.1635986928181,125.25931611262708,123.49645538264068,123.82349395751953,154167400
2013-04-04,123.98303444784689,124.5733203056217,123.71182696113765,124.32604217529297,131885000
2013-04-05,122.80243649610708,123.9191921881662,122.65886040272903,123.76763153076172,159666000
2013-04-08,123.8554512106542,124.61324278298397,123.4406552937036,124.60527038574219,86571200
2013-04-09,124.83652271228163,125.49062407301052,124.42172702429727,125.03594207763672,101922200
2013-04-10,125.37098846814617,126.72703797044913,125.3390867192566,126.5675048828125,135711100
2013-04-11,126.59143339671816,127.3970955670637,126.46380205881866,126.9822998046875,110142500
2013-04-12,126.5754587786252,126.86262316304094,125.96922826556649,126.67118835449219,116359900
2013-04-15,126.03306372728397,126.13676571260274,123.71980350219314,123.73574829101562,217259000
2013-04-16,124.66903931549618,125.6262622692624,124.36593007362598,125.56244659423828,147507800
2013-04-17,124.66903700620566,124.69297853404225,123.06570928005857,123.727783203125,226834800
2013-04-18,123.9351499318796,123.96706384813936,122.4833832034728,122.95401000976562,167583200
2013-04-19,123.24115251752852,124.07871618254829,122.93803122484178,124.02287292480469,149687600
2013-04-22,124.26218662974973,124.86841708286347,123.44057986672277,124.57328033447266,106553500
2013-04-23,125.19551575331032,125.9772365110734,124.57332810527087,125.85758972167969,166141300
2013-04-24,125.8974687234926,126.2723782039272,125.66613538198425,125.9373550415039,96781200
2013-04-25,126.30426479509217,127.04611127195354,126.11282996616839,126.4478530883789,131060600
2013-04-26,126.29631352451335,126.51168991466884,125.8177020289669,126.22452545166016,95918800
2013-04-29,126.5674666868073,127.34918710043235,126.36804734454442,127.07000732421875,88572800
2013-04-30,127.04613033961961,127.40508286931885,126.51966013787634,127.3731689453125,116010700
2013-05-01,127.09394187997435,127.15775753270458,126.11280208387855,126.25637817382812,138874200
2013-05-02,126.57548752992307,127.54068287143757,126.45584074740265,127.42900848388672,96407600
2013-05-03,128.53778997006205,129.1280758768344,127.45294776158084,128.72125244140625,144202300
2013-05-06,128.81694243286245,129.23172596473077,128.76109916611523,129.0482635498047,66882100
2013-05-07,129.32748310363812,129.74226672390836,128.96054602398885,129.702392578125,90359200
2013-05-08,129.5587712559387,130.3325193638554,129.48698320590734,130.29263305664062,97419200
2013-05-09,130.23679866991452,130.5797941257841,129.59865428539408,129.9257049560547,106738600
2013-05-10,130.01345714283806,130.4601545851998,129.6305631880202,130.34848022460938,103203000
2013-05-13,130.18101719506748,130.66760114990888,129.87790790153835,130.4522247314453,81843200
2013-05-14,130.55593272446208,131.89603784657444,130.55593272446208,131.80030822753906,119000900
2013-05-15,131.58492645290076,132.77345850567798,131.54504013124594,132.51022338867188,120718500
2013-05-16,132.23901114932235,132.70166568646937,131.6886115763096,131.88803100585938,109913600
2013-05-17,132.37458623008484,133.24405183342307,132.19909619636238,133.16429138183594,129801000
2013-05-20,133.03664902310987,133.67479344086442,132.9010453122208,133.1562957763672,85071200
2013-05-21,133.27599024921045,133.850319161218,132.81333572722684,133.3477783203125,95804200
2013-05-22,133.48334017453976,134.86333091224387,131.75238158662046,132.35861206054688,244031800
2013-05-23,130.94670963728996,132.34264492452917,130.77121965602413,131.9757080078125,211064400
2013-05-24,131.1940133005695,131.91990271301097,130.80314696196436,131.8640594482422,151573900
2013-05-28,133.24403634255773,133.83432203932463,132.2628964837895,132.6537628173828,143679800
2013-05-29,131.95187628475725,132.25499778058307,131.09038269525124,131.79234313964844,160363400
2013-05-30,131.89604867129214,132.8851615002488,131.7923466469922,132.2789306640625,107793800
2013-05-31,131.91198746065055,132.66180661723874,130.1251967946687,130.3804473876953,176850100
2013-06-03,130.6835014265176,131.18604212774179,129.75022024681,131.09829711914062,168390700
2013-06-04,131.17011513640037,131.6965853082807,129.80608099500037,130.46815490722656,157631500
2013-06-05,130.09323107154208,130.35646612841512,128.52978986123355,128.64146423339844,211737800
2013-06-06,128.58567560756674,129.81410639503002,127.82788403357515,129.80612182617188,200225500
2013-06-07,130.69949924996908,131.5769374387384,130.13314271344305,131.45729064941406,188337800
2013-06-10,131.8641019047129,131.9358899783075,131.11428290069085,131.45729064941406,105667100
2013-06-11,130.26072934391692,131.24984158696952,129.81403192168776,130.1011962890625,159505400
2013-06-12,130.99461769181343,131.13022142451206,128.90470625484332,129.02435302734375,177361500
2013-06-13,128.95253813157277,131.2179391445582,128.66537376573012,130.9866180419922,163587800
2013-06-14,130.84306996477676,131.35358319735843,129.94967485065774,130.1650390625,141197500
2013-06-17,131.05044603889058,131.79229252757403,130.1969373459514,131.17010498046875,136295600
2013-06-18,131.24189701555372,132.4065116888961,131.23392462117815,132.20709228515625,114695600
2013-06-19,132.09546213707432,132.32678336736714,130.32461626518264,130.3804473876953,206149500
2013-06-20,129.11207214995113,130.39633332739663,126.81475720605067,127.1497802734375,321255900
2013-06-21,128.01503615006982,128.11126002455816,126.27491841576008,127.5579605102539,271956800
2013-06-24,126.22682869410939,127.04475624320597,124.87963303418833,125.94615936279297,222329000
2013-06-25,127.08489379721827,128.38397792222872,126.23488319152143,127.15707397460938,162262200
2013-06-26,128.1994539210476,128.70465367341484,127.70228098125429,128.4159698486328,134848000
2013-06-27,129.18585645995586,129.7632243732071,129.06556434036165,129.16981506347656,129483700
2013-06-28,128.80895276547488,129.42640576601704,128.19148752893335,128.6405487060547,160402900
2013-07-01,129.31415339660157,130.29247058854068,129.16981753352889,129.39434814453125,131954800
2013-07-02,129.20185244515054,130.1480988184549,128.70467940595506,129.27403259277344,154863700
2013-07-03,128.68872444238258,129.72318081442546,128.48023514566333,129.3302459716797,75216400
2013-07-05,130.2844173564216,130.77357580727158,129.3461978167907,130.7254638671875,122416900
2013-07-08,131.39908451534427,131.82408972793098,130.77360468414122,131.47125244140625,108092500
2013-07-09,132.2972188626734,132.57788824853367,131.72787774644362,132.41751098632812,119298000
2013-07-10,132.28920329033855,132.9146831734512,132.01656072303317,132.4656219482422,121410100
2013-07-11,134.00525423788577,134.4062034741626,132.45758382313733,134.26988220214844,135592200
2013-07-12,134.2297648826451,134.66278460963062,134.0212757157258,134.32598876953125,104212700
2013-07-15,134.6948975358111,135.0316934512733,134.46234010913443,134.8392333984375,69450600
2013-07-16,134.92741183998515,135.00760656930936,133.9731630826148,134.33401489257812,88702100
2013-07-17,134.84723705462028,135.10383817832923,134.50241438201328,134.6788330078125,92873900
2013-07-18,134.9675494659959,135.73737749475842,134.8793401318252,135.41661071777344,103620100
2013-07-19,135.13589080490348,135.70523168618385,134.9674867956823,135.65711975097656,103831700
2013-07-22,135.84955452268827,136.11418235322574,135.52878795416098,135.92172241210938,79428600
2013-07-23,136.16237364534706,136.18642962250908,135.5609497442952,135.63311767578125,80829700
2013-07-24,136.15429672985528,136.21043547991036,134.86324007454556,135.13589477539062,112914000
2013-07-25,134.8953349542511,135.58496799165687,134.67080440588617,135.4646759033203,111088600
2013-07-26,134.89530468255785,135.6490908840541,134.33397843761207,135.60899353027344,107814600
2013-07-29,135.26421503786028,135.5689403426745,134.80713931663738,135.19204711914062,79695000
2013-07-30,135.60102313054884,135.74535896798815,134.87129265638765,135.19204711914062,85209600
2013-07-31,135.4727022278883,136.20243262543573,135.11185043617712,135.28826904296875,142388700
2013-08-01,136.31471926338625,136.9722696168495,136.24253910493374,136.85198974609375,110438400
2013-08-02,136.5472024175244,137.1005140437325,136.36276928745286,137.08447265625,91116700
2013-08-05,136.7798252421093,137.09256514988948,136.603406603259,136.88406372070312,54072700
2013-08-06,136.61946156655895,136.916172371212,135.80153379849273,136.1062469482422,87495000
2013-08-07,135.6731879475968,135.8656357264496,135.1599734773258,135.6651611328125,84854700
2013-08-08,136.3066740822953,136.46705130036042,135.46467839245673,136.16233825683594,102181300
2013-08-09,135.98589459641178,136.40288507536582,135.29626167337037,135.76937866210938,91757700
2013-08-12,135.08776463910831,135.76937070940158,135.02361132025817,135.60899353027344,68593300
2013-08-13,135.84967822968298,136.2426008094398,135.04777943213242,136.0100555419922,80806000
2013-08-14,135.94581113654777,136.16232709298225,135.28023411195022,135.31231689453125,79829200
2013-08-15,134.2457845134722,134.26181366802288,133.1872729853264,133.41983032226562,152931800
2013-08-16,133.16326929727828,133.62035733733788,132.71420807364115,132.9788360595703,130868200
2013-08-19,132.8264624525956,133.28355045505293,132.12078788150345,132.12881469726562,96437600
2013-08-20,132.34533401086352,133.2755392845,132.20099814219634,132.7783660888672,89294400
2013-08-21,132.40947991531874,133.13921050630756,131.66372016382493,131.96041870117188,159530500
2013-08-22,132.2330486515827,133.35571381588917,132.2250340720945,133.1632537841797,101471400
2013-08-23,133.55616291101822,133.78069345378285,132.9306832224601,133.61228942871094,90888900
2013-08-26,133.74866787731895,134.15764401199476,133.02696400060015,133.11517333984375,89702100
2013-08-27,131.80004509708417,133.11515821896404,130.87786666647358,130.97409057617188,158619400
2013-08-28,130.91792193207687,131.90426572542398,130.74953012852836,131.4391632080078,108113000
2013-08-29,131.15047100644423,132.34529165693021,131.03017891838377,131.64764404296875,119200500
2013-08-30,131.9203002216473,131.93634161558617,130.84575931171437,131.2306671142578,134928900
2013-09-03,132.49768849712046,132.77835787238436,131.27078474536745,131.8240966796875,142375100
2013-09-04,131.8561307118017,133.13917287759944,131.61557101221197,132.91464233398438,97389400
2013-09-05,132.9948290335517,133.4358632801876,132.8985929235253,133.08303833007812,63090500
2013-09-06,133.52411005728314,133.90100331769125,131.89625713934998,133.147216796875,159756500
2013-09-09,133.4760098277366,134.50243898230153,133.4760098277366,134.42225646972656,87559300
2013-09-10,135.23217746850796,135.44066669654714,134.9274520893726,135.41661071777344,105847200
2013-09-11,135.23212968623076,135.84156799316406,134.99958456158427,135.84156799316406,94545900
2013-09-12,135.7935139085842,135.96993258975533,135.29634066310317,135.48077392578125,83209000
2013-09-13,135.62511466992538,135.8897426772922,135.31237470412853,135.78549194335938,72727800
2013-09-16,137.25287679982236,137.31703011383598,136.35474263962507,136.57125854492188,106299200
2013-09-17,136.69162754459236,137.21285668987593,136.69162754459236,137.1807861328125,82523300
2013-09-18,137.13259930256163,139.14537150589157,136.78778896863352,138.7684783935547,203460600
2013-09-19,139.14536961097218,139.20952293092125,138.3995979730593,138.53591918945312,146616900
2013-09-20,138.8647326760714,138.8647326760714,137.45457031547815,137.5673828125,132867100
2013-09-23,137.38203310016777,137.510952869142,136.49564052550375,136.93077087402344,104616500
2013-09-24,136.90665000377106,137.41431251754625,136.35065331683055,136.60850524902344,106333100
2013-09-25,136.69711221190212,136.97108366745204,136.09275690343833,136.213623046875,117306500
2013-09-26,136.43920589859584,137.12413426416992,136.2216346315851,136.7373504638672,77146900
2013-09-27,136.05245906468087,136.29420363826446,135.75431439145697,136.10887145996094,99141800
2013-09-30,134.95657493736573,135.81072852943117,134.69065710850063,135.38365173339844,143937000
2013-10-01,135.48843230597524,136.58433067222114,135.35144654714986,136.4553985595703,127160000
2013-10-02,135.6576222408335,136.45536335380012,135.2385991306487,136.32643127441406,113350000
2013-10-03,136.01220527281743,136.13308374210717,134.44088353719724,135.0694122314453,176698000
2013-10-04,135.17418406044246,136.22978973021344,134.996905458351,136.09280395507812,96878000
2013-10-07,134.90826715358833,135.73824775330755,134.77128137744137,134.91632080078125,96295000
2013-10-08,134.89207272895538,135.06935123400655,133.24823203150726,133.3449249267578,178015000
2013-10-09,133.60279406185512,133.92511192189352,132.57941579799402,133.44163513183594,168973000
2013-10-10,134.80348365183602,136.39092484979776,134.75513718621562,136.3184051513672,195955000
2013-10-11,136.10886893233985,137.24505980013518,135.99605643951446,137.1967010498047,105040000
2013-10-14,136.35066197986046,137.85751773313032,136.24590309369086,137.7447052001953,112106000
2013-10-15,137.39816995069006,137.9138860244697,136.56013594166353,136.74546813964844,155485000
2013-10-16,137.56739834353596,138.72776261284324,137.5029322957254,138.65524291992188,161676000
2013-10-17,138.09116110150356,139.66249480929125,138.06698787175057,139.5819091796875,129389000
2013-10-18,140.09759676223763,140.62136636127076,139.81555941159624,140.52467346191406,138316000
2013-10-21,140.57306869950185,140.8148133274328,140.21851155128874,140.53277587890625,104104000
2013-10-22,140.9436999090253,141.7656141646055,140.55690371101733,141.3466033935547,126663000
2013-10-23,140.86317042632606,140.92763648501642,140.17824160707247,140.66978454589844,105484000
2013-10-24,140.95184423433273,141.31445514456894,140.62146021351123,141.13717651367188,70350000
2013-10-25,141.4271507949604,141.82200056386841,141.153179426642,141.78170776367188,93625000
2013-10-28,141.73341378417757,142.200783389054,141.58030846414073,142.00738525390625,84979000
2013-10-29,142.3297163645197,142.82125920239216,142.12826458335297,142.7648468017578,87401000
2013-10-30,142.9340488087236,143.03879535711312,141.5480597926929,142.0557098388672,140002000
2013-10-31,141.94292309409153,142.5392248053883,141.44332660083603,141.65283203125,133795000
2013-11-01,141.83815141674415,142.31357459523426,141.19350335837098,141.9912567138672,142805000
2013-11-04,142.37809323199795,142.54730587875736,141.8059646412145,142.49090576171875,85677000
2013-11-05,141.93486821308,142.42641105706866,141.4755645400381,142.0396270751953,85825000
2013-11-06,142.6520342961301,143.0307646283748,142.25718437861258,142.7648468017578,87348000
2013-11-07,143.03076914488324,143.14358165407327,140.82285312714544,140.9598388671875,157000000
2013-11-08,140.911489954176,142.87766133354828,140.89538266431572,142.86154174804688,136713000
2013-11-11,142.72458614852394,143.05497009504123,142.55537349977178,142.88575744628906,62614000
2013-11-12,142.5795072466139,142.9179447460286,142.12019130735374,142.5956268310547,83990000
2013-11-13,141.89460828867703,143.7801944699886,141.89460828867703,143.7399139404297,103844000
2013-11-14,143.86878325897206,144.57789738753198,143.6351046278637,144.45703125,103435000
2013-11-15,144.69073659960168,145.14198665723475,144.5054043892828,145.08558654785156,102818000
2013-11-18,145.32727237543818,145.4481384863965,144.25554777427251,144.57786560058594,104796000
2013-11-19,144.50546236369718,144.94059300937366,144.0139192903634,144.2637176513672,93891000
2013-11-20,144.55374957764127,144.98888004490718,143.41755850250001,143.81240844726562,124909000
2013-11-21,144.2153479325978,145.08562137938245,144.12670862887958,144.97280883789062,92841000
2013-11-22,145.02913102832926,145.7140718522432,144.8599184548416,145.6979522705078,81296000
2013-11-25,145.95586687008463,145.98809374906185,145.3434455087354,145.55296325683594,79486000
2013-11-26,145.62542458650225,146.0283280382587,145.37562641371525,145.5931854248047,86994000
2013-11-27,145.74636311544003,146.04452017890773,145.56908452493826,145.94781494140625,58800000
2013-11-29,146.10899951648562,146.4554907867263,145.68997623761652,145.85113525390625,55870900
2013-12-02,145.9236010714231,146.1975725274914,145.24672607561658,145.47235107421875,99726000
2013-12-03,144.99691633540252,145.35952703324722,144.37644149069266,144.84381103515625,116563000
2013-12-04,144.32007808369804,145.43208368675005,143.7157226684324,144.82772827148438,123033000
2013-12-05,144.56989252896466,144.8358104169091,144.0541763420661,144.191162109375,106934000
2013-12-06,145.5851934936258,145.93975064876506,145.16617028340278,145.80276489257812,127728000
2013-12-09,146.22987433569816,146.39103336149995,145.98007600135855,146.1734619140625,70124000
2013-12-10,145.83499042500188,146.1412011099101,145.56101891515908,145.649658203125,80976000
2013-12-11,145.7060703535577,145.7302435869926,143.83659166364,144.0138702392578,130591000
2013-12-12,143.94939412496484,144.1266726881935,143.24027987205014,143.53843688964844,115565000
2013-12-13,143.83657263833808,143.96550473003217,143.24833687649019,143.52230834960938,107808000
2013-12-16,144.19920716080478,144.89220189835913,144.1589143385524,144.41677856445312,96195000
2013-12-17,144.5456913129684,144.56986454395278,143.63512529375197,143.9574432373047,89886000
2013-12-18,144.1750331969094,146.43934962570202,142.88574896086004,146.41517639160156,234906000
2013-12-19,145.99614585497946,146.4151690511183,145.61742777451133,146.24595642089844,136531200
2013-12-20,146.3917643799095,147.44500328563038,146.2945465112687,147.09661865234375,197087000
2013-12-23,147.81772179025754,147.97165836736377,147.5098609984428,147.88253784179688,85598000
2013-12-24,147.89060303032971,148.27138952376308,147.8825056615485,148.20657348632812,45368800
2013-12-26,148.5387239872624,149.04104509529105,148.5225292526497,148.96002197265625,63365000
2013-12-27,149.15448027252967,149.21928394020773,148.79799828833194,148.95193481445312,61814000
2013-12-30,148.96817255323512,149.08970728060103,148.73322519349665,148.92767333984375,56857000
2013-12-31,149.13022888295802,149.63253784179688,149.01679151816413,149.63253784179688,86119900
2014-01-02,149.05724655469206,149.1301723133106,147.84197383469942,148.19845581054688,119636900
2014-01-03,148.4496226911046,148.74939839369858,147.9635209796238,148.17416381835938,81390600
2014-01-06,148.6602449972873,148.71695128800147,147.51788583013328,147.74473571777344,108028200
2014-01-07,148.33619022120848,148.90331503712193,148.2227652580258,148.65216064453125,86144200
2014-01-08,148.62791266331246,148.93578583569644,148.17421263815615,148.68463134765625,96582300
2014-01-09,149.16260108522135,149.17880818588506,148.10126469606624,148.7818145751953,90683400
2014-01-10,149.03305981584552,149.25181253971496,148.27148633173965,149.18699645996094,102026400
2014-01-13,148.80616845972978,149.219356945897,146.91844238339758,147.20201110839844,149892000
2014-01-14,147.68806674499515,148.8871449686092,147.4126078405416,148.80612182617188,105016100
2014-01-15,149.15445452707934,149.83500418177283,148.83848416151508,149.608154296875,98525800
2014-01-16,149.30036283740148,149.6082360046454,148.93578334915898,149.41378784179688,72290600
2014-01-17,149.1545037160873,149.4380599845266,148.5225627765538,148.7818145751953,107848700
2014-01-21,149.64059737408806,149.697316042143,148.30380215799119,149.21929931640625,88621200
2014-01-22,149.4704190374655,149.53523505381034,149.0005121907585,149.3164825439453,61270900
2014-01-23,148.56301600550992,148.58732046778564,147.3072442466243,148.09310913085938,132496900
2014-01-24,147.12900859439114,147.17761752069785,144.88480171822454,144.93341064453125,208677100
2014-01-27,145.0711677028252,145.44385681285388,143.49941285328634,144.22047424316406,180843100
2014-01-28,144.32582422141817,145.26563832946474,144.30961711958383,145.0792999267578,110463200
2014-01-29,143.87208358927742,144.65796091368173,143.30495880939623,143.6857452392578,216597300
2014-01-30,144.88484024457557,145.67881509762626,144.42303059707754,145.2089080810547,118938100
2014-01-31,143.41027360753938,145.2574870921497,143.33736021371362,144.35818481445312,194677900
2014-02-03,144.18811535763393,144.51218326623115,140.8339618178197,141.1094207763672,254837100
2014-02-04,141.7412811476001,142.46234234171186,141.0607315095962,142.09776306152344,165012400
2014-02-05,141.60357000671317,142.2355108038337,140.73668193369616,141.91954040527344,164230500
2014-02-06,142.2517209370423,143.7910614013672,141.96005499657736,143.7910614013672,132877600
2014-02-07,144.46354101651005,145.72742287606482,143.99363400368154,145.573486328125,170787200
2014-02-10,145.58971163183492,145.88948739618692,145.19273034003433,145.8408660888672,92218800
2014-02-11,145.9623348970431,147.80954814428935,145.86510468870972,147.43685913085938,117814100
2014-02-12,147.65566874424871,148.12557578533114,147.2181759059423,147.5098419189453,94717700
2014-02-13,146.51328441295342,148.4253140946679,146.5051870448254,148.27137756347656,100542200
2014-02-14,148.13366999892406,149.3651500678559,147.9959405460508,149.08969116210938,96498400
2014-02-18,149.21932302885187,149.47048984707172,148.7899275342391,149.2679443359375,80460900
2014-02-19,148.87897597365222,149.84309411785534,148.15791479761313,148.27944946289062,126524300
2014-02-20,148.4820731474718,149.49480074668332,147.9392526377821,149.15452575683594,104998100
2014-02-21,149.43805965964395,149.7945416990972,148.91144633197612,148.98435974121094,118116400
2014-02-24,149.30029624835169,150.8153322090011,149.2354802229773,149.8107147216797,114063900
2014-02-25,149.93228461483716,150.36168010209204,149.2598320459068,149.75404357910156,117085000
2014-02-26,149.97274302255957,150.36973652730612,149.34080225166824,149.76210021972656,98677200
2014-02-27,149.54341963111588,150.58854914349962,149.37327594368685,150.5480499267578,93880800
2014-02-28,150.5236810461113,151.62552886080928,149.92415438675698,150.92877197265625,150842000
2014-03-03,149.60005492133354,150.248202792637,148.8708962926124,149.86741638183594,167748500
2014-03-04,151.33390249273202,152.29802112813462,151.30150064958448,151.9739532470703,167545900
2014-03-05,152.10355119120092,152.37091269612452,151.8685915221494,152.1116485595703,88376900
2014-03-06,152.48432354151197,152.80839131979369,152.13593893558544,152.4600067138672,82516500
2014-03-07,153.09200916426587,153.09200916426587,151.85241922556102,152.52487182617188,114513500
2014-03-10,152.28986536855896,152.50050817424858,151.568804101615,152.4438018798828,74939200
2014-03-11,152.67067893018606,152.88943150424993,151.34198111115174,151.6903533935547,99009100
2014-03-12,150.95312813739542,151.78761467453904,150.61284079151804,151.73089599609375,104824400
2014-03-13,152.18453586952128,152.30607054859146,149.60816385681258,150.02944946289062,155014300
2014-03-14,149.7620907964253,150.53176093178521,149.4299133355422,149.608154296875,153919600
2014-03-17,150.36162743867473,151.3176483284511,150.2968114154363,150.96116638183594,98359500
2014-03-18,151.26901098777685,152.24122642895097,151.10696477892276,152.03868103027344,101804600
2014-03-19,152.05498409216653,152.26563936880123,150.26448841516466,151.22860717773438,176267300
2014-03-20,150.89637573486004,152.22507352871418,150.62901422993644,152.1116485595703,117241000
2014-03-21,152.7504340600702,153.8164544560838,151.38331492922305,151.5216522216797,163128000
2014-03-24,152.04248187469906,152.22965508121388,150.23593883265067,150.89508056640625,121411000
2014-03-25,151.6599532149877,152.1238008642236,150.76482758093246,151.6111297607422,103852000
2014-03-26,152.2051775256929,152.44930722730808,150.48001582366322,150.5207061767578,119843000
2014-03-27,150.34167588755054,150.82178976146662,149.64997714807998,150.20333862304688,142383000
2014-03-28,150.6346920431745,151.70071266964217,150.54517819729782,150.9439239501953,101642000
2014-03-31,151.9041115619217,152.41678276212545,150.96829540045695,152.1807861328125,99745000
2014-04-01,152.6772242766591,153.2794094785892,152.17269844774546,153.1898956298828,89193000
2014-04-02,153.38521064148046,153.90601513153712,153.10039044757636,153.70257568359375,78774000
2014-04-03,153.93850806856966,153.9791984278284,153.02710362255414,153.49908447265625,77435000
2014-04-04,154.33727555329568,154.3698203951336,151.44030036843486,151.68441772460938,169381000
2014-04-07,151.31819133833105,151.57045415444048,149.69882200255,150.00804138183594,140803000
2014-04-08,149.94300567587646,150.87068905831688,149.39778944748207,150.62657165527344,112660000
2014-04-09,151.03343487087818,152.29474937886064,150.59399875710085,152.2459259033203,100254000
2014-04-10,152.23776441964205,152.31099961930167,148.86066312641873,149.04783630371094,172959000
2014-04-11,148.2178410508257,149.25945001234336,147.5424206056769,147.70516967773438,167251000
2014-04-14,148.86065940946747,149.21871471035846,147.6481686333057,148.86880493164062,132382000
2014-04-15,149.17806671049902,149.99995751291175,147.70515485128857,149.8941650390625,157093000
2014-04-16,150.9276690376019,151.47288530563895,150.26038164220893,151.46475219726562,105197000
2014-04-17,151.26131851823197,152.0994881402246,151.00091003681766,151.67633056640625,105255000
2014-04-21,151.7169683461561,152.25405134015608,151.52980757562477,152.20521545410156,68329000
2014-04-22,152.35982863677876,153.311923517907,152.27846032873288,152.89691162109375,85790000
2014-04-23,152.83996290015287,152.9213312123795,152.41680545892427,152.5388641357422,73869000
2014-04-24,153.28755302159834,153.30383165436896,152.11573980128708,152.84812927246094,88170000
2014-04-25,152.35172608679613,152.44123993546825,151.25314816372554,151.5949249267578,100380000
2014-04-28,152.21338004337002,152.7341844739218,150.512629432954,152.07504272460938,135121000
2014-04-29,152.56328670990428,153.0189890250075,152.23778860396104,152.7830047607422,84098000
2014-04-30,152.5307280914862,153.3933091695997,152.3191431664696,153.2386932373047,101508000
2014-05-01,153.16543003042727,153.66995568192505,152.76668440514305,153.25494384765625,93019000
2014-05-02,153.23867191772317,153.91409212870016,152.80738143867043,153.0352325439453,98122000
2014-05-05,152.28662289815043,153.43402429110213,151.86346539679337,153.32823181152344,75883000
2014-05-06,152.98648374201258,153.09227624143162,151.9611532678898,151.9936981201172,85454000
2014-05-07,152.50635729096223,152.9620596872278,151.36708888333925,152.88882446289062,106500000
2014-05-08,152.7504678564961,153.84090022673618,152.23779651687926,152.72604370117188,93618000
2014-05-09,152.75046377265326,153.01899288750838,152.03435302115395,152.9539031982422,83679000
2014-05-12,153.63744209724788,154.51630182236187,152.98643351379798,154.44305419921875,86940000
2014-05-13,154.64652585388436,154.95575778932218,154.42682018950765,154.58143615722656,66454000
2014-05-14,154.44306918822426,154.5163168184762,153.62931148417408,153.84902954101562,72367000
2014-05-15,153.53974695169393,153.57230420260376,151.74948307719802,152.49813842773438,154956000
2014-05-16,152.58766360803162,153.09220169909082,151.94480064963798,153.027099609375,97458000
2014-05-19,152.73414468476298,153.7106511855358,152.59580740204095,153.58859252929688,63839000
2014-05-20,153.51534981287222,153.53162843987434,152.22962386965224,152.62022399902344,111644000
2014-05-21,153.05967567853824,153.9792258101026,153.03526394203269,153.90599060058594,89093000
2014-05-22,153.94666035132914,154.59766892970487,153.68626437015237,154.28030395507812,61549000
2014-05-23,154.41864674437025,155.00455324402114,154.28030943430772,154.89877319335938,61092800
2014-05-27,155.47655707675784,155.89971459261952,155.38704322565167,155.85089111328125,72010000
2014-05-28,155.85089458745549,156.09502440654688,155.47656054258755,155.73696899414062,66723000
2014-05-29,156.0949999841699,156.5669684990892,155.69625426147576,156.5425567626953,64377000
2014-05-30,156.39606654941716,156.8924591548588,156.26586236049198,156.7947998046875,76316000
2014-06-02,157.0145368016241,157.0470940612684,156.2170577777276,156.97384643554688,64656000
2014-06-03,156.59137255113365,156.9738396251444,156.44490213995806,156.89247131347656,65047000
2014-06-04,156.623932378961,157.29935270335977,156.4611833359994,157.2098388671875,55529000
2014-06-05,157.38883563207312,158.39788695045462,156.81106236352113,158.23513793945312,92103000
2014-06-06,158.5769038710826,159.0326060378721,158.50366868362417,158.99192810058594,78696000
2014-06-09,158.9675328549529,159.53716062250513,158.8210500478943,159.15469360351562,65119000
2014-06-10,158.95940506942534,159.20353483045977,158.61762837075932,159.17098999023438,57129000
2014-06-11,158.6013513761247,158.7803790415973,158.2595746739376,158.6176300048828,68772000
2014-06-12,158.43045752788692,158.5199713540095,157.1447191240147,157.49462890625,106350000
2014-06-13,157.8038826510117,158.12939316253255,157.2993568793498,157.9747772216797,82017000
2014-06-16,157.77951280534364,158.43865469286104,157.59235197212553,158.10501098632812,87424000
2014-06-17,157.8852917627556,158.65835918902116,157.71439716136956,158.54443359375,84834000
2014-06-18,158.54443168589347,159.79761321879587,158.19450937944092,159.70809936523438,105267000
2014-06-19,159.84640985367636,159.9847595816383,159.33375097570436,159.88710021972656,85929000
2014-06-20,160.28530183440816,160.34254381350777,160.0154735253438,160.2117156982422,100587000
2014-06-23,160.25257092661278,160.3016283415038,159.8682712080287,160.16262817382812,70611000
2014-06-24,159.8764717466059,160.66960003241414,159.0179294038133,159.19781494140625,96237000
2014-06-25,158.86251324349357,160.08082620643683,158.82981246544284,159.91729736328125,82782000
2014-06-26,159.9419024285487,159.95825906360886,158.73177343969272,159.8029022216797,84312000
2014-06-27,159.4266995407409,160.16259805507977,159.35311343224234,160.11354064941406,71445100
2014-06-30,160.01547320049545,160.39977299052308,159.87647300697884,160.03182983398438,70201200
2014-07-01,160.42426388167365,161.5935196095874,160.36703439263815,161.10292053222656,90470000
2014-07-02,161.11926149279643,161.47084789876564,161.0456753812845,161.2664337158203,52475000
2014-07-03,161.72437372206824,162.13320222505553,161.60173016175438,162.0596160888672,52938800
2014-07-07,161.748906502179,161.8797221342282,161.25830733351543,161.49542236328125,61696000
2014-07-08,161.20105905799682,161.25830103190125,160.06451642224636,160.45700073242188,108143000
2014-07-09,160.8576736864346,161.32374421024554,160.5142592103693,161.1765594482422,72992000
2014-07-10,159.62303107784254,160.96398831534168,159.4922029384626,160.53880310058594,99040000
2014-07-11,160.44066625368862,160.8740234891133,160.08089515791195,160.75955200195312,64243000
2014-07-14,161.57723335944644,161.7816476513097,161.43823313815443,161.56906127929688,58658000
2014-07-15,161.66709000591572,161.97780355645713,160.55507635163508,161.2664337158203,111307000
2014-07-16,161.9860010824008,162.10864462085627,161.42181585259846,161.8633575439453,79986400
2014-07-17,161.36457728177194,161.97781989245544,159.7946652191436,160.02362060546875,145398000
2014-07-18,160.54693692524032,161.82247968998584,160.4569941673952,161.65895080566406,124330000
2014-07-21,161.15200056340612,161.48724289744106,160.61234399785548,161.35641479492188,67592000
2014-07-22,161.9042592614991,162.35397311007625,161.78978777972088,162.0596160888672,67678000
2014-07-23,162.30497732728605,162.59116237864885,161.97791939126617,162.41944885253906,65612000
2014-07-24,162.57478182898325,162.76283949071396,162.26406810193873,162.42759704589844,56888000
2014-07-25,161.96968916351875,162.10868937095717,161.34827426971347,161.6671600341797,76837000
2014-07-28,161.69984593685984,161.96967424755277,160.76771744376416,161.73255920410156,69259000
2014-07-29,162.03506376233148,162.26400669252246,161.01299265381664,161.0375213623047,80466000
2014-07-30,161.60988613735938,161.82248492266098,160.39158530478142,161.0620574951172,104222000
2014-07-31,159.9418771902756,160.08087737521083,157.78326333186325,157.88137817382812,183479000
2014-08-01,157.447983190456,158.42916880393184,156.6385109856531,157.39892578125,189261000
2014-08-04,157.70155432504458,158.87081071374237,157.03108184862907,158.5355682373047,91340000
2014-08-05,157.88953114004244,158.29835953504363,156.42591849912478,156.99827575683594,152690000
2014-08-06,156.26243755010094,157.71786608445714,156.237908836996,157.04739379882812,94818000
2014-08-07,157.75873399508706,157.9140908118847,155.8045343828295,156.19700622558594,135733000
2014-08-08,156.54859999522847,158.11031523633244,156.13158697949297,158.0040283203125,117014000
2014-08-11,158.6009142421388,159.1650995148492,158.38832793383025,158.4619140625,74544000
2014-08-12,158.3065181607931,158.74804730024044,157.75868965521244,158.24110412597656,73632000
2014-08-13,158.86254210166624,159.4921413624585,158.59272632349422,159.312255859375,69047000
2014-08-14,159.57392749405196,160.06451416015625,159.42674276070255,160.06451416015625,57371000
2014-08-15,160.64507258703415,160.79224485906732,158.8789304639014,160.03182983398438,139951000
2014-08-18,160.9148863321929,161.44635834615366,160.82494357082751,161.37277221679688,75424000
2014-08-19,161.76522155843435,162.33757883461035,161.43816382246317,162.21493530273438,59135000
2014-08-20,161.99420258616487,162.84457286210682,161.9615017954544,162.64833068847656,72763000
2014-08-21,162.78734671078473,163.3351754627557,162.65651858231067,163.12258911132812,67791000
2014-08-22,162.99175367458153,163.27793863322938,162.50116692948643,162.86911010742188,76107000
2014-08-25,163.6459193685179,164.0138626308977,162.83643421011485,163.69497680664062,63855000
2014-08-26,163.80123901367188,164.20189546138394,163.76035366570835,163.80123901367188,47298000
2014-08-27,163.88296632054315,163.99745026382894,163.4823224248595,163.7357940673828,47874000
2014-08-28,163.19616017115933,163.75217342755485,163.03263126390982,163.6458740234375,58330000
2014-08-29,163.899339676143,164.12828263316752,163.38422426106558,164.1119384765625,65907000
2014-09-02,164.32453892287404,164.34906763634504,163.41693909507777,164.03018188476562,72426000
2014-09-03,164.65972751081733,164.68425621627424,163.7112426449756,163.940185546875,57462000
2014-09-04,164.21820984871746,164.82328045009893,163.25338068926362,163.70309448242188,85236000
2014-09-05,163.67038061822885,164.50439415189038,163.04896586407267,164.43898010253906,102177000
2014-09-08,164.2836680701248,164.5207956232088,163.5314250122434,164.0138397216797,64146000
2014-09-09,163.86669201408563,163.98116352971098,162.64020614247443,162.97544860839844,88591000
2014-09-10,163.06531065003958,163.69490996058474,162.52566657459795,163.588623046875,67251000
2014-09-11,162.93450197175642,163.80121633216064,162.81184594485,163.7766876220703,66774400
2014-09-12,163.61316610769742,163.6295102641915,162.353967376153,162.82003784179688,117409300
2014-09-15,162.84454189908553,162.97536998996358,162.2067705516219,162.69735717773438,76401000
2014-09-16,162.39482905193077,164.21820035170092,162.30488629850066,163.92384338378906,116201000
2014-09-17,164.16097943415429,164.9050377316281,163.3269659020981,164.14462280273438,151266000
2014-09-18,164.64343401226316,165.04409048244028,164.43084765797215,165.01956176757812,94990000
2014-09-19,165.54442251137664,165.8565759528991,164.5339944938234,164.8708038330078,121649000
2014-09-22,164.58333433620854,164.60797770517428,163.25252973818064,163.59754943847656,125553000
2014-09-23,163.00607620337743,163.6879052953278,162.6117697828336,162.6610565185547,111393000
2014-09-24,162.6857353128319,164.04118351419962,162.25857515371405,163.93438720703125,107276000
2014-09-25,163.5072217791076,163.51544459373386,161.23173331818785,161.2892303466797,150300000
2014-09-26,161.58492164706885,162.9732232043375,161.3549085229412,162.57069396972656,103547000
2014-09-29,161.17418447817954,162.5624860556339,161.05096763659645,162.27496337890625,95112000
2014-09-30,162.39816768571174,162.8992703220862,161.51096895894517,161.8477783203125,131302000
2014-10-01,161.58490215839535,161.64241169987864,159.29298147127417,159.65443420410156,177798000
2014-10-02,159.51483230828418,160.2377380483554,158.01153633438454,159.67913818359375,157285000
2014-10-03,160.74702079838477,161.78209246427897,160.25414086989917,161.43707275390625,121569000
2014-10-06,162.11069405069262,162.32428665405547,160.6648952449601,161.24813842773438,104778000
2014-10-07,160.41843977568934,160.7798925900539,158.7261948127793,158.75904846191406,147913000
2014-10-08,158.84938944579716,161.76564238855954,158.01970017235396,161.53562927246094,186461000
2014-10-09,161.28100102449594,161.50280390198415,158.20045425018122,158.33189392089844,210705000
2014-10-10,158.29079990235928,159.0794127696509,156.4835485021425,156.5246124267578,221909000
2014-10-13,156.45891339605353,157.0257234403883,153.86303645668144,153.95339965820312,230939000
2014-10-14,154.78308580983855,155.93316403572277,153.64944067519184,154.19161987304688,215847000
2014-10-15,152.1050310279456,154.183371572418,149.44343496874612,153.14830017089844,380715000
2014-10-16,150.37998345406402,154.09307302453345,150.24033349135146,153.01693725585938,270391000
2014-10-17,154.78308125534656,155.87564989713857,154.1258955077184,154.82415771484375,214625000
2014-10-20,154.54487588661502,156.450700988959,154.49558914337516,156.32748413085938,130011000
2014-10-21,157.46110666797045,159.53123749388763,157.29681335618127,159.42445373535156,154949000
2014-10-22,159.7037777772516,160.11451738624524,158.2251126779189,158.29083251953125,151822000
2014-10-23,159.8762638860313,161.17420241249158,159.58053089854948,160.13092041015625,154944000
2014-10-24,160.3937287019363,161.41236688201042,159.76940935369353,161.36306762695312,117927000
2014-10-27,160.78809963441634,161.3795655851563,160.21306677530146,161.14134216308594,82954000
2014-10-28,161.6835361871969,162.9978953377704,161.6095935354976,162.98968505859375,106736000
2014-10-29,163.1046320293955,163.57286846688046,161.66704400791843,162.74317932128906,142557000
2014-10-30,162.30781908718325,164.25472026722727,162.15994635204947,163.78648376464844,113330000
2014-10-31,165.75801254444386,165.79087872013602,164.92832336243012,165.65943908691406,146903000
2014-11-03,165.87304899744913,166.30843189307168,165.371946273366,165.7498321533203,93600000
2014-11-04,165.30624708484441,165.61020289627302,164.34511797630753,165.17481994628906,93343000
2014-11-05,166.38231083136287,166.42338727836528,165.48690194666048,166.218017578125,91709000
2014-11-06,166.2591186417013,166.97380129322747,165.6430094497584,166.88343811035156,107089000
2014-11-07,166.89993133584196,167.25317391791833,166.43990497899858,167.03958129882812,89540000
2014-11-10,167.07238202365926,167.6145485690591,166.86701229948218,167.5652618408203,66319000
2014-11-11,167.63101026693292,167.8363800261612,167.29420085345245,167.72958374023438,54499400
2014-11-12,167.0477559622911,167.77887175469928,167.0148897835455,167.54885864257812,90120300
2014-11-13,167.71319537206227,168.26358492825182,166.9327926441749,167.7378387451172,85357900
2014-11-14,167.66386307430284,167.98423937175338,167.3516970540474,167.77886962890625,80417500
2014-11-17,167.4585362615405,168.0582125546518,167.29423039732146,167.8856964111328,80441000
2014-11-18,167.94319914755718,169.1589847777636,167.94319914755718,168.85504150390625,76068100
2014-11-19,168.6578839733172,168.85504348381534,167.82819453601152,168.58395385742188,82373000
2014-11-20,167.79534111894085,168.98649601685844,167.72962127710704,168.87969970703125,72840300
2014-11-21,170.57195078978833,170.73624413266037,169.20829222787106,169.7833251953125,142327300
2014-11-24,170.18583550919146,170.3665619265749,169.97225544081888,170.259765625,65880800
2014-11-25,170.4897962191645,170.69516602948354,169.8819096028783,170.13656616210938,79108300
2014-11-26,170.28433105034867,170.67042708031863,170.07075107974097,170.5718536376953,62167800
2014-11-28,170.44866987217276,170.76082334590794,169.972210582523,170.21043395996094,57890100
2014-12-01,169.55330356492345,169.66831015268465,168.7154037975682,169.02755737304688,103968400
2014-12-02,169.06865518855398,170.32551753306765,169.04401181197758,170.12014770507812,74507200
2014-12-03,170.29264350469208,170.99089331546094,170.1283501689099,170.77731323242188,68952000
2014-12-04,170.48977762561017,171.08946643138046,169.79973814654045,170.58836364746094,91316600
2014-12-05,170.76081847574991,171.25371083988844,170.4979517403766,170.86761474609375,91025500
2014-12-08,170.47328725563628,170.9661670239382,169.1671264129221,169.72573852539062,108588200
2014-12-09,167.88574332440186,169.71765143716863,167.50786981457287,169.61085510253906,125180100
2014-12-10,169.1507915188003,169.20828854690436,166.7027743845804,166.8917236328125,159856400
2014-12-11,167.48318220036447,169.38079713426018,167.34353224146065,167.7378387451172,159012800
2014-12-12,166.46455093509903,167.43390294615187,164.99410862632274,165.02696228027344,202330200
2014-12-15,165.92228793352538,166.37410378979055,163.29355822630788,163.8932342529297,189965800
2014-12-16,163.12933852595322,166.26738250350382,162.5378725082869,162.57894897460938,259543800
2014-12-17,163.01428833105243,166.21805129068335,162.89105896505168,165.7662353515625,253910100
2014-12-18,168.18962103416158,174.95038993808632,167.5160022131921,169.8654327392578,257633900
2014-12-19,170.51387556149317,171.25729490243907,169.83655138396585,170.58822631835938,245084600
2014-12-22,170.77820961900173,171.37294006347656,170.53867136406922,171.37294006347656,148318900
2014-12-23,171.95111093146977,172.00066969086888,171.31507744328104,171.60418701171875,122167900
2014-12-24,171.82723079267222,172.0915484032343,171.57942436754888,171.6207275390625,42963400
2014-12-26,172.06671709046898,172.51277104186116,172.01715834119307,172.17410278320312,57326700
2014-12-29,171.99244998984818,172.61195981952903,171.9263674288737,172.40545654296875,79643900
2014-12-30,171.9841999360943,172.11635245834034,171.40598065993237,171.48033142089844,73540800
2014-12-31,171.80242821879258,171.9676282785882,169.65478962957997,169.7786865234375,130333800
2015-01-02,170.47260407367435,170.88561066355808,168.65536499501724,169.68788146972656,121465900
2015-01-05,168.647096929558,168.8122970325031,166.31774648892383,166.6233673095703,169632600
2015-01-06,166.9289650053605,167.44935723130908,164.26094653071848,165.05392456054688,209151400
2015-01-07,166.37553619335011,167.44935560927416,165.9294947211136,167.11068725585938,125346700
2015-01-08,168.51490105817123,170.2908365016817,168.49838987366132,170.07606506347656,147217800
2015-01-09,170.48904203900992,170.50556582461752,168.10186547890984,168.71311950683594,158567300
2015-01-12,168.84533157044453,169.0022760675028,166.78855452639888,167.39154052734375,144396100
2015-01-13,168.60576096190292,169.72913908899594,165.62385367921945,166.9207000732422,214553300
2015-01-14,164.91348263853635,166.111211515272,164.0213997320499,165.9129638671875,192991100
2015-01-15,166.54900663505038,166.86288300701946,164.27747086579527,164.3931121826172,176613900
2015-01-16,164.18655329169266,166.7058946300912,164.00482948341775,166.5489501953125,211879600
2015-01-20,167.1850467519091,167.44937699436866,165.34304106412313,166.90420532226562,130991100
2015-01-21,166.4416627451499,168.22585431367148,165.9790973615987,167.74676513671875,122942700
2015-01-22,168.4983992677013,170.37343973468046,167.12721463947537,170.2412872314453,174356000
2015-01-23,169.98520065672528,170.24127526039032,169.17571148901422,169.30787658691406,117516800
2015-01-26,169.0931194349828,169.79522289212784,168.3827477816635,169.70436096191406,92009700
2015-01-27,167.65581498160063,168.60572463711327,166.63982279120685,167.46583557128906,134044600
2015-01-28,168.64708417164115,168.74620170511815,165.12827308965936,165.31825256347656,168514300
2015-01-29,165.5165233191782,167.10246709579837,164.112290844623,166.84640502929688,173585400
2015-01-30,165.6734188056964,166.99503192642172,164.48395817427368,164.74827575683594,197729700
2015-02-02,165.24391853956578,166.87942090257002,163.4349478846863,166.78855895996094,163107000
2015-02-03,167.68066983135327,169.20879920391286,167.3089664338,169.20053100585938,124212900
2015-02-04,168.44055681294967,169.64654124823144,168.10188848340294,168.5561981201172,134306700
2015-02-05,169.2170557191821,170.40651668099608,169.14271756005886,170.25782775878906,97953200
2015-02-06,170.62122529181084,171.18292062670562,169.26656461865574,169.78695678710938,125672000
2015-02-09,169.1426798861956,169.86130713891177,168.622287680321,169.02703857421875,87219000
2015-02-10,170.05954231341522,171.08379025750745,169.068316736097,170.82772827148438,96164200
2015-02-11,170.6625470171787,171.3563949145991,170.01825788329432,170.92686462402344,91087800
2015-02-12,171.71982537678446,172.62844463006107,170.95989500311532,172.57061767578125,97545900
2015-02-13,172.6945588956595,173.33057988581692,172.43848425618765,173.28102111816406,93670400
2015-02-17,172.96715972348892,173.72710296198468,172.71936584567644,173.5536346435547,76968200
2015-02-18,173.18190224563585,173.64446754543653,172.91757201491595,173.57012939453125,80652900
2015-02-19,172.97540711218107,173.80967580969232,172.83498639699363,173.44622802734375,91462500
2015-02-20,173.0331479647899,174.5612765993815,172.41363840005616,174.4869384765625,140896400
2015-02-23,174.23920742827661,174.4622344970703,173.85923585195994,174.4622344970703,74411100
2015-02-24,174.38784325925505,175.15604182724803,174.09047810454112,174.95779418945312,72472300
2015-02-25,174.83392244920137,175.31301152317158,174.4704746962613,174.80914306640625,73061700
2015-02-26,174.71828719907174,174.87523169819997,173.99964726116664,174.60264587402344,72697900
2015-02-27,174.50350429733115,174.76783451094943,173.95834528867053,174.00790405273438,108076000
2015-03-02,174.10702503800874,175.16432070555928,174.05746627296082,175.10650634765625,87491400
2015-03-03,174.67700332329895,175.1560924668457,173.52884553919984,174.3878936767578,110325800
2015-03-04,173.79310011661133,173.86745085276726,172.68624591289165,173.65267944335938,114497200
2015-03-05,173.97480383004958,174.12349268120684,173.33878307840953,173.8426513671875,76873000
2015-03-06,172.98363319579175,173.41316346565193,171.06728967572505,171.39768981933594,188128000
2015-03-09,171.5959539499552,172.46325756122909,171.4390094552801,172.1080780029297,89818900
2015-03-10,170.74520462574947,170.82779838845576,169.274889443619,169.31619262695312,157121300
2015-03-11,169.57226848614022,169.74573682864312,168.8371171373669,168.9197235107422,110145700
2015-03-12,169.5474329380123,171.13337647061587,169.497874171987,171.0673065185547,93993500
2015-03-13,170.79468838429833,171.75285375539067,168.98571814290895,170.0182342529297,162410900
2015-03-16,170.74515462838175,172.3806568570192,170.0430385291803,172.289794921875,136099200
2015-03-17,171.55468286868114,172.15766897326645,170.96820795318064,171.7777099609375,94510400
2015-03-18,171.3067861389569,174.51171968750896,170.67075278336236,173.8426513671875,228808500
2015-03-19,173.42965405316122,173.85091604621357,172.6614555905891,173.0496826171875,117917300
2015-03-20,173.9964371148031,175.08334236742368,173.81390205525543,174.5772247314453,177715100
2015-03-23,174.5854719915161,175.15796701554652,174.23699951171875,174.23699951171875,71784500
2015-03-24,174.11261643600022,174.56894148177798,173.1916485785176,173.25802612304688,77805300
2015-03-25,173.46535710878118,173.69767205850724,170.67756505185307,170.7190399169922,159521700
2015-03-26,170.0553560026632,171.22522364528578,169.358398223387,170.31256103515625,153067200
2015-03-27,170.19636661978635,170.87671404274337,170.00552650267113,170.70248413085938,118939000
2015-03-30,171.73137224178052,173.08378784263246,171.71478735039733,172.78509521484375,96180400
2015-03-31,171.963646532205,172.66060427186957,171.21692146997367,171.27499389648438,126768700
2015-04-01,171.24185255968422,171.26674255705095,169.6820118701832,170.6693572998047,137303600
2015-04-02,170.60294970108774,171.73134247042432,170.4204146457377,171.28330993652344,86900900
2015-04-06,170.39551652393973,172.9509945167097,170.262774121107,172.43658447265625,114368200
2015-04-07,172.46148275849654,173.20820786869345,171.94707268970402,171.98025512695312,81236300
2015-04-08,172.20428539278765,173.00079052443866,171.81432527158861,172.56105041503906,89351900
2015-04-09,172.3950807864195,173.55665582878575,171.90556078000932,173.3243408203125,85548900
2015-04-10,173.57331838542098,174.3117512232594,173.37419839513305,174.270263671875,72722900
2015-04-13,174.1291903395314,174.75977064265913,173.43224515628404,173.48202514648438,74436600
2015-04-14,173.28286574935842,173.99640832035578,172.66059069303114,173.81387329101562,75099900
2015-04-15,174.27847263589555,175.0998674631492,174.19549757890078,174.59375,99529300
2015-04-16,174.2619265856519,175.05013921914878,174.0627939861519,174.5440216064453,68934900
2015-04-17,173.35761712419873,173.59822468846875,171.75628864397277,172.5362091064453,191113200
2015-04-20,173.4571243470922,174.4444696253035,173.37416192199962,174.1125946044922,92189500
2015-04-21,174.7929699282019,174.95061501917672,173.6065045133452,173.9051971435547,72559800
2015-04-22,174.24529722556355,174.942254866461,173.32432969387318,174.7597198486328,78264600
2015-04-23,174.3613970073118,175.84656664620005,174.2452395489809,175.19940185546875,102585900
2015-04-24,175.6143231698028,175.87152817072322,175.1579855906446,175.60601806640625,61327400
2015-04-27,176.17023044811464,176.29468040375724,174.68506012294367,174.8759002685547,79358100
2015-04-28,174.85097525162385,175.4815426675977,173.6810952620545,175.4317626953125,86863500
2015-04-29,174.54405651764822,175.3073793114101,173.90519637105058,174.7100067138672,125684900
2015-04-30,174.1374775440112,174.52743764078912,172.2623470377464,172.9593048095703,161304900
2015-05-01,173.7391862143041,174.87588389704135,173.63962625911066,174.8343963623047,103399700
2015-05-04,175.25756223646033,175.91303245626554,175.14970982400388,175.33224487304688,70927200
2015-05-05,175.09160603354397,175.44838364955402,173.1832933266122,173.3243408203125,113326200
2015-05-06,173.87195706754807,174.17894206411373,171.5487941735033,172.61080932617188,135060200
2015-05-07,172.5112563713364,173.7226241798103,172.17938137022506,173.29946899414062,88244900
2015-05-08,174.96717621586973,175.78027883907203,174.8842011346324,175.58114624023438,155877300
2015-05-11,175.5396205318406,175.8051179265287,174.66843307198297,174.74310302734375,75708100
2015-05-12,173.91348916793956,174.75978706151977,173.09208127179795,174.22047424316406,119727600
2015-05-13,174.62697884122056,175.2492539083147,174.02130132077684,174.2536163330078,94667900
2015-05-14,175.26583815484017,176.1619157026827,174.99203562687012,176.07064819335938,95934000
2015-05-15,176.26150512695312,176.40255263581574,175.78027751189376,176.26150512695312,76510100
2015-05-18,176.09552429951447,177.0579666326147,176.02914678340125,176.80906677246094,74549700
2015-05-19,176.92526494125534,177.19906751059696,176.46892732568597,176.7510223388672,72114600
2015-05-20,176.85059685814068,177.37331204809766,176.31129677913978,176.6265869140625,76857500
2015-05-21,176.48548802195896,177.3483704292244,176.31953789806212,177.1409454345703,64764600
2015-05-22,176.7592788260588,177.1741288176016,176.65142643720523,176.71780395507812,57433500
2015-05-26,176.22829770881899,176.65145286603982,174.4029600049852,174.81781005859375,124308600
2015-05-27,175.27415594755252,176.70953365613138,174.86759831808982,176.4772186279297,93214000
2015-05-28,176.1702416142466,176.38595910443956,175.5894540174039,176.27810668945312,74974600
2015-05-29,176.21170925672558,176.25318413307215,174.91737914129027,175.18287658691406,124919600
2015-06-01,175.84664258087983,176.17851755936138,174.75143236349666,175.53965759277344,93338800
2015-06-02,175.0833529472345,176.05410073518627,174.46107775032527,175.36544799804688,91531000
2015-06-03,175.8964251361335,176.45232269634687,175.34052757592013,175.83004760742188,87820900
2015-06-04,175.12478391204863,175.78024133719322,174.02957384242922,174.34486389160156,151882800
2015-06-05,174.19546720362598,174.71818211906913,173.39065739993677,174.04612731933594,121704700
2015-06-08,173.9383617105217,174.0877143403882,172.90123638724768,172.9759063720703,89063300
2015-06-09,172.95094299316406,173.49025552856625,172.32037562184607,172.95094299316406,105034700
2015-06-10,173.71429518187028,175.40689037129914,173.65622276176234,175.0252227783203,134551300
2015-06-11,175.46496915471943,175.971086709297,175.2326541454266,175.5894317626953,73876400
2015-06-12,174.7680612814801,175.46500645752488,173.9715434658424,174.24534606933594,135382400
2015-06-15,173.1086208896227,173.78067591599498,172.40337077095992,173.4985809326172,124384200
2015-06-16,173.3492477236761,174.5274330875997,173.17501778043052,174.4444580078125,85308200
2015-06-17,174.72653198242188,175.33222213944873,173.70600445707223,174.72653198242188,126708600
2015-06-18,175.3239947581,177.00828560781102,174.75980454608148,176.5436553955078,165867900
2015-06-19,176.3018084335659,176.37684161534378,175.38469380583308,175.75987243652344,130478700
2015-06-22,176.6770023791208,177.24393676409846,176.45189009247287,176.6603240966797,70696000
2015-06-23,176.86877909092357,177.11890247001577,176.39355612027157,176.785400390625,68476800
2015-06-24,176.51856260613104,176.89374121005542,175.47639274978548,175.50140380859375,92307300
2015-06-25,176.00170237269924,176.12675770364896,174.89283179166455,174.96786499023438,97107400
2015-06-26,175.32635352834328,175.56814411418458,174.38424041488037,174.93450927734375,104174800
2015-06-29,173.45870478589785,174.9427532273704,171.19094279676753,171.26597595214844,202621300
2015-06-30,172.8000848380619,172.85011967454733,171.1492914444219,171.62452697753906,182925100
2015-07-01,173.1919998852783,173.44212326454112,172.2165301557765,173.000244140625,135979900
2015-07-02,173.47545965044043,173.6422043099479,172.4249441241193,172.84181213378906,104373700
2015-07-06,171.55791342615387,173.12532894087204,171.3578121443192,172.34996032714844,117975400
2015-07-07,172.55000349604325,173.55881690458054,170.17385087151584,173.4337615966797,173820200
2015-07-08,172.0997778121791,172.3832449894244,170.29057227957045,170.52401733398438,164020100
2015-07-09,172.61666799820853,172.8751368028293,170.72409674318993,170.8324737548828,144113100
2015-07-10,172.82512389656327,173.4004037522597,170.87418477691543,172.98353576660156,129456900
2015-07-13,174.24241792419102,175.00110769647628,174.20072859736743,174.89273071289062,106069400
2015-07-14,174.85106427755088,175.9599343628904,174.7926966679971,175.6514434814453,81709600
2015-07-15,175.6931533625977,176.15171062773106,175.11787358650312,175.59310913085938,97914100
2015-07-16,176.64368408537769,177.002197265625,176.4019061857077,177.002197265625,106683300
2015-07-17,176.99382504937782,177.21060456995625,176.58530251623148,177.15223693847656,89030000
2015-07-20,177.3773278105306,177.7358281715561,176.92711598383323,177.24392700195312,70446800
2015-07-21,177.11052872219872,177.36899756318357,176.24344889766735,176.54359436035156,77965000
2015-07-22,175.85996069770812,176.56030873500586,175.82661684917207,176.226806640625,88667900
2015-07-23,176.36010635569716,176.46015056574527,174.8760578715985,175.23455810546875,90509100
2015-07-24,175.33461732742637,175.39297221011768,173.08353351936407,173.41702270507812,117755000
2015-07-27,172.53331692506057,173.04189635575844,171.96636987227896,172.4082489013672,132361100
2015-07-28,173.2420249526405,174.66771933333678,172.41663432543018,174.52598571777344,123544800
2015-07-29,174.65100546901073,175.95163153209302,174.50927188232112,175.72653198242188,105791300
2015-07-30,175.21801105827083,175.93502473275177,174.60104166150174,175.76828002929688,91304400
2015-07-31,176.2684392962481,176.2934503550564,175.21793666089977,175.50140380859375,103266900
2015-08-03,175.4680839189179,175.52643882350162,173.9590110746571,174.9094696044922,113965700
2015-08-04,174.83441582600307,175.29297311573126,174.08405860412074,174.567626953125,81820800
2015-08-05,175.4597248225571,176.1767382349005,174.85943393213935,175.14291381835938,85786800
2015-08-06,175.32631450183948,175.4347042383865,173.1252522637311,173.70887756347656,116030800
2015-08-07,173.55054798095728,173.70061440565385,172.47502105007425,173.37545776367188,117858000
2015-08-10,174.48430293888842,175.64319569501873,174.48430293888842,175.55982971191406,80270700
2015-08-11,174.22581609792064,174.64268410548195,173.21698992202937,173.97569274902344,126081400
2015-08-12,172.6750071402225,174.36748965037035,171.21596961617797,174.18406677246094,172123700
2015-08-13,174.02570109250638,174.7093706772288,173.42541019141387,173.96734619140625,89383300
2015-08-14,173.7755643017148,174.67600058360037,173.6338307279643,174.60096740722656,72786500
2015-08-17,174.00901651227431,175.57643127441406,173.5504592460368,175.57643127441406,79072600
2015-08-18,175.30136197924693,175.65152964294157,174.83447176098744,175.0679168701172,71692700
2015-08-19,174.3258205748909,175.09285600718206,172.87512838151815,173.68385314941406,172946000
2015-08-20,172.1748126984539,173.65886172552786,169.99876128116887,170.05712890625,194327900
2015-08-21,168.1895379121759,170.0320998308811,164.67951693145798,164.93797302246094,346588500
2015-08-24,156.31714588799085,164.64615924941685,152.07342055854252,157.99295043945312,507244300
2015-08-25,162.93700341049941,162.95368169086757,155.84191536900306,156.13372802734375,369833100
2015-08-26,160.14398522546526,162.40340227776665,157.05081959287378,162.12828063964844,339257000
2015-08-27,164.2626591901485,166.26362036631141,162.75359916753715,166.13856506347656,274143900
2015-08-28,165.49661374788724,166.6138170544639,165.01304528941307,166.1469268798828,160414400
2015-08-31,165.1714418279935,166.02185612224434,164.2543271261738,164.80459594726562,163298800
2015-09-01,161.01109506866067,162.3867671258326,159.0184665026377,159.88555908203125,256000400
2015-09-02,162.26167538279665,162.96202320130396,160.42745896303018,162.9203338623047,160269300
2015-09-03,163.62899367032688,165.12138796903685,162.54514724058606,163.03704833984375,152087800
2015-09-04,160.78600864944872,161.62807751318965,159.75217132697426,160.56922912597656,207081000
2015-09-08,163.36224883448918,164.75458655536866,162.72026849359887,164.60450744628906,116025700
2015-09-09,166.18026284486263,166.3053181540487,162.03659397647715,162.40342712402344,149347700
2015-09-10,162.21170467851854,164.4294459094821,161.95324850532432,163.2872314453125,158611100
2015-09-11,162.89532399093918,164.09590572079074,162.18664338818505,164.02920532226562,119691200
2015-09-14,164.20433782263007,164.25435995785483,162.9370552691167,163.42062377929688,79452000
2015-09-15,163.92084010360617,165.90513591068714,163.3789167770044,165.4632568359375,113806200
2015-09-16,165.76337869686665,167.0890157322511,165.42154392267057,166.89724731445312,99581600
2015-09-17,166.76391586283782,169.15673465108992,166.14694650395336,166.52212524414062,276046600
2015-09-18,164.01876403278732,166.5078213622885,163.3902112311698,163.8008575439453,223657500
2015-09-21,164.6305128473364,165.6697117155595,163.59969007749254,164.64727783203125,105726200
2015-09-22,162.48508230140018,162.97116463521715,161.3788233096915,162.51022338867188,153890900
2015-09-23,162.67789972312073,163.14721725645575,161.6722174676966,162.25048828125,92790600
2015-09-24,161.03523499204192,162.12472915587193,159.70270601966715,161.66378784179688,159378800
2015-09-25,163.12201224652293,163.42371808373352,160.75027162388326,161.6218719482422,155054800
2015-09-28,160.72512624676162,160.83407948138324,157.2555156054115,157.5655975341797,178515900
2015-09-29,157.78350936374622,159.01547380900044,156.6604853688763,157.6577911376953,159045600
2015-09-30,159.5434645960891,160.76705305770844,158.76406522986127,160.5994415283203,163452000
2015-10-01,160.97654180415807,161.3201536899569,159.08250756457684,161.01844787597656,131079000
2015-10-02,159.04064658051715,163.44889292368572,158.49589306831552,163.4237518310547,211003300
2015-10-05,164.64731598970752,166.55811547378664,164.5383627458455,166.3318328857422,126320800
2015-10-06,166.1977784415177,166.75928420829425,165.09990800289916,165.76197814941406,110274500
2015-10-07,166.69220479911124,167.4716169552266,165.50214631315984,167.11962890625,124307300
2015-10-08,166.73415645611158,168.91314530305888,166.43245050481033,168.62820434570312,153055200
2015-10-09,168.77063532913212,169.20642276618494,168.10017639559013,168.72872924804688,107069200
2015-10-12,168.8041578059088,169.089098705504,168.37674645651603,168.88796997070312,56395600
2015-10-13,168.1588314648313,169.4243260345395,167.6559968652406,167.8236083984375,88038700
2015-10-14,167.76494043382095,168.34321110380344,166.72574123600018,167.01905822753906,99106200
2015-10-15,167.68110349131211,169.59190271048726,167.3123505213068,169.58352661132812,134142200
2015-10-16,169.98581547086303,170.37132068160702,169.22316836151685,170.3545684814453,114580100
2015-10-19,169.7092981902237,170.43841552734375,169.39921615727704,170.43841552734375,76523900
2015-10-20,170.00258054949444,170.83226203580736,169.75115687960545,170.22047424316406,78448500
2015-10-21,170.63953499864772,170.79038155042025,168.9969111921257,169.16453552246094,102038000
2015-10-22,170.1114939640774,172.231810651103,169.16448328739693,172.0222930908203,174911700
2015-10-23,173.6900957948435,174.27674253547696,172.89393144770239,173.90798950195312,144442300
2015-10-26,173.73201452401705,173.79067280838166,173.1118377599379,173.4805908203125,69033000
2015-10-27,172.81010415201033,173.48056299169156,172.4664922383321,173.1453399658203,77905800
2015-10-28,173.48061775933203,175.13999400075386,172.81854759844293,175.11485290527344,135906700
2015-10-29,174.61198147797265,175.3830047490535,174.49465212776337,175.01425170898438,90525500
2015-10-30,175.20700293085025,175.5254737879926,174.10075660741566,174.25997924804688,131076900
2015-11-02,174.58682573847673,176.514377360471,174.46110751012557,176.32162475585938,86270800
2015-11-03,175.96959817870984,177.38593884073947,175.7433156476089,176.8328094482422,95246100
2015-11-04,177.12612652482335,177.25183192874763,175.76006812514808,176.2964324951172,96224500
2015-11-05,176.35514207934628,176.81608334110962,175.23213085100582,176.1204833984375,78408700
2015-11-06,175.7768941585432,176.26297653576705,174.7041650460284,176.02830505371094,110471500
2015-11-09,175.41650410925396,175.56736342301136,173.43865755824206,174.38568115234375,131008700
2015-11-10,173.90800255500784,174.82150910678078,173.63982664827824,174.78797912597656,75874600
2015-11-11,175.05618423722112,175.10646642520203,174.0337371218026,174.1007843017578,67846000
2015-11-12,173.06154914702296,173.53086655626646,171.65359691929243,171.67034912109375,121315200
2015-11-13,171.2597470281282,171.52792299357807,169.65902897466287,169.74282836914062,153577100
2015-11-16,169.5584285031652,172.3827219761185,169.44108635756888,172.3240509033203,117645200
2015-11-17,172.6341492455715,173.51411305218159,171.70389046640724,172.19834899902344,121123700
2015-11-18,172.67602370486216,175.07290561750696,172.63413041421526,174.93043518066406,121342500
2015-11-19,174.81310398174264,175.19862199754098,174.48625703293217,174.7795867919922,88220500
2015-11-20,175.5338943203775,176.09540011887867,175.0394357081375,175.41656494140625,94011500
2015-11-23,175.47517757537733,175.9780121229308,174.75443654807228,175.2153778076172,64931200
2015-11-24,174.20971963158328,175.85234352208911,173.82421434316055,175.4500732421875,98874400
2015-11-25,175.5757733126617,175.77691484040187,175.16511415567015,175.4249267578125,51980100
2015-11-27,175.51705385076303,175.8271485523665,175.03936043749243,175.62600708007812,37317800
2015-11-30,175.78526418784404,175.9025935308499,174.78795837832422,174.89691162109375,112822700
2015-12-01,175.5254524613775,176.681993612213,175.2488877171369,176.5646514892578,97858400
2015-12-02,176.51433519343627,176.83280595032042,174.5113479977439,174.7627716064453,108441300
2015-12-03,175.0142618268885,175.28243773375337,171.59493269576072,172.315673828125,166224200
2015-12-04,172.3156725330037,175.96966035065273,172.3156725330037,175.67633056640625,192913900
2015-12-07,175.34944691037563,175.76848206425177,173.64816520867367,174.61195373535156,102027100
2015-12-08,173.0531392360218,174.56165553159656,172.45810370188096,173.4386444091797,103372400
2015-12-09,172.80173567385899,174.88852275963552,171.1172060065192,172.08937072753906,162401500
2015-12-10,172.1564553948511,173.8409726411973,171.9217966576867,172.53358459472656,116128900
2015-12-11,170.42163133411054,171.08370136373824,168.87957198536282,169.18966674804688,211173300
2015-12-14,169.34889219017325,170.17019760312135,167.5721742429756,170.0444793701172,182385200
2015-12-15,171.55305551868912,172.7347381768895,170.0193847302054,171.82962036132812,154069600
2015-12-16,172.9525654775375,174.6454710813745,171.63680174288578,174.34376525878906,197017000
2015-12-17,174.6538513489731,174.7208985098075,171.6703230255021,171.6870880126953,173092500
2015-12-18,170.94696604259596,171.0818456183386,168.46837213360288,168.62855529785156,251393500
2015-12-21,169.80031028938737,170.19654856782793,168.68746758464948,170.01950073242188,99094300
2015-12-22,170.90476303100496,171.85742293411286,169.9183864593483,171.56234741210938,111026200
2015-12-23,172.56557498754754,173.7289993524299,172.47283807637507,173.6868438720703,110987200
2015-12-24,173.43390652848993,173.94817246379162,173.18098653564485,173.40017700195312,48539600
2015-12-28,172.7089222548446,173.04614042610552,171.93331016970558,173.00399780273438,65899900
2015-12-29,174.09994421962654,175.17905768630865,174.0662275518134,174.8502655029297,92640700
2015-12-30,174.6058079314911,174.69011890851283,173.46767406194292,173.61099243164062,63317700
2015-12-31,172.93655982743095,173.57727952894433,171.87429809570312,171.87429809570312,114877900
2016-01-04,169.0247682515306,169.48001408695998,167.42294971521045,169.47158813476562,222353500
2016-01-05,169.7919106364143,170.2134397222684,168.6537898230363,169.75819396972656,110845800
2016-01-06,167.21217457398305,168.66223583088512,166.5883196857206,167.61685180664062,152112600
2016-01-07,164.67460325391284,166.4534570404176,163.20767696731886,163.59548950195312,213436100
2016-01-08,164.55651679400643,165.11293824156806,161.51307646082637,161.79971313476562,209817200
2016-01-11,162.7186624135249,163.05589341995838,160.02931749748547,161.9599151611328,187941300
2016-01-12,163.40155500404893,164.01698392014976,161.14215222113893,163.26666259765625,172330500
2016-01-13,163.93267001905855,164.27832698024162,158.81531325949402,159.19468688964844,221168900
2016-01-14,159.8016965822818,162.92943553919108,158.208316977203,161.80816650390625,240795600
2016-01-15,157.4580180313653,159.13569598306336,156.40419505103233,158.3347930908203,324846400
2016-01-19,160.14733520491595,160.27378878445893,156.9774282612069,158.54551696777344,195244400
2016-01-20,155.9911018299942,158.0734572019925,152.6104421230259,156.5137939453125,286547800
2016-01-21,156.98589956251828,159.22842497611094,155.66229179050984,157.39056396484375,195772900
2016-01-22,159.99559332480396,160.82178680616093,159.2368460469932,160.6194610595703,168319600
2016-01-25,160.11357750516123,160.3074772476961,157.99750650746512,158.19140625,130371700
2016-01-26,158.84902781199466,160.62788116564204,158.51180967058326,160.34967041015625,141036800
2016-01-27,159.82695436366987,161.49620578116728,157.70244437337146,158.60452270507812,185681700
2016-01-28,160.1472990063032,160.34962468783962,157.78673409737553,159.43069458007812,143798800
2016-01-29,160.19794749351098,163.45215316238034,160.07991984185455,163.3172607421875,210529300
2016-02-01,162.31395785495897,164.04222935059738,161.7322457690278,163.2581787109375,136061600
2016-02-02,161.83345580102923,161.84188175187165,159.7932436610134,160.31594848632812,182564900
2016-02-03,161.36974495700076,161.68167232000985,157.73616680805867,161.27700805664062,205054900
2016-02-04,160.77960135882586,162.49943406698162,160.1473078410555,161.52992248535156,139531800
2016-02-05,161.0157089956883,161.58898246369031,157.8205108418134,158.4528045654297,180788300
2016-02-08,156.61489968589137,156.9099622889876,154.1110162141271,156.31982421875,191526700
2016-02-09,154.5831236069045,157.60127295093122,154.44823123236765,156.3282470703125,184513100
2016-02-10,157.1544910391713,158.781587282469,156.06693869578498,156.1934051513672,148214100
2016-02-11,153.72324244853974,155.2070332423687,152.66941960703548,154.16163635253906,219058900
2016-02-12,155.93201471521544,157.3567719419821,155.08895670778122,157.3399200439453,127632400
2016-02-16,159.14410602685712,160.02088092779238,158.18302015711848,159.99559020996094,120250700
2016-02-17,161.15900869027703,162.98001749067555,161.03254224177735,162.60906982421875,136009500
2016-02-18,162.8788033190904,162.9378235539374,161.6310810787867,161.94300842285156,102343000
2016-02-19,161.1674779793369,162.01896235972526,160.56047488264693,161.86721801757812,114793000
2016-02-22,163.4437207844097,164.35422536050385,163.37627457165644,164.21090698242188,103640300
2016-02-23,163.55324834789022,163.8230330766072,162.01887664741122,162.1369171142578,111455300
2016-02-24,160.71222239458268,163.15708654029385,159.60781797985007,162.87887573242188,150812200
2016-02-25,163.32565975002663,164.86003183247877,162.5669125237012,164.85159301757812,110728300
2016-02-26,165.7198875888636,165.81261160279362,164.31196966036924,164.47215270996094,129833700
2016-02-29,164.48910068824537,165.43332184054452,162.9884579866063,163.18235778808594,125918100
2016-03-01,164.40474909828157,167.10254520529068,163.93263863876854,167.0182342529297,141799700
2016-03-02,166.7063516447515,167.81918190324672,166.29324844973772,167.7686004638672,102415000
2016-03-03,167.5915456709263,168.44304274563157,167.0182722294656,168.42617797851562,95172200
2016-03-04,168.62003825160113,169.7497458306991,167.79384495325377,168.97412109375,129293600
2016-03-07,168.05518624135055,169.51368590949613,167.97931410528602,169.1090087890625,100219000
2016-03-08,168.03841193887513,168.54423927692915,167.1026165698169,167.26278686523438,123974900
2016-03-09,168.0720787159687,168.43458755741102,167.2880279218925,168.0889434814453,94801200
2016-03-10,168.57791165780847,169.5137067095646,166.40282010875242,168.22381591796875,156838700
2016-03-11,169.6738589665338,170.9806015203438,168.2069461885924,170.93844604492188,137964500
2016-03-14,170.43260165990134,171.17448392315413,170.10380956740292,170.71923828125,73612000
2016-03-15,169.75813469907237,170.74451087189442,169.49678881533862,170.44100952148438,93169100
2016-03-16,169.96054660976955,171.83213693477836,169.9183911248905,171.42745971679688,129303200
2016-03-17,171.34310356927125,173.02078066833934,170.9468653009185,172.51495361328125,134278500
2016-03-18,173.0150015735743,173.53192010962937,172.70146527364525,173.19296264648438,138372400
2016-03-21,172.93022360575443,173.66746300768244,172.70142026604074,173.43865966796875,72926700
2016-03-22,172.667500849292,173.913189128969,172.5065045158591,173.34542846679688,97471900
2016-03-23,172.96410706036843,173.15053748796785,172.0319549223713,172.20144653320312,81052500
2016-03-24,171.17610725384458,172.15910186414206,170.95578622618342,172.1251983642578,84360900
2016-03-28,172.54046502735622,172.75231668556324,171.7778042299705,172.2269287109375,62408200
2016-03-29,171.82009741350487,173.930143763803,171.515030627081,173.81997680664062,92922900
2016-03-30,174.8199601589143,175.30297513077699,174.21829586616255,174.5826873779297,86365300
2016-03-31,174.48943875381522,174.91314191454202,173.99794153572478,174.15895080566406,94584100
2016-04-01,173.16750911313966,175.53176736306241,172.85395994142385,175.3453369140625,114423500
2016-04-04,175.26911580798074,175.47249805525396,174.47255150249285,174.77761840820312,63497000
2016-04-05,173.43867285349214,174.78604597682616,172.7776968710869,173.03192138671875,99662200
2016-04-06,173.03188798409573,174.9809249871637,172.8539269783888,174.92160034179688,91839800
2016-04-07,173.83695269721892,174.1928618424129,172.09976694798488,172.8285369873047,113859000
2016-04-08,174.00643500437033,174.4386205635236,172.760746505157,173.29461669921875,95040600
2016-04-11,173.93012339335658,174.6250026873143,172.79460218314483,172.8878173828125,83757500
2016-04-12,173.05735163971852,174.7775857523279,172.6166966514925,174.49794006347656,115350600
2016-04-13,175.41313736255353,176.3452896414696,175.27754922554817,176.2605438232422,96336400
2016-04-14,176.31986770012065,176.76899208786213,175.92158563093162,176.26901245117188,65212900
2016-04-15,176.26898125098356,176.40456936338802,175.75206288653632,176.07408142089844,75761600
2016-04-18,176.07410600301003,177.3452156408778,175.4131300257505,177.3113250732422,82531000
2016-04-19,177.73507600777685,178.12487582702926,177.05714809947773,177.8706512451172,88316100
2016-04-20,177.9129203804974,178.73490538862524,177.4383750006281,178.0400390625,81100300
2016-04-21,178.05701639332952,178.16718335548487,176.81132803650763,177.08250427246094,85695000
2016-04-22,176.7265951605682,177.3536675780196,176.18425561905624,177.08250427246094,99251700
2016-04-25,176.48080744822406,176.81977768048833,175.87067396054059,176.77740478515625,66166500
2016-04-26,177.14184577319264,177.5486101955067,176.56561557050952,177.0401611328125,75864200
2016-04-27,176.65877363671703,177.79429485484587,176.30286458015692,177.4044952392578,77329400
2016-04-28,176.65030689544608,177.7519246407792,175.37919756123753,175.79441833496094,97216200
2016-04-29,175.1758401291601,175.5232798328265,173.74372134169164,174.84535217285156,142424100
2016-05-02,175.34535849252697,176.4130860705998,174.91318581505888,176.23513793945312,62188000
2016-05-03,175.00639131542593,175.24366409735376,173.95560261660503,174.70132446289062,106422100
2016-05-04,173.70980679084445,174.43857666186707,173.22677903580248,173.72674560546875,92243800
2016-05-05,174.19283770960945,174.54874680549554,173.26916794192456,173.69287109375,67619200
2016-05-06,172.92167203064136,174.3707420281093,172.76914515216572,174.328369140625,89315000
2016-05-09,174.20135557223787,174.90469156894966,174.02339452280697,174.47251892089844,74374900
2016-05-10,175.1758817791427,176.65884323088056,175.108087703987,176.6418914794922,77472200
2016-05-11,176.18424108823578,176.7180982468476,174.98939514160156,174.98939514160156,81727000
2016-05-12,175.6588403846355,175.8283319833032,174.03182189449538,175.0402374267578,89586300
2016-05-13,174.74371877301226,175.2945278848564,173.19296316024688,173.5149688720703,96474600
2016-05-16,173.68441173226154,175.70123005894357,173.62508708098525,175.2266845703125,77486800
2016-05-17,174.9555419473399,175.24365703801797,173.06581624757146,173.59121704101562,114924900
2016-05-18,173.24370114002068,174.81987696672738,172.55730428378223,173.64198303222656,120062100
2016-05-19,172.92179937692507,173.32855094946422,171.83711989655447,173.04043579101562,115430500
2016-05-20,173.65054750262146,174.65049394868106,173.59970517882817,174.13357543945312,104990400
2016-05-23,174.1504364810159,174.4300820673808,173.70979458467602,173.89622497558594,58682600
2016-05-24,174.7097869812184,176.46392454670195,174.68436582204296,176.15037536621094,93537800
2016-05-25,176.8282659808313,177.7604180561647,176.15033837426097,177.34518432617188,76621400
2016-05-26,177.48080294319328,177.7096062974516,177.08252089075677,177.39605712890625,55280700
2016-05-27,177.55704249760646,178.16717607316846,177.50620018804196,178.15870666503906,64211200
2016-05-31,178.42988153996555,178.54004850476804,177.26045662250806,177.8197479248047,109879400
2016-06-01,177.209602796253,178.3620758910807,177.01470296613778,178.1841278076172,69936200
2016-06-02,177.78577351773424,178.7433334626903,177.3112282475987,178.7263946533203,63044700
2016-06-03,178.16717528087767,178.54003612321796,176.98928103642675,178.19259643554688,101757100
2016-06-06,178.54846720325298,179.45519795979135,178.38745797131506,179.0992889404297,64887000
2016-06-07,179.25187675468737,179.93827387747152,179.2264555968358,179.3789825439453,60974800
2016-06-08,179.51459018821174,180.09083333308234,179.38748438513582,179.96371459960938,66170900
2016-06-09,179.2349286731146,179.836592925502,178.96376534035116,179.71795654296875,73786900
2016-06-10,178.34507523028142,178.68403246341097,177.4722351407131,178.01458740234375,113829200
2016-06-13,177.41303453769132,178.26891049203684,176.5571585833458,176.6418914794922,117751200
2016-06-14,176.26051251313893,176.88759783759872,175.34531214651957,176.29440307617188,125059300
2016-06-15,176.29440241797562,177.41298494979887,175.86222985634978,176.0486602783203,109124500
2016-06-16,176.0486783356093,176.74355778520848,174.2182774214604,176.57406616210938,149533100
2016-06-17,176.4701621006193,176.49571546014107,175.26058875857578,175.91648864746094,117055700
2016-06-20,177.8756526087873,178.54857937058586,176.96420617446128,177.0493927001953,82789600
2016-06-21,177.43270284148394,177.96082289803414,176.98975631147866,177.5519561767578,72461700
2016-06-22,177.7308159554772,178.45486236220714,177.11750942210634,177.2623291015625,95560500
2016-06-23,178.71891135430852,179.62183119566257,178.2589379814508,179.5707244873047,102731400
2016-06-24,173.45481116117125,179.60490652182892,172.679657649497,173.1226043701172,333444400
2016-06-27,171.71698066604066,171.72550711458237,169.21264835015094,170.02188110351562,230775800
2016-06-28,171.62333532467787,173.11400855868138,171.31668202520586,173.0884552001953,159382400
2016-06-29,174.48541454653184,176.26570103323945,174.38320112073447,176.0357208251953,137328600
2016-06-30,176.5042742574847,178.48898819813584,175.95058770521945,178.43788146972656,165021900
2016-07-01,178.43783741644256,179.29817712440217,178.27599081800903,178.81263732910156,106055300
2016-07-05,177.98640172520842,178.09714162296606,176.93016146096247,177.52642822265625,109803700
2016-07-06,177.0323514386638,178.7104246011787,176.376451588928,178.59117126464844,96021500
2016-07-07,178.77005163259213,179.43446496128354,177.71381146782082,178.48043823242188,85593800
2016-07-08,179.77518342317939,181.38510989572447,179.54519021349057,181.13807678222656,133971000
2016-07-11,181.5980735130661,182.34767335157056,181.39363364866333,181.77694702148438,73633900
2016-07-12,182.73942336344783,183.39532294643186,181.80242395918495,183.09718322753906,101275600
2016-07-13,183.51464757652928,183.52316102982908,182.58617425894235,183.0717010498047,87324100
2016-07-14,184.3324092932635,184.56240254403048,183.70207571376685,184.09390258789062,91230900
2016-07-15,184.65606748793815,184.85198088781613,183.4039010235686,183.8468475341797,107155400
2016-07-18,183.96614240440573,184.50278900963733,183.7105957829792,184.3409423828125,58725900
2016-07-19,183.92351020759827,184.18757022804962,183.6764900910065,184.15350341796875,54345700
2016-07-20,184.15352396690736,185.15865744693104,184.15352396690736,184.92015075683594,58159500
2016-07-21,184.8094482951668,185.03091510877863,183.77874832142388,184.22169494628906,67777300
2016-07-22,184.3409060500352,185.09901931234043,184.07684602574125,185.04791259765625,62787500
2016-07-25,184.84344312947385,184.89454983597076,183.96607667424624,184.54530334472656,55873100
2016-07-26,184.4431389683606,184.98829897865974,183.78723906611887,184.6305389404297,70080500
2016-07-27,185.00529881803118,185.07344542926506,183.66794594313563,184.43458557128906,84083900
2016-07-28,184.23865756764218,184.93715057841146,183.77868419290988,184.6475372314453,65035700
2016-07-29,184.38349187444857,185.3034386969352,184.1023919573851,184.9456787109375,79519400
2016-08-01,185.00529642288348,185.39712318535925,184.34088321900114,184.79234313964844,73311400
2016-08-02,184.54535479474276,184.6986879546182,182.77359448659124,183.60836791992188,92295500
2016-08-03,183.54872231596235,184.20462218226243,183.25059546592718,184.14498901367188,53993600
2016-08-04,184.2557558431233,184.6561091839086,182.5010223057108,184.3409423828125,46585500
2016-08-05,184.3408265772367,185.89111924406347,184.3408265772367,185.84852600097656,71892200
2016-08-08,186.03599608154948,186.1382225030644,185.47380925258756,185.7378692626953,39906500
2016-08-09,185.80594575552257,186.3425790259923,185.52484594830847,185.84852600097656,51251700
2016-08-10,185.9593393883668,186.03599945766584,185.03937956386426,185.3886260986328,57941100
2016-08-11,185.9167709854497,186.49601080319758,185.65271093524512,186.2489776611328,72504300
2016-08-12,185.94224700795738,186.30001989232443,185.68671351574434,186.08706665039062,61313500
2016-08-15,186.45338874073167,186.97299530682014,186.44487528797663,186.62374877929688,49813500
2016-08-16,186.20641494037457,186.27454857463394,185.6612548828125,185.6612548828125,53213600
2016-08-17,185.69528553228906,186.14674550776292,184.86051219996892,186.0104522705078,75134300
2016-08-18,185.984894674359,186.46190799624154,185.87416779454654,186.42784118652344,52989300
2016-08-19,185.95936001723447,186.3341599500134,185.47383319350868,186.1552734375,75443000
2016-08-22,185.91678104326473,186.37676754071967,185.5505075338474,186.1467742919922,61368800
2016-08-23,186.76005207653185,187.0581919083206,186.4619122447431,186.52154541015625,53399200
2016-08-24,186.3767707733863,186.47047076540858,185.15015742241846,185.5675506591797,71728900
2016-08-25,185.18419646592582,185.85713621615523,185.03087631886928,185.4397430419922,69224800
2016-08-26,185.62714639773398,186.64931972308202,184.2046197953318,185.0904998779297,122506300
2016-08-29,185.21824086345805,186.26596732761564,185.1841610610908,186.0019073486328,70502200
2016-08-30,185.9167640174861,186.19786396293492,185.14162380170342,185.69529724121094,58114500
2016-08-31,185.3630887083761,185.48234204788133,184.3920220873651,185.16717529296875,85269500
2016-09-01,185.158665049594,185.46531837768464,184.01723827189448,185.1757049560547,97844200
2016-09-02,186.02749217457432,186.43635888870114,185.43973896184536,186.0104522705078,79293900
2016-09-06,186.2916081177802,186.64936822473558,185.57608790386942,186.5727081298828,56702100
2016-09-07,186.4108420848466,186.73453533739107,185.95086856596222,186.55564880371094,76554900
2016-09-08,186.22339967997087,186.49598614584542,185.8230464317414,186.12969970703125,74102900
2016-09-09,184.81792135656548,184.86902807179513,181.64917503593986,181.6747283935547,221589100
2016-09-12,180.91660570571437,184.68161850409962,180.8484590897426,184.28126525878906,168110900
2016-09-13,183.00351488487263,183.2675748541307,181.01027544179323,181.63209533691406,182828800
2016-09-14,181.68327923819794,182.88433928383373,181.01035235311795,181.56402587890625,134185500
2016-09-15,181.40215693605646,183.76167029972945,181.2232704331191,183.37835693359375,134427900
2016-09-16,182.76365265916039,182.9434427794408,181.98459697339692,182.6694793701172,155236400
2016-09-19,183.32013997282112,183.96222703135763,182.3784070616497,182.7037353515625,80250500
2016-09-20,183.55983983997842,183.7139344539165,182.67804138032696,182.7122802734375,69665300
2016-09-21,183.41428773203177,184.94672955056805,182.72939235227372,184.76695251464844,110284400
2016-09-22,185.77721029026128,186.23095081871756,185.52894234694025,185.93130493164062,76678700
2016-09-23,185.53748245832742,185.67446416968156,184.81834806866058,184.9125213623047,73630900
2016-09-26,184.08209142666828,184.2618684960777,183.21740578661957,183.41432189941406,89827300
2016-09-27,183.25163275907568,184.6470929586741,182.88349608546716,184.5529327392578,78494800
2016-09-28,184.77551177596033,185.62307129089558,183.81666606772146,185.46896362304688,87411000
2016-09-29,185.26350574056914,185.66588132423695,183.24307136462014,183.79098510742188,128070600
2016-09-30,184.62140374429694,185.879895265527,184.37313586079327,185.17788696289062,117202900
2016-10-03,184.7669790094918,184.95531252922103,184.09919644758304,184.73272705078125,83512100
2016-10-04,184.8440172416814,185.06660270918726,183.2002760132762,183.79098510742188,119948100
2016-10-05,184.41599299134825,185.0323976977853,184.3475021280445,184.60433959960938,72816000
2016-10-06,184.38171632211893,184.95531252922103,183.8423720737274,184.73272705078125,62927400
2016-10-07,185.00667607802794,185.1778966683796,183.37149135408836,184.09918212890625,89788300
2016-10-10,185.05804443359375,185.52034134257795,184.91250627588957,185.05804443359375,51855000
2016-10-11,184.6300194685232,184.69851033087284,181.99318005289527,182.7208709716797,130367400
2016-10-12,182.85785897793858,183.48283321961216,182.36131000631838,182.96060180664062,73866100
2016-10-13,181.63360671311602,182.85784654528132,180.8202989779291,182.36129760742188,101357000
2016-10-14,183.33722747021903,183.79953740371388,182.3783817759969,182.45542907714844,93346200
2016-10-17,182.42970376932973,182.68654110943314,181.64207883942504,181.82186889648438,58275700
2016-10-18,183.4143423549097,183.4742636969639,182.58390858242552,182.96060180664062,76869700
2016-10-19,183.22593141104383,183.75671909700407,182.86636429507476,183.44851684570312,66519200
2016-10-20,183.097540097914,183.6625798404998,182.44689658612387,183.10610961914062,73639800
2016-10-21,183.10612290915276,183.27734352328338,182.14726395608955,183.1917266845703,89089100
2016-10-24,184.06495270797885,184.33891611727435,183.61976869952085,183.9707794189453,60146600
2016-10-25,183.7910151836165,184.04785265018015,183.19173647049877,183.35440063476562,66542300
2016-10-26,182.53248092126256,183.56837386828238,182.29275644560417,182.98622131347656,75705500
2016-10-27,183.70537192840828,183.73961082038784,182.42119793483377,182.4982452392578,77220200
2016-10-28,182.47258296054287,183.14890892401726,181.24834322181863,181.9589080810547,140623200
2016-10-31,182.29279876235523,182.51539731357715,181.8048193679365,181.9674835205078,61272500
2016-11-01,182.292819939302,182.3441978855262,179.4419644304559,180.64907836914062,122781800
2016-11-02,180.34086915477957,180.72613188868763,179.12518573960872,179.5618133544922,103330800
2016-11-03,179.77577410226917,179.98980306721924,178.46591788183787,178.7398681640625,88939300
2016-11-04,178.85121684361937,179.69020696041335,178.39747635756683,178.5430145263672,109122100
2016-11-07,178.54296915542682,182.51534631095052,178.54296915542682,182.48109436035156,109794900
2016-11-08,182.08731064527544,183.86803345879056,181.82191678048162,183.30299377441406,106772100
2016-11-09,181.81336513348813,185.86280353964403,181.78768269651837,185.24639892578125,258429000
2016-11-10,186.03403802709047,186.8987106173026,184.2533149055971,185.70870971679688,172113300
2016-11-11,184.98959378734756,185.52038166177718,184.33895016503715,185.28067016601562,100552700
2016-11-14,185.80288643230247,186.00835901047284,184.68137636929268,185.4261932373047,94580000
2016-11-15,185.81142771850293,186.87301635742188,185.60596822040515,186.87301635742188,91652600
2016-11-16,186.25657880926144,186.75312761404004,186.13672310212814,186.52197265625,65617700
2016-11-17,186.67608388481742,187.54075628400358,186.56478463203283,187.4808349609375,69797200
2016-11-18,187.54933270762592,187.72055328977922,186.88155022962977,187.06134033203125,86265800
2016-11-21,187.63496313098892,188.49963568487826,187.4894249623122,188.4739532470703,72402600
2016-11-22,188.78215239591617,189.02186385363086,188.11438289752599,188.8420867919922,67429000
2016-11-23,188.32840436105832,188.9961738326538,188.13150132797097,188.94480895996094,56620200
2016-11-25,189.2872681456414,189.6810742220705,189.21020777130136,189.64683532714844,37872300
2016-11-28,189.33862014822847,189.61257047886514,188.6537247266964,188.75645446777344,76572500
2016-11-29,188.7907185282828,189.5783437413918,188.49107267987097,189.12460327148438,69886700
2016-11-30,189.74098234075745,189.90364646152315,188.61090301541208,188.67083740234375,113291800
2016-12-01,188.97047105412133,188.97047105412133,187.6178062778789,187.97738647460938,79040500
2016-12-02,188.06299200507038,188.55954083115392,187.71198132508658,188.07154846191406,74840300
2016-12-05,188.90202952729857,189.54411666106003,188.70512646400132,189.20167541503906,67837800
2016-12-06,189.39001699968676,189.83520105835166,188.91059404264573,189.8009490966797,59877400
2016-12-07,189.6468370623224,192.34359747994642,189.52698133405676,192.28367614746094,110738100
2016-12-08,192.2579960253395,193.22539832109896,191.99258906506745,192.75453186035156,99714400
2016-12-09,192.97708833051314,193.93593395913584,192.94283637903837,193.91880798339844,88005800
2016-12-12,193.8246554596792,194.30409138860358,193.27674174705902,193.6962432861328,102016100
2016-12-13,194.35549606822372,195.48556261678567,194.33837008714514,194.989013671875,110477500
2016-12-14,194.68934251772694,195.39135084417444,192.94285856387455,193.37948608398438,142501800
2016-12-15,193.6191890299093,195.0317751413727,193.38803406253228,194.1756591796875,124972600
2016-12-16,194.63122666208193,194.69151431182837,193.47727268966827,193.7958984375,156420200
2016-12-19,193.97671020154215,194.6398085172496,193.83031426124336,194.21783447265625,90341100
2016-12-20,194.75179627515462,195.11349590689724,194.51929197797907,194.9670867919922,89838800
2016-12-21,194.8379146533777,195.010144436063,194.424560546875,194.424560546875,67909000
2016-12-22,194.27812548816664,194.39868762581972,193.69252857650352,194.0886688232422,56219100
2016-12-23,194.13177206117248,194.38151643666708,193.94232848222345,194.37290954589844,36697800
2016-12-27,194.63982731069177,195.25124493566398,194.62260039243822,194.85511779785156,42672500
2016-12-28,195.1134687068661,195.13068248480434,193.13279360002076,193.24473571777344,64095000
2016-12-29,193.31367859594346,193.66675823630646,192.76253533744898,193.2017364501953,48696100
2016-12-30,193.5289669064038,193.61508837779465,191.80664260092001,192.49557495117188,108998300
2017-01-03,193.7958967308444,194.4762220905839,192.79695876636885,193.9681396484375,91366500
2017-01-04,194.29539466616654,195.26851207345445,194.28678777541126,195.1221160888672,78744400
2017-01-05,194.85514465863406,195.12210279706622,194.17481926686474,194.9670867919922,78379000
2017-01-06,195.07903007244784,196.12964878124782,194.53649379847863,195.6646270751953,71559900
2017-01-09,195.40624274697097,195.54403179960835,194.9842687008767,195.0187225341797,46939700
2017-01-10,195.0359363105439,195.87126437426303,194.63118918110112,195.0187225341797,63771900
2017-01-11,194.93265109478259,195.56991577148438,194.26955260662038,195.56991577148438,74650000
2017-01-12,195.05323723028695,195.26852777910625,193.72705323128866,195.07907104492188,72113200
2017-01-13,195.25129252946203,195.82826959885762,195.21685182484828,195.52687072753906,62717900
2017-01-17,194.8895735022401,195.29432070049256,194.4503856051168,194.83790588378906,61240800
2017-01-18,195.08762859655678,195.31153912048646,194.53648545658123,195.2684783935547,54793300
2017-01-19,195.3459793101046,195.4837683798126,194.114523992848,194.54510498046875,66608800
2017-01-20,195.22541859869793,195.7507279330802,194.59677403141717,195.25987243652344,129168600
2017-01-23,195.2599267517825,195.3202012743101,193.99401723548334,194.7518310546875,75061600
2017-01-24,194.9670681283333,196.41382709593856,194.8551260056911,196.00047302246094,95555300
2017-01-25,196.94778620019798,197.69700622558594,196.78416328499497,197.69700622558594,84437700
2017-01-26,197.55060044787433,197.8175717636981,197.2147477205455,197.49032592773438,59970700
2017-01-27,197.5678029008803,197.7141988777078,196.9994327741686,197.18028259277344,59711100
2017-01-30,196.49137484772928,196.5172086621444,194.97573412744237,195.95745849609375,79737300
2017-01-31,195.46654382670206,196.00047319321024,194.8981869027836,195.940185546875,75880800
2017-02-01,195.94018351228783,196.8530131051667,195.43210109969132,196.01768493652344,79117700
2017-02-02,196.01768366488298,196.43105087203583,195.32876460020597,196.14686584472656,69657600
2017-02-03,197.05107611387086,197.6797206338681,196.74105729820448,197.49887084960938,80563200
2017-02-06,197.094191134407,197.49033153341225,196.81000602778656,197.14585876464844,57790100
2017-02-07,197.53334759389273,197.77447190734355,196.96497750920597,197.15443420410156,57931200
2017-02-08,197.15442953477168,197.54194980504766,196.61189327221177,197.41278076171875,51566200
2017-02-09,197.4128034001183,198.8853832240936,197.4128034001183,198.583984375,65955200
2017-02-10,198.92844207107467,199.59154055725963,198.60119627316433,199.3676300048828,66015900
2017-02-13,199.8584786124461,200.7110337232728,199.8326448036595,200.4526824951172,55182100
2017-02-14,200.27181596629785,201.26216006813095,199.92735645105307,201.2535400390625,71109000
2017-02-15,201.0382443889537,202.49361011298362,200.98657677702403,202.3041534423828,86785800
2017-02-16,202.33003687434092,202.51088670074023,201.38276642928537,202.13197326660156,84722400
2017-02-17,201.46886778666237,202.45059204101562,201.4516408656272,202.45059204101562,77204100
2017-02-21,202.82089123635168,203.8284492656725,202.81227120600053,203.65621948242188,88946100
2017-02-22,203.25147490734517,203.69926972156108,203.08785201202807,203.47537231445312,62115200
2017-02-23,203.99202672625512,204.00924050254326,202.8552867574507,203.6131134033203,74615900
2017-02-24,202.76921937918132,203.91455332700036,202.72615864919575,203.8715057373047,82381600
2017-02-27,203.7854077732879,204.36238482880697,203.53567653504197,204.19015502929688,56515400
2017-02-28,203.8111610058301,204.05228525786973,203.25141109365651,203.63893127441406,96961900
2017-03-01,205.2923958208318,206.95444520988164,205.27516890262774,206.48941040039062,149158200
2017-03-02,206.30004155099638,206.30866158391254,205.13748031289802,205.18914794921875,70246000
2017-03-03,205.10293156730737,205.48184491207374,204.724018222541,205.31822204589844,81974300
2017-03-06,204.52598307687302,205.05989933306515,204.10400894970482,204.7068328857422,55391500
2017-03-07,204.40535567296112,204.7584351478734,203.88865336136823,204.0953369140625,65103700
2017-03-08,204.38819704453468,204.6465482866462,203.57870261805394,203.71649169921875,78168800
2017-03-09,203.8370491788356,204.30208403201433,203.010340991413,203.97483825683594,90683900
2017-03-10,204.93079113794738,204.97385188049256,203.74238297322788,204.68966674804688,81991700
2017-03-13,204.62931534588895,204.8359989615552,204.30208271311278,204.79293823242188,57256800
2017-03-14,204.2504474886715,204.3021282593268,203.39790530710178,204.0093231201172,59880800
2017-03-15,204.57767388337365,206.196662895698,204.34515642855678,205.77468872070312,96081800
2017-03-16,205.91253160672528,205.99003306514646,205.0427623570887,205.3699951171875,78344000
2017-03-17,205.632027875245,205.82230883065284,205.00929260253906,205.00929260253906,89002100
2017-03-20,205.0092494983875,205.2946708714881,204.3951718875136,204.7843780517578,52537000
2017-03-21,205.38980684946205,205.51089350230714,202.0253135695641,202.15504455566406,131809300
2017-03-22,202.18968445195426,202.91620449898713,201.56694921236672,202.6307830810547,97569200
2017-03-23,202.63076264780625,203.54756354767736,202.04263120164606,202.41453552246094,100410300
2017-03-24,202.7172732379335,203.2881028594989,201.48910466205444,202.26751708984375,112504900
2017-03-27,200.59822377562864,202.31939645634566,200.321459915953,202.05992126464844,87454500
2017-03-28,201.75722350860326,203.95408544436285,201.6447811726046,203.53028869628906,93483900
2017-03-29,203.24486140080134,203.95407953685887,203.01997673531778,203.72055053710938,61950400
2017-03-30,203.66002924668305,204.56818591683856,203.4870501660482,204.36924743652344,56737900
2017-03-31,204.03191476196116,204.55950948750663,203.84163383160336,203.89353942871094,73733100
2017-04-03,203.94538736645,204.14431258756326,202.31071114653665,203.53887939453125,85546500
2017-04-04,203.2534725441906,203.7551209962921,202.8729107393236,203.6686248779297,56466200
2017-04-05,204.34332411644053,205.32067516778423,202.85568010097163,203.06326293945312,108800600
2017-04-06,203.20162468780876,204.15301621103774,202.76051286391876,203.6340789794922,69135800
2017-04-07,203.3832198328587,204.11839730552617,202.9421212677317,203.4264678955078,74412300
2017-04-10,203.56487877074764,204.343291194087,203.01998215593574,203.54757690429688,67615300
2017-04-11,203.16700087724368,203.4091742008586,201.8177457321159,203.30538940429688,88045300
2017-04-12,203.02862636532242,203.21890729142282,202.1896640631861,202.41453552246094,81864400
2017-04-13,202.07717359496428,202.8123509249832,201.09982299804688,201.09982299804688,92880400
2017-04-17,201.6188347524172,202.88160705566406,201.4199094790997,202.88160705566406,68405400
2017-04-18,202.14642256401504,202.81240582699647,201.59288163305118,202.27615356445312,83225800
2017-04-19,202.83830791464553,203.21021216665906,201.67932070713752,201.90420532226562,68699900
2017-04-20,202.51833360852208,203.9886887153188,202.19832166519814,203.54757690429688,92572200
2017-04-21,203.46975338052528,203.521645786266,202.50105994680993,202.89891052246094,110389800
2017-04-24,205.13898490980165,205.3379233603899,202.87292893794245,205.13034057617188,119209900
2017-04-25,205.7703726936147,206.66987167555047,205.68387656955395,206.32391357421875,76698300
2017-04-26,206.28930854770627,207.17151885724383,206.15093322651757,206.1941680908203,84702500
2017-04-27,206.51415929272352,206.66983645255385,205.83087434248145,206.36712646484375,57410300
2017-04-28,206.6266222370468,206.65256843460105,205.7876599895779,205.9174041748047,63532800
2017-05-01,206.43634033203125,206.86015021914145,206.02118797570128,206.43634033203125,66882500
2017-05-02,206.57475792811164,206.69584459897976,206.10771311117955,206.51422119140625,57375700
2017-05-03,206.51419754423213,206.60933800312412,205.58873915342298,206.26336669921875,73137700
2017-05-04,206.5661041306076,206.64394273028756,205.65794754197145,206.50555419921875,61462700
2017-05-05,206.87745917038717,207.33585960395547,206.4363474040606,207.3185577392578,62001300
2017-05-08,207.36178939446052,207.50882223911654,206.86014093756975,207.28395080566406,48385700
2017-05-09,207.54346036253196,207.7423856326874,206.74773288699615,207.0937042236328,51363200
2017-05-10,207.05040860193037,207.46556091308594,206.8428258476256,207.46556091308594,54293800
2017-05-11,207.01586288180906,207.20614381507636,205.96067341458388,207.04180908203125,62358300
2017-05-12,206.79098702830493,207.0850527749916,206.42772701225834,206.6958465576172,53912700
2017-05-15,207.11961833133617,207.95858054618077,207.10231646782097,207.83749389648438,61918900
2017-05-16,208.1315939933016,208.15754019413583,207.25804110448254,207.64724731445312,51241800
2017-05-17,207.64721259393744,207.64721259393744,203.9021575960711,203.96270751953125,172174100
2017-05-18,203.8848658703277,205.63198464016048,203.625390695013,204.7843780517578,107047700
2017-05-19,205.26875680431252,206.78234683353799,205.21686440061802,206.11636352539062,115011400
2017-05-22,206.6266353290807,207.32722229980186,206.55745426285634,207.1628875732422,61010600
2017-05-23,207.53478073115593,207.78561157318967,207.15421890010862,207.62127685546875,48341700
2017-05-24,207.85480369589155,208.2094061280343,207.51747673301352,208.10562133789062,46927700
2017-05-25,208.61594932157783,209.37707310415792,208.40837970629798,209.1002960205078,64071700
2017-05-26,208.90997604809624,209.22134361030675,208.83213745690742,209.05702209472656,46629900
2017-05-30,208.7370082051156,209.12621437940422,208.58133101438253,208.87539672851562,35201900
2017-05-31,209.1694902615477,209.2040939957279,208.13160259292346,208.8235321044922,91796000
2017-06-01,209.28189341336648,210.50141746443626,208.9964720483849,210.48411560058594,68962000
2017-06-02,210.5360110522851,211.34038276481593,210.2419453498353,211.1846923828125,88666100
2017-06-05,211.01170509458183,211.29712645256342,210.83006852224628,211.0290069580078,44698800
2017-06-06,210.4667992308275,211.02034005878886,210.27651833395444,210.3543701171875,50375400
2017-06-07,210.69169891436508,210.9684627494031,210.02571572770137,210.74359130859375,54144300
2017-06-08,210.83873725835193,211.32308388038217,210.31978690763057,210.84738159179688,65950700
2017-06-09,211.11549039214944,211.91120454476018,209.26458692472863,210.52735900878906,132256400
2017-06-12,210.2851903574007,210.53600799468163,209.63650903629403,210.48411560058594,86108100
2017-06-13,211.02036254185137,211.56525909526675,210.67440443656096,211.51336669921875,60067000
2017-06-14,211.78147826011883,211.79012259331708,210.423565693046,211.2452392578125,78602300
2017-06-15,209.89596964776152,210.95981650965615,209.6192058152247,210.83872985839844,66464900
2017-06-16,210.99778680066592,211.0499322546097,210.00698339029083,210.88479614257812,84553100
2017-06-19,211.71045520387923,212.70125857570505,211.61485078809721,212.6404266357422,65123800
2017-06-20,212.28412717005747,212.29281365996601,211.18903265983135,211.20640563964844,56906400
2017-06-21,211.59749874860742,211.71047615166384,210.68491346435795,211.15423583984375,55977600
2017-06-22,211.16294370634014,211.65833882940308,210.8848169088331,211.0586395263672,44148100
2017-06-23,211.11950584472999,211.64097374946985,210.73708809083058,211.3107147216797,66986800
2017-06-26,211.97992043403343,212.39711064820162,211.2411709623493,211.4497528076172,56700500
2017-06-27,211.2324448471982,211.52795786080534,209.7288600990162,209.74624633789062,82247700
2017-06-28,210.76311067350048,211.82344573453494,210.52844287820562,211.62355041503906,70042600
2017-06-29,211.77129021282053,211.82343566222565,208.5555259686431,209.76361083984375,106949700
2017-06-30,210.57193157446784,210.94566280210128,209.96354578022047,210.15475463867188,86820700
2017-07-03,211.09339088533196,211.5279540165934,210.51107788085938,210.51107788085938,39153800
2017-07-05,210.87614082870252,211.20639983977458,210.06784638763787,210.99781799316406,54427600
2017-07-06,210.23297023107446,210.35464738842117,208.88582174928314,209.06834411621094,65400800
2017-07-07,209.6419858765696,210.57194423329292,209.07704575652258,210.4241943359375,57972300
2017-07-10,210.42419365296854,211.02389299205186,210.11999410763698,210.65016174316406,36663300
2017-07-11,210.65010394625625,210.80655355178624,209.32904172660182,210.49366760253906,50354600
2017-07-12,211.45842825120994,212.24063660467954,211.45842825120994,212.07550048828125,59610400
2017-07-13,212.08417855598307,212.5448143799926,211.8581972569354,212.43182373046875,39471600
2017-07-14,212.4318041777918,213.77895231310274,212.33619977433588,213.422607421875,60262700
2017-07-17,213.34438470728657,213.7268023129602,213.22270758382786,213.3965301513672,33531900
2017-07-18,212.988101404327,213.56172797868854,212.64914265798896,213.50958251953125,42742500
2017-07-19,213.82247370216416,214.6742138332142,213.81377395088398,214.66552734375,51034300
2017-07-20,214.91754476266078,215.03922191099483,214.21355460002698,214.7611083984375,47135200
2017-07-21,214.18751329032523,214.5960037614684,213.96153193754682,214.56993103027344,82340800
2017-07-24,214.4917057542839,214.65684189782053,214.04845604938308,214.51779174804688,46622300
2017-07-25,215.26521368818368,215.36951787097334,214.81327752275382,215.03924560546875,54915600
2017-07-26,215.3261004915522,215.3608597179854,214.78724628001723,215.0479736328125,47575400
2017-07-27,215.50858225374023,215.54334147361757,213.52696191351524,214.84803771972656,70766600
2017-07-28,214.36999645778127,214.7263414233966,213.9180603305673,214.59597778320312,50088400
2017-07-31,214.9957873263703,215.09139175817583,214.26572435357318,214.4743194580078,65838700
2017-08-01,215.07397816454593,215.10873737781307,214.4308199936887,214.95230102539062,55050400
2017-08-02,215.08268283502977,215.19567349587365,214.12663861669216,215.05661010742188,47211200
2017-08-03,214.9436057790186,214.9696785049686,214.3612927964457,214.63941955566406,40856000
2017-08-04,215.12615252230128,215.36080708246598,214.6481303893106,215.03054809570312,60191800
2017-08-07,215.1000846337351,215.4303436279297,214.9957804539439,215.4303436279297,31995000
2017-08-08,215.11745858993362,216.33424343971365,214.52645903629823,214.90017700195312,61719400
2017-08-09,214.2135468227478,214.9436096862463,213.85720187920182,214.89146423339844,62632600
2017-08-10,214.05711915685916,214.18749606416483,211.8060851326242,211.8582305908203,120479500
2017-08-11,212.08422263855766,212.762140152982,211.84955480300584,212.17112731933594,74869900
2017-08-14,213.4487314454998,214.491680385441,213.4139722276217,214.27439880371094,73291900
2017-08-15,214.65681195914163,214.6741981986198,213.94413528231837,214.24832153320312,55242700
2017-08-16,214.76977439774194,215.16957828230625,214.19614792668534,214.6220245361328,56715500
2017-08-17,214.01364977380297,214.32653575018128,211.27589416503906,211.27589416503906,128490400
2017-08-18,211.11075577820276,212.2319360405409,210.50237007009596,210.9456329345703,136748000
2017-08-21,210.88481073859253,211.37151935817374,210.18082053799722,211.11077880859375,65469700
2017-08-22,211.693127736705,213.47482628195309,211.6757414950578,213.31838989257812,63140100
2017-08-23,212.35367822775106,212.97945036542944,212.2059283149406,212.55357360839844,50203800
2017-08-24,212.93597944081628,213.09241583554956,211.84957138244476,212.05816650390625,50741700
2017-08-25,212.84907343401937,213.46615908099753,212.40582369558797,212.55357360839844,64445900
2017-08-28,213.08373905284878,213.10981178649212,212.14508085623504,212.56227111816406,40565600
2017-08-29,211.24982905988216,213.06629978130863,211.13683840100393,212.80557250976562,51135700
2017-08-30,212.78818857668327,214.08319150724105,212.60566622281107,213.81375122070312,62030800
2017-08-31,214.43080576922682,215.34339088326126,213.84849283748224,215.10003662109375,103803900
2017-09-01,215.47376752778257,215.83011245528897,215.2564859761538,215.40423583984375,62007000
2017-09-05,214.9001417922281,215.12612309426453,212.8924623701218,213.85719299316406,91398800
2017-09-06,214.53511956173446,214.91753723218903,214.0049520207523,214.58726501464844,57916900
2017-09-07,214.89145995468658,214.90884619256107,214.15269735588026,214.56118774414062,58034700
2017-09-08,214.27438584760446,214.76979418966545,214.06580402931732,214.3091583251953,63832800
2017-09-11,215.5780660762442,216.67317362286178,215.56069310000328,216.59495544433594,71364800
2017-09-12,216.95999602215846,217.3597866815819,216.7774736694203,217.3250274658203,56896000
2017-09-13,217.03823234422606,217.46410902833395,216.9252416753817,217.42933654785156,59228000
2017-09-14,217.10774620268882,217.55969557911206,216.93392360000743,217.3597869873047,95446300
2017-09-15,217.21570023594433,217.739756008967,217.11089174686597,217.6524200439453,95432400
2017-09-18,218.01923179186971,218.4646811341499,217.7309951606429,218.1153106689453,46235200
2017-09-19,218.35991184000716,218.4210590125854,218.0105413121157,218.33370971679688,47108100
2017-09-20,218.42105066508134,218.525859153917,217.41658711242658,218.4123077392578,59574100
2017-09-21,218.25510815450258,218.34244412458347,217.65243265212848,217.82711791992188,48211400
2017-09-22,217.53014764359605,218.03674424025084,217.50394552028905,217.87078857421875,51214000
2017-09-25,217.61745072905316,217.96683453307224,216.6828773745145,217.42529296875,57064400
2017-09-26,217.8532711530073,218.0978331385597,217.32047254284774,217.55630493164062,54082000
2017-09-27,218.2551118242006,218.78791056288938,217.37292921641892,218.40359497070312,81001400
2017-09-28,218.1240620366598,218.74421000106764,218.03672607545622,218.6656036376953,44778800
2017-09-29,218.65685867643668,219.51283905062218,218.4734438302756,219.43421936035156,85578000
2017-10-02,219.6613046021802,220.38626098632812,219.4866060401173,220.38626098632812,59023000
2017-10-03,220.3862739216219,220.8841275353606,220.30765423302748,220.85792541503906,66810200
2017-10-04,220.70944693575927,221.36452661284386,220.59589552688965,221.11996459960938,55953600
2017-10-05,221.4518382143416,222.44755868087944,221.1548719920263,222.4300994873047,63522800
2017-10-06,221.9846763219045,222.4650707832565,221.7226550953771,222.1768341064453,80646000
2017-10-09,222.4039281542774,222.46506199550856,221.54794775599703,221.8099822998047,35803100
2017-10-10,222.37774343936067,222.77078862202265,221.836201785734,222.39520263671875,43057400
2017-10-11,222.29912037898842,222.7445831298828,222.13317804080668,222.7445831298828,47674300
2017-10-12,222.43013121510202,222.77950172323375,222.1768262682205,222.41265869140625,47065100
2017-10-13,222.84936629148,222.96291769784074,222.41264651640637,222.68341064453125,54800400
2017-10-16,222.91049850746452,223.17251969283203,222.5698576388578,222.98036193847656,38221700
2017-10-17,222.92798871346952,223.1812936647346,222.70962881020068,223.1376190185547,31561000
2017-10-18,223.5131544794035,223.5568291183193,223.16378402333427,223.35594177246094,40888300
2017-10-19,222.57858928408425,223.45202878369093,222.1593420560092,223.41708374023438,61903800
2017-10-20,224.21190536689664,224.59622083655938,223.39959979190442,224.5699920654297,89176400
2017-10-23,224.89325951379504,224.91946163811397,223.6180183829025,223.69662475585938,63915300
2017-10-24,224.12457516951147,224.3254491898928,223.7315167426879,224.08963012695312,66935900
2017-10-25,223.75772255286773,223.87127395161298,221.85363085850938,222.98036193847656,103715300
2017-10-26,223.59181270302912,223.86256352467024,223.14634996797955,223.2686309814453,69798000
2017-10-27,224.01107480102058,225.25137086942868,223.27738867171036,225.09413146972656,85562500
2017-10-30,224.01103797268954,224.99802890928333,223.95863373315882,224.25559997558594,54285700
2017-10-31,224.631152068545,224.8582548559498,224.3079837358577,224.60494995117188,60304800
2017-11-01,225.38232419680972,225.72295172317124,224.5350868601323,224.90191650390625,54202700
2017-11-02,224.83213660235435,225.1291029284388,223.76653900627872,224.98934936523438,56449500
2017-11-03,225.14650410247782,225.7841245724056,224.73598644613577,225.74046325683594,59589700
2017-11-06,225.6094359811802,226.22085435776503,225.53957254212585,226.08984375,49652600
2017-11-07,226.19465366347248,226.5265649754122,225.42602255271962,225.93263244628906,57502200
2017-11-08,225.75792233683754,226.41300200160703,225.47841528260687,226.31690979003906,50469600
2017-11-09,225.1115493942185,225.68802260513684,223.91491500860073,225.49586486816406,95085500
2017-11-10,225.11158468854057,225.6007087038398,224.79713258998552,225.42601013183594,59984700
2017-11-13,224.74473659867962,225.86273819686548,224.70979155194425,225.63563537597656,50228600
2017-11-14,224.8321261873201,225.2164418045128,224.0547520258686,225.11163330078125,61315200
2017-11-15,224.14206074959475,224.6661298286348,223.27736409509808,223.98484802246094,80811500
2017-11-16,224.92820321766374,226.2558487465771,224.88454189064078,225.8889923095703,67777000
2017-11-17,225.53954973835357,225.86271808991955,225.14649129953867,225.22509765625,75756800
2017-11-20,225.46973965569177,225.80162435524875,225.22515094770566,225.60946655273438,48075500
2017-11-21,226.3780568662347,227.26898226933415,225.57450740471495,227.08554077148438,69176800
2017-11-22,227.0943215877787,227.22533221148802,226.71874891472385,226.88470458984375,45033400
2017-11-24,227.37377301865303,227.513526534814,227.23401950249206,227.40869140625,27856500
2017-11-27,227.4524398025085,227.74940610752606,227.09432632006434,227.29522705078125,52274900
2017-11-28,227.75812937033317,229.62727634177566,227.6620371490641,229.60107421875,98971700
2017-11-29,229.73206784726955,230.26487984974452,229.01586765243735,229.4613037109375,77512100
2017-11-30,230.3784610083552,232.3786187053131,230.29985463494003,231.4702606201172,127894400
2017-12-01,231.25185497707815,231.73223604917192,227.75809691018895,230.98980712890625,164390900
2017-12-04,232.60569136026692,233.03366822283851,230.65791150982508,230.71034240722656,94040600
2017-12-05,229.88055419921875,231.59248823067725,229.74954359953608,229.88055419921875,77994500
2017-12-06,229.97658330871684,230.3521825086304,229.46125726145766,229.92417907714844,75898600
2017-12-07,230.64926147460938,230.9636870177481,229.6622702054214,230.64926147460938,77218600
2017-12-08,231.60127319694897,231.91569869326315,230.61428207474475,231.906982421875,76563900
2017-12-11,232.60560607910156,232.66675322426758,231.88066322509968,232.60560607910156,83077500
2017-12-12,233.39179273103937,233.48788494970145,232.6406474545075,233.01622009277344,85195800
2017-12-13,233.26080018071406,233.6975200232834,232.90268671117553,232.9900360107422,102905400
2017-12-14,233.2870374429561,233.40058888396956,231.98562064576336,232.03802490234375,100666700
2017-12-15,233.0396994948025,234.43556407095812,232.98702738185418,233.97027587890625,144610300
2017-12-18,235.3660769189462,235.80502893603057,235.26073272148673,235.45387268066406,83653600
2017-12-19,235.6996276686428,235.7435121431235,234.47932849669675,234.54957580566406,82382900
2017-12-20,235.5153197895893,235.56799189149214,234.1282431203036,234.42672729492188,76751500
2017-12-21,235.05009009619357,235.62074932777256,234.66381005859233,234.9096221923828,67032300
2017-12-22,234.92713742476712,234.96226108962753,234.31259385148846,234.84812927246094,78720900
2017-12-26,234.44431077412563,234.7867062791785,234.30386967573068,234.56723022460938,45244400
2017-12-27,234.73399229080826,235.04126407068716,234.40917207463843,234.6813201904297,57751000
2017-12-28,235.18175980019154,235.20809585350116,234.7954798239778,235.1641845703125,45116100
2017-12-29,235.74356204218506,235.76111047739207,234.0843373997339,234.27745056152344,96007400
2018-01-02,235.13784025255728,235.9894083349834,234.7515602899202,235.95428466796875,86655700
2018-01-03,236.12111810246338,237.59601759479307,236.12111810246338,237.44676208496094,90070400
2018-01-04,238.08763838347974,238.93041894439426,237.50821837550382,238.4475555419922,80636400
2018-01-05,239.23767928983673,240.15946797234622,238.7460550869637,240.0365753173828,83524000
2018-01-08,239.94000464548068,240.6335564936815,239.65030803580805,240.4755401611328,57319200
2018-01-09,240.89688647081562,241.64311033514758,240.6159507209364,241.01980590820312,57254000
2018-01-10,240.2647516047838,240.91441875952185,239.59756280712446,240.65103149414062,69574300
2018-01-11,241.20410573171674,242.40682983398435,241.0373018410298,242.40682983398438,62361500
2018-01-12,242.67026541950014,244.1538987144319,242.3717544461334,243.98712158203125,90816100
2018-01-16,245.24244584505615,245.89208612074793,242.45947885241839,243.1530303955078,106555100
2018-01-17,244.0836722321971,245.8570288429602,243.15309604331574,245.4707489013672,113258800
2018-01-18,245.35663540941204,245.7780122100609,244.5665003251841,245.0581512451172,100728000
2018-01-19,245.6375450366647,246.17308044433594,245.05815193414344,246.17308044433594,140920100
2018-01-22,245.96241956189593,248.1747283935547,245.90972066426502,248.1747283935547,91322400
2018-01-23,248.21859845859058,248.99115835882742,247.89377822587898,248.7014617919922,97084700
2018-01-24,249.34230987749274,249.939305019952,247.42848539217053,248.60487365722656,134816100
2018-01-25,249.46529301349233,249.56184962807964,247.92017284798752,248.7102813720703,84587300
2018-01-26,249.5443230492065,251.63373978565417,249.28972327428647,251.58982849121094,107743100
2018-01-29,251.0191484690479,251.45810058127645,249.76375185803687,249.92176818847656,90118300
2018-01-30,248.09569731750025,249.9743981091749,246.88418540558078,247.35826110839844,131796400
2018-01-31,248.2098613943564,248.71024642133222,246.41014172914782,247.48118591308594,108364800
2018-02-01,246.75254341754422,248.49956422699574,246.4101479147717,247.20025634765625,90102500
2018-02-02,245.88341509241843,246.0151221655599,241.78361717245468,241.81874084472656,173174800
2018-02-05,240.06291099027115,242.1698756837403,231.1609496616137,231.7052459716797,294681800
2018-02-06,228.20244317759622,236.77079761721302,227.11385043179706,236.2703857421875,355026800
2018-02-07,235.7172043792899,239.10590067729856,234.90952097825843,234.98855590820312,167376100
2018-02-08,235.28707148417266,235.42753934624014,226.13929955438024,226.17442321777344,246449500
2018-02-09,228.95738632420708,231.42429478550562,222.039510890829,229.57192993164062,283565300
2018-02-12,231.61744087262778,234.4091964404118,229.71240386406902,232.94308471679688,143736000
2018-02-13,231.74034719721283,234.06678771243006,231.16092727411035,233.52249145507812,81223600
2018-02-14,232.03881626808786,237.03409243343134,232.03002865434567,236.6741485595703,120735700
2018-02-15,238.41245071551432,239.70297096491808,235.95430287347807,239.69418334960938,111200300
2018-02-16,239.07087926559547,241.70459187762137,239.02696798048893,239.764404296875,160420100
2018-02-20,238.8162675010244,240.25604318291386,237.47307520829037,238.26318359375,86369700
2018-02-21,238.7021616780107,241.17785810812944,236.98147683910005,237.07803344726562,98883700
2018-02-22,237.99981276687265,239.711709729396,236.7180802507282,237.38526916503906,110511300
2018-02-23,238.60552651042548,241.1689910888672,238.1314508669865,241.1689910888672,92766400
2018-02-26,242.24017736679352,244.06623369319567,241.65199636691335,243.9696502685547,86491400
2018-02-27,244.15386753203052,244.86499441716154,240.86172754616226,240.92318725585938,99099200
2018-02-28,242.02061880237406,242.46835850910344,238.1666333695874,238.482666015625,121907800
2018-03-01,238.27192412429704,239.81704371338597,233.5224603436801,235.01490783691406,176855100
2018-03-02,233.34691584624574,236.78831195402194,232.48658691293335,236.2264404296875,139083200
2018-03-05,235.04131119345968,239.57130027476285,234.93594018007119,238.95675659179688,97307400
2018-03-06,239.93114362799335,240.01017856159976,238.06999150332558,239.56243896484375,79213200
2018-03-07,237.40285992477092,239.82585724110842,237.2097199336888,239.47470092773438,87063500
2018-03-08,240.15068154029282,240.75643757744385,239.15867230598982,240.633544921875,66901200
2018-03-09,242.038240459574,244.82118225097656,241.72218096140145,244.82118225097656,113625300
2018-03-12,245.11081957380026,245.73412394284,244.1275445405689,244.51382446289062,71924800
2018-03-13,245.67274250351971,246.17315439753227,242.3279291766168,242.93368530273438,91968900
2018-03-14,243.89060599288945,244.07495840526627,241.13400025798666,241.6870574951172,105895100
2018-03-15,242.19614373976535,242.83699647068977,240.9231723076105,241.423583984375,83433000
2018-03-16,241.9498400999178,242.73431697378314,241.63254174564145,241.6854248046875,100343700
2018-03-19,240.93625086908648,241.8617314494688,236.76712305431,238.41537475585938,109208400
2018-03-20,238.81200848856804,239.4554549648832,238.14212048028443,238.82083129882812,59757300
2018-03-21,238.77671055837496,240.86567198647185,238.15090979060938,238.36244201660156,78709600
2018-03-22,236.14128090528047,236.9874367365729,232.13080299363773,232.40406799316406,148785900
2018-03-23,232.84483100714124,233.17095224027113,227.25660218969375,227.4505157470703,183534800
2018-03-26,231.04669419910772,233.955370261597,228.6492300456166,233.67330932617188,141956100
2018-03-27,234.60760614398222,235.13643669911855,228.14678157438954,229.69808959960938,129941400
2018-03-28,229.83029701052686,231.49619395397707,227.91760350865525,229.01937866210938,146452300
2018-03-29,230.15641224241278,233.8055043683826,229.0281955901973,231.94569396972656,111601600
2018-04-02,231.41682631878385,231.9280650176336,224.47124538181424,226.93922424316406,186286300
2018-04-03,228.1732379441203,230.32390533759397,226.38395605270182,229.84793090820312,119956900
2018-04-04,226.30464403356794,233.01223907187764,226.17243637884116,232.30711364746094,123715300
2018-04-05,234.06113617759715,235.02190791920242,232.97700648742247,234.14048767089844,82652600
2018-04-06,232.1837048489923,233.67328013698705,227.40639586017514,228.9224395751953,179521200
2018-04-09,230.37679561184027,233.43532481155327,229.11637116929023,230.05067443847656,105442900
2018-04-10,232.93291826893037,234.49304931652253,231.79590552096968,233.7085723876953,103529000
2018-04-11,232.22779429217832,234.140488069733,232.1572925076709,232.48341369628906,91140200
2018-04-12,233.80553590428718,235.33919847775888,233.62924110095946,234.3960723876953,68890500
2018-04-13,235.70059074735886,235.81517968292337,232.70376729661248,233.7085723876953,85079200
2018-04-16,235.3392547879426,236.3969700633702,234.51954024383548,235.63011169433594,63405300
2018-04-17,237.39293495805802,238.75032985118625,236.88172298207755,238.15097045898438,64682000
2018-04-18,238.59160948485868,239.1292628354769,237.86883854573958,238.3271942138672,57303900
2018-04-19,237.67495751316204,237.87769384781993,235.97382294019738,237.00509643554688,77655900
2018-04-20,236.934603681862,237.15495877080377,234.1140477838813,234.99546813964844,99953100
2018-04-23,235.56838720920786,236.123686276615,233.88487128536516,234.960205078125,65558000
2018-04-24,235.98261340103326,236.20296842635491,230.29744298821194,231.79586791992188,112885500
2018-04-25,231.73418132998165,232.8095150189369,229.91845792222574,232.36880493164062,103840900
2018-04-26,233.39116280552875,235.5594480416197,232.95045289338353,234.7309112548828,67731900
2018-04-27,235.33922785351837,235.6389075375341,234.01709735995928,234.95140075683594,57053600
2018-04-30,235.5684066465393,236.12370575976553,233.0739720424936,233.14450073242188,82182300
2018-05-01,232.58032548825824,233.66448193214373,231.02901745124638,233.5587158203125,74203400
2018-05-02,233.36482048739748,234.17571200711808,231.60198008945386,231.98980712890625,86368900
2018-05-03,231.1612782885642,232.1308190231915,228.3318999811481,231.47857666015625,136311500
2018-05-04,230.50901174745036,235.15411363285418,230.18289056208346,234.47540283203125,91222100
2018-05-07,235.24221997236103,236.23820207584941,234.55468648152564,235.26866149902344,55304900
2018-05-08,234.89845322694333,235.6300200638076,233.70853072952212,235.26866149902344,67499200
2018-05-09,235.9386244543892,237.86893743150807,235.4185896060483,237.54281616210938,59666100
2018-05-10,238.2831213529077,240.09004880901813,238.17735523817117,239.76390075683594,72063900
2018-05-11,239.8873622488972,240.75995977528183,239.3761233898816,240.49554443359375,59871500
2018-05-14,240.9274363554898,241.57967880988596,240.06363472492131,240.61013793945312,54790600
2018-05-15,239.38487489995578,239.40249361788256,238.00986173509827,238.95298767089844,87036100
2018-05-16,238.98823842248126,240.41613455876956,238.96176999888644,239.95777893066406,53942600
2018-05-17,239.69340582604104,240.83044538955156,238.97945763236936,239.75511169433594,56536400
2018-05-18,239.41132004082448,239.77270550482476,238.8031380280931,239.15570068359375,64368000
2018-05-21,240.6365285554006,241.49150719389405,240.2487015297659,240.95382690429688,58025900
2018-05-22,241.47382746719947,241.72944681135456,239.9577839171706,240.28390502929688,52966400
2018-05-23,239.0147370148245,240.9714910129223,238.85606092939213,240.9450225830078,64694200
2018-05-24,240.5484167533651,240.8216548938382,238.67098721482813,240.45144653320312,76043800
2018-05-25,239.87850952148438,240.5043103513088,239.3760935361218,239.87850952148438,56374800
2018-05-29,238.2567297105146,239.01476518952487,236.00911860533242,237.11968994140625,115908600
2018-05-30,238.42412164985015,240.7246150508308,238.35361988187896,240.28390502929688,69678400
2018-05-31,239.87843075938645,240.1781103104658,238.21256106385695,238.81192016601562,93519900
2018-06-01,240.1077086367524,241.45628062814544,240.0371799489807,241.15660095214844,71258400
2018-06-04,241.97627752345397,242.55801806189862,241.73830376178478,242.30239868164062,45385200
2018-06-05,242.43462683786473,242.8577182376583,241.66779553102288,242.4787139892578,51135000
2018-06-06,243.0869228694796,244.61176284099088,242.46991787253975,244.50599670410156,62732200
2018-06-07,244.9907462065433,245.28160302621228,243.57164575012257,244.47950744628906,72969400
2018-06-08,244.02117074995135,245.2551535642236,243.85369877171357,245.2022705078125,72139700
2018-06-11,245.4227372570026,246.2424519033104,245.3081482830159,245.52850341796875,58892500
2018-06-12,245.9426006289708,246.20701584698483,245.20221111973012,245.8456573486328,72329000
2018-06-13,246.08369940431285,246.33931878526906,244.85851245663383,245.06124877929688,79070600
2018-06-14,245.92501919674507,246.20705317244978,245.0876593814196,245.67822265625,77097600
2018-06-15,244.8955883333687,245.7012856482646,243.78886570624715,245.36483764648438,120041600
2018-06-18,243.91277699312204,244.98410382907056,243.43469232640646,244.86013793945312,52917600
2018-06-19,242.5935790794082,244.14299062462337,242.17745032648094,243.92164611816406,97531500
2018-06-20,244.60335587235951,245.00178675664176,244.001305352654,244.33775329589844,53785500
2018-06-21,244.32891207392933,244.34663692695875,242.31025125886632,242.80606079101562,71061400
2018-06-22,244.06335437668065,244.17845786417627,243.02745000881802,243.24879455566406,54898500
2018-06-25,242.09774805892368,242.2571096047278,238.25521101018867,239.9374237060547,137854200
2018-06-26,240.50417269724036,241.31870559655965,239.75159574359012,240.46875,68547400
2018-06-27,241.0530619154473,242.47850775660206,238.3260821033997,238.4766082763672,105110700
2018-06-28,238.42346234970134,240.60148478447195,237.71514369883715,239.84007263183594,76650500
2018-06-29,240.92906280620025,242.2925525243365,240.07024504485113,240.1853485107422,97592500
2018-07-02,238.61823583374448,240.85824111556073,238.3791664787934,240.6988525390625,63554800
2018-07-03,241.59311867340935,241.69052431494146,239.42395853253888,239.8489227294922,42187100
2018-07-05,240.97338766695466,241.86760124254315,239.90206063048137,241.8056182861328,56925900
2018-07-06,241.8321843733216,244.22268900358912,241.45145125988475,243.85084533691406,66493700
2018-07-09,244.8513799026031,246.09976665933533,244.807121791495,246.04664611816406,50550400
2018-07-10,246.4981344115885,247.0293667064297,246.20594449060724,246.9319610595703,51966800
2018-07-11,245.38254542362452,246.1705449354682,244.82475287381996,245.1257781982422,77054700
2018-07-12,246.38299417963543,247.4011734981169,245.78094361109248,247.34805297851562,60124700
2018-07-13,247.17103350001074,247.84390253014723,246.71948199088973,247.54287719726562,48216000
2018-07-16,247.58730034080202,247.72893714850753,246.87898120421306,247.32167053222656,48201000
2018-07-17,246.55124995828604,248.71157476595965,246.49812943183477,248.32200622558594,52315500
2018-07-18,248.40161038614585,248.95054033653466,247.95892145588545,248.84429931640625,44593500
2018-07-19,248.18036413165808,248.56107027763503,247.42778724848594,247.90589904785156,61412100
2018-07-20,247.70223938621334,248.33087733719734,247.46319700882336,247.62255859375,82337700
2018-07-23,247.41898931255392,248.28664279808868,247.07367878860228,248.08302307128906,47047600
2018-07-24,249.49074848563848,250.17248002160983,248.46370645742684,249.33135986328125,68026900
2018-07-25,249.0833737679788,251.7749303769225,249.03911567707434,251.45620727539062,78882900
2018-07-26,250.73908296962176,251.54475324487566,250.6416773306691,250.86302185058594,57919500
2018-07-27,251.1906128472391,251.2880184882975,248.24231566683144,249.16311645507812,76768700
2018-07-30,249.24279041796194,249.40215198668153,247.33920594196468,247.86160278320312,63742500
2018-07-31,248.62306335604032,249.6943634693256,248.24235719456868,249.0834503173828,68570500
2018-08-01,249.28707288390544,249.79174492044822,248.0209885982045,248.66729736328125,53853300
2018-08-02,247.3658379522572,250.19016966280472,247.16219123122863,250.02197265625,63426400
2018-08-03,250.14588536337493,251.14636698690998,249.96879892714696,251.09324645996094,53935400
2018-08-06,251.128690386701,252.3239293637216,250.73912180973468,252.01406860351562,39400900
2018-08-07,252.67807071803176,253.22700082078438,252.5452423864147,252.8462677001953,43196600
2018-08-08,252.67812584104703,253.1385128296892,252.2796947984672,252.74008178710938,42114600
2018-08-09,252.80202652249167,253.1915950768919,252.2619588109262,252.39476013183594,35717000
2018-08-10,250.9603957161205,251.5004633069356,249.99530995422668,250.70362854003906,77076000
2018-08-13,250.97813090933042,251.58904395946368,249.4729773325625,249.76516723632812,65732900
2018-08-14,250.49121809619365,251.5979408721001,250.10164951750664,251.35887145996094,43842000
2018-08-15,250.01302843557366,250.15469214912642,248.0474883168638,249.48179626464844,102925400
2018-08-16,250.91613552227457,252.36816850268517,250.8807128345686,251.50048828125,69967900
2018-08-17,251.2969003032694,252.82861442412454,250.88963386809417,252.38592529296875,65618500
2018-08-20,252.83739063793178,253.19153641817607,252.3858392318554,252.92593383789062,39807500
2018-08-21,253.43949950542424,254.37799819792022,252.96138773126302,253.51918029785156,67272000
2018-08-22,253.11183940984816,253.89097628816754,252.84620982700872,253.3686065673828,44993300
2018-08-23,253.1915881432276,254.0504060210551,252.7134763814482,253.0322265625,49204900
2018-08-24,253.60761669562268,254.6966411059472,253.5544961897128,254.5549774169922,57487400
2018-08-27,255.75025973945864,256.671060366002,255.5908981943619,256.5648193359375,57072400
2018-08-28,257.0252026557289,257.1314707039436,256.22836792145466,256.68878173828125,46943500
2018-08-29,256.9012714179143,258.3001567022933,256.6622290964166,258.0699768066406,61485500
2018-08-30,257.5918929605646,257.96373661193746,256.4320498724357,257.0252380371094,61229500
2018-08-31,256.617989857108,257.4768077102713,256.13104270122597,257.03411865234375,66140800
2018-09-04,256.617960406128,256.94554594826343,255.59091866725385,256.5914001464844,57594400
2018-09-05,256.2372658547544,256.4409125342316,254.89150093970582,255.90081787109375,72452400
2018-09-06,256.00711579754653,256.30814116044616,254.10355796237556,255.13059997558594,65909900
2018-09-07,254.08583548590653,255.60868701029355,253.84676608884516,254.634765625,73524800
2018-09-10,255.64414275692633,255.90977248057104,254.8827303256062,255.0775146484375,50210900
2018-09-11,254.43110457674317,256.361222382682,254.0858211620934,255.9185333251953,50530500
2018-09-12,255.92737874577733,256.58254986104964,255.1925268478039,255.98049926757812,59810800
2018-09-13,257.04295190384914,257.68042515569164,256.75962445423187,257.4944763183594,51034200
2018-09-14,257.69824102558806,257.8841629284876,256.75974206100244,257.53887939453125,55079900
2018-09-17,257.4855702461782,257.5209659029717,255.90073646814687,256.1752014160156,68244000
2018-09-18,256.38773979012984,258.15849572409456,256.36117953190404,257.5653076171875,61930400
2018-09-19,257.61843821443676,258.25591145639254,257.4944723248046,257.83978271484375,49080600
2018-09-20,259.0970906351815,260.2480714927518,257.8575395336768,259.9293212890625,100360600
2018-09-21,260.6700717174075,260.785696210054,259.53165901903327,259.6917419433594,105479700
2018-09-24,259.11374214506895,259.25604717756437,258.25103654562844,258.8291320800781,53409600
2018-09-25,259.2826480794176,259.3893700355499,258.34880382135856,258.58892822265625,44370000
2018-09-26,258.7313131778317,259.9141847464246,257.3972340300499,257.81524658203125,79739700
2018-09-27,258.2865870236804,259.6206660004718,258.0108795398294,258.5356140136719,59249500
2018-09-28,257.913024857578,259.0603403412746,257.87746896148747,258.5622863769531,70091400
2018-10-01,259.7985457060066,260.5278487801344,258.7935622699914,259.4606018066406,62078900
2018-10-02,259.3093566894531,260.02085456876165,258.93582980248266,259.3093566894531,47258200
2018-10-03,260.358885266842,260.7768978308185,259.0959721701713,259.45172119140625,64694600
2018-10-04,258.97141213367536,259.02477312297555,255.840783146468,257.42388916015625,111545900
2018-10-05,257.6463482979581,258.1621804673348,254.56017640535217,255.9832000732422,105951700
2018-10-08,255.2983551746517,256.338949204735,253.91981711189757,255.9832000732422,87742200
2018-10-09,255.6006521845047,256.9080235309674,255.04921007260296,255.60952758789062,74339000
2018-10-10,255.10259051241061,255.17375659636278,247.14260159596967,247.51612854003906,214731000
2018-10-11,246.43111713164694,248.0498065348169,240.45444076309948,242.0642547607422,274840500
2018-10-12,246.155331736026,246.4399417449787,242.24203910959136,245.42605590820312,183186500
2018-10-15,245.07028903016487,246.3954925595385,243.9585565864753,244.04750061035156,102263700
2018-10-16,246.00423902412305,249.75745003667606,245.53286540334358,249.38389587402344,118255800
2018-10-17,249.4194726965644,250.0509293104676,246.85803605064686,249.42837524414062,110626000
2018-10-18,248.49449831592784,249.09039901108488,244.55452397248047,245.8263397216797,134557500
2018-10-19,246.47559630970608,248.4055491200804,244.99921199445404,245.69293212890625,139901600
2018-10-22,246.3598653857592,246.68003124406889,244.05635943214065,244.58999633789062,82415800
2018-10-23,240.97916660583792,244.4655448019636,238.89797931644497,243.34490966796875,146352700
2018-10-24,243.09584079161823,243.47829736383906,235.42046312583076,235.9718780517578,177806700
2018-10-25,237.8040873548617,241.74406172098753,236.78129864956196,240.20541381835938,138061500
2018-10-26,236.5055661327389,241.0236356256426,233.2770902132027,235.98080444335938,201574600
2018-10-29,239.06701697199145,240.356637911911,231.10702619215752,234.67344665527344,160749100
2018-10-30,234.50438797777792,238.4621388764539,234.0152094564338,238.15084838867188,157116000
2018-10-31,240.7122969905174,243.0069278938109,240.24092353238416,240.69451904296875,128296300
2018-11-01,241.55725087311626,243.45164745734314,240.4721988322022,243.2559814453125,99495000
2018-11-02,244.3588011959873,244.7857162430484,239.7695662222295,241.81517028808594,122634100
2018-11-05,242.30433388342226,243.70067647437028,241.33490636095422,243.14926147460938,65622500
2018-11-06,243.08705810021485,244.8480255169667,243.0247945482107,244.6879425048828,60085900
2018-11-07,246.85798369028106,250.0064178282418,246.43106862587547,249.92637634277344,102752100
2018-11-08,249.12590474479975,250.11313733964522,248.33436530171073,249.4727783203125,65584900
2018-11-09,248.1654298904992,248.35219339245518,245.63067379630257,247.03591918945312,98812600
2018-11-12,246.52894247011767,246.76906695308182,241.90412375753766,242.41998291015625,99673600
2018-11-13,242.88240555311336,244.8746213934451,241.24593866399726,241.96633911132812,98176600
2018-11-14,243.83401771436303,244.2342250450154,238.75563232258898,240.3120574951172,125335900
2018-11-15,239.04920193961252,243.28268858618313,237.47499826716003,242.8201904296875,135101400
2018-11-16,241.72623384821713,244.3588088662965,241.2103747574207,243.45164489746094,126668000
2018-11-19,242.8468290600021,243.14034163054626,238.41770428548043,239.33377075195312,103061700
2018-11-20,236.00749321474495,237.4660995132809,234.04195744397686,234.9046630859375,136021300
2018-11-21,236.45222036883564,237.59953625519663,235.69626375397138,235.70513916015625,75563700
2018-11-23,234.06855007811163,235.5271558291177,233.97073066749337,234.1308135986328,42807900
2018-11-26,236.38105184264202,238.1331436585043,235.989719762009,237.91079711914062,79981400
2018-11-27,236.87907905299704,238.71121215820312,236.27430304857938,238.71121215820312,75502400
2018-11-28,239.77847091805359,244.2075958251953,238.64893332775299,244.2075958251953,127629600
2018-11-29,243.4338443710822,245.07031142067817,242.29543133041074,243.6739959716797,82346400
2018-11-30,243.52278892831978,245.71957352817088,243.20262298270973,245.1592559814453,98204200
2018-12-03,249.277141006927,249.3838629987836,246.81355122186906,248.40553283691406,103176300
2018-12-04,247.57840882114908,248.00532392800807,240.04530733134203,240.35659790039062,177986000
2018-12-06,236.50548984099865,240.1074915650488,233.41041740788427,239.9918670654297,204185400
2018-12-07,239.6539199512119,241.21924783980407,233.57942612220694,234.4154510498047,161018900
2018-12-10,234.23764827118256,235.829657230902,230.01306365670115,234.8602294921875,151445900
2018-12-11,238.05313724921842,238.23990077007673,233.44612278861055,234.91360473632812,121504400
2018-12-12,237.88409498741427,239.24485459889894,236.0163787982232,236.09642028808594,97976700
2018-12-13,237.0391152390924,237.90182062936057,234.90459455301848,236.01632690429688,96662700
2018-12-14,233.87297962557628,234.82462934138096,231.1070016654421,231.65841674804688,116961100
2018-12-17,230.70669952946483,231.81843191650148,225.48600858264535,227.11358642578125,165492300
2018-12-18,228.75010114550832,229.41714067784332,225.26369591406458,226.86459350585938,134515100
2018-12-19,226.9446197617869,230.70671867180351,221.76840039515483,223.4671173095703,214992800
2018-12-20,222.22201009148066,223.78732473209402,217.58830256839778,219.82955932617188,252053400
2018-12-21,220.7285704300328,223.38547287400803,214.6812037345627,215.32530212402344,255345600
2018-12-24,213.84034063943142,215.45058694361018,209.57320499611265,209.6358184814453,147311600
2018-12-26,211.09399387368785,220.22764587402344,209.11696653417636,220.22764587402344,218485400
2018-12-27,216.998207573705,222.1151909748024,213.76877426318353,221.91839599609375,186267300
2018-12-28,223.26922375327266,224.89735185930846,220.46918466599615,221.63214111328125,153100200
2018-12-31,223.25126929890155,223.81485878090328,221.3816013239506,223.5733184814453,144299400
2019-01-02,220.04873678437622,224.7273989963419,220.02190048222155,223.80596923828125,126925200
2019-01-03,222.06153288497993,222.36570038148278,217.9822513104657,218.46533203125,144140700
2019-01-04,221.48895893403906,226.427042126828,221.1132371416814,225.78294372558594,142628800
2019-01-07,226.05137509532184,228.96770037116784,225.15679528246304,227.56321716308594,103139100
2019-01-08,229.74599353972656,230.18432891084558,227.2232719214142,229.7012481689453,102512600
2019-01-09,230.4079382964577,231.61562631457824,229.18236851303053,230.77471923828125,95006600
2019-01-10,229.24505692792303,231.8393332119918,228.5651674588411,231.58885192871094,96823900
2019-01-11,230.5152680383381,231.70507421140275,229.9337967501892,231.67823791503906,73858100
2019-01-14,229.78173558745547,231.0699325784489,229.37919109052422,230.2648162841797,70908200
2019-01-15,230.6405685877629,233.2169627574834,230.6316140537097,232.9038543701172,85208300
2019-01-16,233.33316793850767,234.35300171188604,233.12743211785823,233.46737670898438,77636700
2019-01-17,232.59969924486884,236.09750948945432,232.55495387525625,235.2386932373047,96118400
2019-01-18,237.04572950918973,238.83488883956215,235.27445194397527,238.36968994140625,127900300
2019-01-22,236.9026577503023,237.11734819205563,233.539028560635,235.14926147460938,115531200
2019-01-23,236.1779733228326,236.87574433178852,233.1811261470387,235.64122009277344,86030300
2019-01-24,235.46231041761553,236.34796286693012,234.45143100905162,235.76646423339844,59204100
2019-01-25,237.60929250091039,238.5844083633359,235.86487852864417,237.76138305664062,96883400
2019-01-28,235.62337082617444,236.01696079540557,234.1920377820725,235.95436096191406,85613700
2019-01-29,236.09746443338423,236.66102665952286,234.80926760140358,235.64122009277344,66136300
2019-01-30,237.15311782437777,240.21256554741154,236.39271951061926,239.3716583251953,92473700
2019-01-31,239.3090246230662,241.9569728947139,239.09430693048517,241.47389221191406,104012100
2019-02-01,241.67079518337812,242.6101206166565,240.80305144237326,241.5902862548828,85782500
2019-02-04,241.63492373195646,243.35252886814231,240.96398891789138,243.28990173339844,60744800
2019-02-05,243.71932746285626,244.61390727961893,243.2183649495019,244.30975341796875,79552800
2019-02-06,244.0324315275162,244.52443949783932,243.25415146881173,243.98768615722656,58347800
2019-02-07,242.37742652272038,242.9231070364727,240.00679577368695,241.66177368164062,95482000
2019-02-08,240.41835270069902,242.05542193667483,239.59532716485373,241.95703125,75788900
2019-02-11,242.60998164980816,242.86939005956518,241.56331157806798,242.0911102294922,68021400
2019-02-12,243.7013974255774,245.57999282836457,243.629815766185,245.20428466796875,72270200
2019-02-13,246.03634016108296,246.84145671360864,245.61588646248177,246.00054931640625,65277200
2019-02-14,244.91801968992252,246.5819520637004,244.1039489183974,245.45477294921875,83234400
2019-02-15,247.22607377138476,248.1653989923437,247.02033787853892,248.12960815429688,97088700
2019-02-19,247.33345094888386,249.212046825401,247.3244964141007,248.55902099609375,59120800
2019-02-20,248.52321369738445,249.5162114781635,248.0222511901044,249.05996704101562,76610800
2019-02-21,248.42484345686026,248.78266994857734,247.21715515945522,248.1743621826172,64214700
2019-02-22,248.79163012418738,249.9098551216182,248.15648596976285,249.71307373046875,78114600
2019-02-25,251.13536329032226,251.6542074923286,249.97239332656173,250.0529022216797,69030700
2019-02-26,249.7040968454373,250.75074006112388,249.49833363617677,249.8740692138672,56844100
2019-02-27,249.15831243309327,250.11551920355708,248.22796926031745,249.7666473388672,56921600
2019-02-28,249.55191857492036,249.9902811449562,248.9794018248287,249.3014373779297,69268300
2019-03-01,250.8759750305505,251.2695923481323,249.42676004327686,250.85809326171875,78880500
2019-03-04,251.913673610794,252.155200325263,247.65546508632025,249.94558715820312,106494600
2019-03-05,250.07078968579378,250.2675982903275,249.05991036707076,249.6055908203125,59114600
2019-03-06,249.721876075304,249.73083060693793,247.7716992072064,248.09373474121094,75039800
2019-03-07,247.64643980542886,247.78957580658192,245.17741886164012,246.01832580566406,94885100
2019-03-08,244.16664605202442,245.6963700742614,243.7014743208143,245.52639770507812,85795800
2019-03-11,246.24203489111082,249.24780979781647,246.21519859017263,249.0867919921875,65098900
2019-03-12,249.64141454290714,250.54494879646793,249.453560445773,250.0260772705078,79667500
2019-03-13,250.91170489447018,252.6114007343966,250.7506598124784,251.6810302734375,80639200
2019-03-14,251.70793469576876,252.12838832842567,251.08174516442332,251.52008056640625,67518400
2019-03-15,252.07078381646642,253.57129671409749,251.88207489205763,252.76263427734375,81309000
2019-03-18,252.97832411741985,253.9756956908309,252.75369409159345,253.67916870117188,62199800
2019-03-19,254.7394063409619,255.50312638155242,252.85250891337472,253.74203491210938,90268100
2019-03-20,253.52647464319236,254.73048847637557,251.87320068923955,252.97836303710938,84609200
2019-03-21,252.1606734468245,256.23993462503853,252.11573099309788,255.8356170654297,79550400
2019-03-22,254.47893103524282,255.00006076580144,250.8489011946462,250.91180419921875,122659300
2019-03-25,250.57039924494526,251.75645284707895,249.46523661535272,250.72315979003906,85575200
2019-03-26,252.4752137289537,253.54445509403368,251.19033626357648,252.59202575683594,68125900
2019-03-27,252.58296505421913,253.1670250393392,249.72567779743594,251.27113342285156,72224700
2019-03-28,251.90013293967937,252.67284711720208,250.75002822896835,252.2235870361328,56238500
2019-03-29,253.73313183400046,254.1374494706387,252.60998158668255,253.81399536132812,82186800
2019-04-01,255.80863958619787,257.1204710295328,255.539067150015,256.8239440917969,77617900
2019-04-02,257.01270157304134,257.1834225886773,256.1590964948618,256.9497985839844,40070400
2019-04-03,258.16278854117206,258.55813955865335,256.75210547518907,257.3541259765625,68243200
2019-04-04,257.67761523563604,258.2886023749723,256.98576457085767,258.0370178222656,48997500
2019-04-05,258.70191713096256,259.3398587189356,258.41438412036786,259.28594970703125,58621700
2019-04-08,258.8636919237671,259.59149113940293,258.2077622637104,259.4836730957031,53566300
2019-04-09,258.52232737096307,258.8457815990687,257.6058463039934,258.1539306640625,66142300
2019-04-10,258.56711479989013,259.1242202855344,258.1538032388763,259.03436279296875,52601500
2019-04-11,259.5194496889376,259.52844366112635,258.39629999121735,258.9623718261719,55093100
2019-04-12,260.57083310063365,260.9931386511058,259.0074168766403,260.714599609375,69727800
2019-04-15,260.7865053880093,260.88535687304153,259.74421862030886,260.5439147949219,49596700
2019-04-16,261.4244381773299,261.47834719052565,260.12157304356356,260.714599609375,52153200
2019-04-17,261.8288808335957,261.8558353530679,259.6634430337613,260.0767822265625,58268300
2019-04-18,260.6606725944999,260.8583481027852,259.36680152584245,260.5887756347656,68708500
2019-04-22,259.8250349672025,260.96614547162113,259.73517748497306,260.8133850097656,40160100
2019-04-23,261.1818141622424,263.3921933348262,260.94821758401093,263.1585693359375,52246600
2019-04-24,263.0777235358863,263.410171605521,262.43078792825753,262.5745544433594,50392900
2019-04-25,262.475714273737,263.06874089132936,261.2267854647723,262.4128112792969,57770900
2019-04-26,262.4576458152186,263.7065741106072,261.68490450860463,263.63470458984375,50916400
2019-04-29,263.7246416311188,264.56925271334455,263.6347841375647,264.048095703125,57197700
2019-04-30,263.706646787458,264.47039433172,262.29599111609195,264.182861328125,81111700
2019-05-01,264.8119327556899,265.01860231863884,262.18824112882993,262.1972351074219,71671900
2019-05-02,262.0802413327125,262.99674905222287,260.13943532866676,261.6309814453125,65030200
2019-05-03,263.1047231539981,264.4704641506386,261.7389547366939,264.1919250488281,56543700
2019-05-06,259.89692165063803,263.54491082051743,259.58243415240935,263.1046447753906,107198100
2019-05-07,260.70559211160116,261.29861864665406,256.80601830897126,258.71087646484375,144729900
2019-05-08,258.3514404296875,260.05862285255927,257.7584139715136,258.3514404296875,91568300
2019-05-09,256.28485571593546,258.1717256781386,254.5506913693155,257.5697326660156,103471100
2019-05-10,256.6352774765789,259.61837045130414,253.65218450185358,258.8636169433594,112429300
2019-05-13,253.76009998975235,254.7214958134563,251.52276593072727,252.35838317871094,127290500
2019-05-14,253.3737537472588,256.1681663940438,253.24797515252428,254.6406707763672,77003200
2019-05-15,253.01433551780383,256.7701439026409,252.8076659712132,256.1322021484375,73956400
2019-05-16,256.8329499899436,259.8609579611438,256.7610804560164,258.50421142578125,76749600
2019-05-17,256.20399924622245,259.31287068694866,256.18601129747526,256.83294677734375,100353000
2019-05-20,255.23368125153678,256.9408643844069,254.38906995262954,255.13485717773438,62877600
2019-05-21,256.8240439532116,257.8124217622232,256.57245936734176,257.43505859375,46847100
2019-05-22,256.48246858576124,257.5966242793475,256.16798119528715,256.6441955566406,49482500
2019-05-23,254.42493392448358,254.46984895753423,252.09777034696506,253.50845336914062,98733800
2019-05-24,254.94600641295438,255.3593452753898,253.46345418558957,254.08343505859375,55268100
2019-05-28,254.3620029530164,255.31443188239263,251.7023916457386,251.72035217285156,70029400
2019-05-29,250.60628560292824,251.01060326203879,248.62953008951493,250.03121948242188,104972900
2019-05-30,250.7859808850597,251.62162558081897,249.61791549539754,250.714111328125,62523800
2019-05-31,248.1712922154684,248.9979154505843,247.30869307361624,247.3356475830078,86862800
2019-06-03,247.371622323553,248.48577872420248,245.3769061548867,246.70672607421875,96428000
2019-06-04,248.99787195128627,252.1966011366948,248.54861192613726,252.06182861328125,77231900
2019-06-05,253.67921288320204,254.27223954514707,251.87320580706177,254.2452850341797,71169700
2019-06-06,254.54175190960748,256.5723885707165,253.8948163786434,255.89849853515625,69430400
2019-06-07,256.913773281898,259.53746330032743,256.7430523173093,258.459228515625,74272200
2019-06-10,260.0047272218072,261.3075921861058,259.5554672231737,259.64532470703125,60799100
2019-06-11,261.46036226590786,261.8287588074491,258.93552290959707,259.58245849609375,58641300
2019-06-12,259.3488365521413,259.9059145875843,258.6120435410981,259.12420654296875,47096300
2019-06-13,260.0317238829631,260.55288092143763,259.3308792682955,260.1934509277344,48945200
2019-06-14,259.9059753417969,260.5079685515309,259.1422276479497,259.9059753417969,52324700
2019-06-17,260.13956380841864,260.76853892968074,259.8340702245848,260.0047912597656,39205700
2019-06-18,261.81983859907155,263.7786062363526,261.4604085491026,262.7273254394531,85434800
2019-06-19,262.8620279852303,263.85040551806713,261.8916384024987,263.3202819824219,78674400
2019-06-20,265.9979055853094,266.240496147716,263.3832087300726,265.8361511230469,116570000
2019-06-21,265.5671176917623,266.82212083031214,265.2330527028107,265.4497375488281,83309500
2019-06-24,265.6574273212025,265.97341688825486,264.9712218644644,265.1247253417969,47582700
2019-06-25,265.17897561971273,265.2060612350793,262.41613263619007,262.52447509765625,82028700
2019-06-26,263.41817988550474,263.9237961241511,262.1541392888887,262.2624816894531,51584900
2019-06-27,263.0209840306274,263.6981517889475,262.6417855162231,263.1925354003906,40355200
2019-06-28,264.1675879780534,265.04339252576335,263.65296153358025,264.54681396484375,59350900
2019-07-01,267.8695161656501,268.08622859750477,265.74771822350516,266.9485778808594,78705600
2019-07-02,266.9033612093092,267.69790900113674,266.06367992868246,267.64373779296875,61504500
2019-07-03,268.3209220345233,269.8016752933706,268.1764562858047,269.7835998535156,40898900
2019-07-05,268.55556372174175,269.6390425816363,267.2644378274094,269.47650146484375,51677300
2019-07-08,268.1674620091727,269.2960749060107,267.45417094324387,267.99591064453125,45841800
2019-07-09,266.84019265047795,268.6278977139199,266.7860214397084,268.3299560546875,41101300
2019-07-10,269.39537569112645,270.56011189882554,268.8626737180611,269.612060546875,58448500
2019-07-11,270.25305627246956,270.48778894864506,269.2418238255109,270.2440185546875,50826100
2019-07-12,270.73164779402924,271.5261956250817,270.42466841458145,271.4539489746094,40326000
2019-07-15,271.88735320178154,271.88735320178154,271.03863413807807,271.54425048828125,33900000
2019-07-16,271.45396719521267,271.66164188673037,270.3614776311971,270.66845703125,36650100
2019-07-17,270.64132560824015,270.8038392241641,268.8265075683594,268.8265075683594,36036300
2019-07-18,268.33000403131257,270.18995607768375,267.8875965462523,269.81072998046875,51392600
2019-07-19,270.903180082799,270.93026568631416,268.1403383081677,268.3118896484375,58678600
2019-07-22,268.7091014293009,269.51268682028854,268.194475028688,268.970947265625,43638100
2019-07-23,270.0905461773964,270.89410400390625,269.2598751971888,270.89410400390625,44564500
2019-07-24,270.13573328679485,272.167236328125,270.04543875193104,272.167236328125,47213200
2019-07-25,271.71578443902234,271.76995564778645,270.0634799096485,270.8670654296875,55394100
2019-07-26,271.5531808143127,272.8804300972009,271.42676299974545,272.6817932128906,45084100
2019-07-29,272.5645593450953,272.68193950616376,271.6345833318975,272.1853332519531,38126500
2019-07-30,270.7858119974368,271.9234625037329,270.4065859773304,271.51715087890625,45849000
2019-07-31,271.7609178303265,271.9505446149553,266.5332033083149,268.546630859375,104245200
2019-08-01,268.70014633011544,271.65258755474997,265.4136125645929,266.2081604003906,142646600
2019-08-02,265.314330902532,265.5581013739478,262.650793388134,264.2037658691406,116749700
2019-08-05,260.1136939331715,260.22203637331984,254.36228645172406,256.25836181640625,178745400
2019-08-06,258.1453886890081,260.0685495834864,256.67367297899784,259.8518371582031,120711700
2019-08-07,256.7819550684586,260.77274168505596,254.65114752446226,260.0052795410156,140572300
2019-08-08,261.4950674503696,265.10662841796875,260.94431762874206,265.10662841796875,87713900
2019-08-09,264.1676091836573,264.76352003700896,261.5221474446139,263.30084228515625,93730000
2019-08-12,261.8019677330944,263.2917306713518,259.1474690195382,260.09552001953125,65527600
2019-08-13,259.79757348733773,265.5851019991185,259.4544708605961,264.1404724121094,94299800
2019-08-14,260.09556938065884,260.70049034452813,256.20411507951735,256.33050537109375,135622100
2019-08-15,257.2154567222614,257.9016623373555,254.9672681362208,257.0077819824219,99556600
2019-08-16,258.6599596100818,261.23317429061143,257.06182653655287,260.7998046875,83018300
2019-08-19,263.81550422440336,264.6190622184229,263.13833653723043,263.94189453125,53571800
2019-08-20,263.43628262555785,263.9689845752752,261.7930432847781,261.91943359375,51596400
2019-08-21,264.077348056287,264.4204232030708,263.39114265467236,264.0502624511719,49524700
2019-08-22,264.75453184479977,265.3865385206094,262.1993368727227,263.968994140625,51666400
2019-08-23,262.6688127245855,264.3301272824833,255.94227013252467,257.1882629394531,149161500
2019-08-26,259.3732289407894,260.0323486328125,257.8473424684489,260.0323486328125,72423800
2019-08-27,261.4227829094938,261.79297112248156,258.2536301365124,259.0120544433594,66668900
2019-08-28,258.3531408291057,260.9986037900425,257.5495549339619,260.8360900878906,59696700
2019-08-29,263.3911606210267,264.6913248632864,262.3889380553566,264.1676330566406,57899400
2019-08-30,265.64836826101157,265.66641614641384,263.12028660352104,264.0502624511719,62901200
2019-09-03,262.3528412178477,263.2647416845759,261.17906729483354,262.5063171386719,69101400
2019-09-04,264.6732137573608,265.5038572084943,263.92379955368773,265.4858093261719,46887300
2019-09-05,267.9688277765969,269.81070420416734,265.44975604997495,268.8988037109375,83258100
2019-09-06,269.21478476498777,269.7474866798832,268.53761711069353,269.1064147949219,49584300
2019-09-09,270.0906013596085,270.18086834097136,268.3028687534425,269.24188232421875,51260300
2019-09-10,268.4834677166774,269.24191987648885,267.22846442804376,269.1787109375,57947100
2019-09-11,269.4856603743414,271.1740607730114,268.83557827685104,271.0928039550781,68821100
2019-09-12,271.9956454793237,273.0881347966629,271.2372210938471,272.0317687988281,72908700
2019-09-13,272.4741315317824,272.8262718427624,271.48094706313816,271.85113525390625,62104800
2019-09-16,270.72248221683424,271.89625552345467,270.37036951265566,271.01141357421875,58191200
2019-09-17,270.81294193474486,271.78805141832373,270.6413905587591,271.6977844238281,41475500
2019-09-18,271.30948262871954,271.9686024312111,269.27797956454594,271.8602600097656,73375800
2019-09-19,272.2483829986955,273.241567372334,271.50800668798206,271.8420715332031,76560500
2019-09-20,272.4444725268905,272.7256865360811,269.7686626835575,270.55780029296875,89565000
2019-09-23,269.89559997751627,271.21084760193804,269.6416243712935,270.4942626953125,43476800
2019-09-24,271.58282618385135,271.97285532348826,267.4103448279325,268.371826171875,94869400
2019-09-25,268.45341435241266,270.40358741300247,266.97490242905855,269.9591369628906,71854000
2019-09-26,269.9681805505696,270.17678656371356,267.9907970655747,269.396728515625,56179700
2019-09-27,270.1496138053091,270.2584842358922,266.394400547626,267.9454650878906,84746600
2019-09-30,268.4624736286267,269.8956158448682,268.4171317139182,269.1881103515625,51662400
2019-10-01,270.06794415591315,270.72102824217234,265.76849006877796,265.9861755371094,88242400
2019-10-02,264.4079467960568,264.4170262525811,259.99964920337914,261.28765869140625,122539500
2019-10-03,261.0608737824399,263.4555248952082,258.3487738908161,263.4283142089844,85278800
2019-10-04,264.08144832542007,267.2470787072425,264.0269992614025,266.99310302734375,65091200
2019-10-07,266.19483104942367,267.81847578384463,265.55987813972894,265.841064453125,59610500
2019-10-08,263.990626093179,264.7253421334106,261.6776075713752,261.7138977050781,95708100
2019-10-09,263.7275882237998,265.13351958206624,263.10171486269707,264.1992492675781,62359400
2019-10-10,264.1176347838915,266.86602454663546,263.954370682643,265.9861755371094,55296300
2019-10-11,268.73454237201105,270.97498072998906,268.6166478742334,268.7436218261719,98720400
2019-10-14,268.42614651152667,269.0973894531063,268.0996183355658,268.4443054199219,40394800
2019-10-15,269.48742469346604,271.84578529470946,269.3695025112143,271.10198974609375,46754500
2019-10-16,270.63938477659065,271.35596965464424,270.2312245406846,270.6665954589844,48928200
2019-10-17,271.82763155922663,272.3355827530061,270.77543903460804,271.4648132324219,45736600
2019-10-18,270.92966490395844,271.57366954233504,269.42394247522446,270.2765808105469,64304000
2019-10-21,271.5918531611871,272.30841046123777,271.15645449887944,272.1088562011719,39048600
2019-10-22,272.6440642871781,272.93433011116593,271.1292896905478,271.2200012207031,48594700
2019-10-23,270.9659810160959,272.0635156111766,270.7573472991516,272.00909423828125,34352200
2019-10-24,272.9434028694703,273.08853577790205,271.62815491768134,272.4535827636719,35453100
2019-10-25,271.8820987429654,274.1134858073228,271.82767736883653,273.5692443847656,45205400
2019-10-28,274.7846778376868,275.6101055167936,274.7574671529367,275.1112060546875,42147000
2019-10-29,274.83912723810425,275.95482078917917,274.7121255754735,275.02960205078125,44284900
2019-10-30,275.22913658461215,276.24503908773704,273.9229683145181,275.8731689453125,49643900
2019-10-31,275.8640309626855,275.8640309626855,273.6870935348078,275.13836669921875,69053800
2019-11-01,276.5806723698209,277.73262829214644,276.41738057633785,277.6872863769531,71141500
2019-11-04,279.2382855082534,279.3743389032854,278.4309892289629,278.8028869628906,60606900
2019-11-05,279.0025497152499,279.30189498204095,278.2043325788355,278.4945983886719,42933200
2019-11-06,278.4946351418078,278.83024291816537,277.6147858205009,278.5581359863281,46487100
2019-11-07,279.89145582645773,280.87106825413883,279.06602806695554,279.5376892089844,54272300
2019-11-08,279.19298934454866,280.2814721535745,278.4945632788722,280.22705078125,49032100
2019-11-11,278.84833556176477,279.864238107545,278.7122544469131,279.69189453125,35797300
2019-11-12,280.05472917772806,281.17947453569053,279.5104877305214,280.281494140625,46484600
2019-11-13,279.2928193961337,280.77133147412957,279.0660544192944,280.3722229003906,53917700
2019-11-14,280.09095744342886,280.8619636831978,279.4560046150865,280.7803039550781,51219900
2019-11-15,282.11374103249324,282.85753674364037,281.4243943784293,282.81219482421875,62023600
2019-11-18,282.5763015670428,283.25659632840035,282.1227717261377,283.020751953125,49228000
2019-11-19,283.6194121870548,283.62849164179835,282.2951128139359,282.9391174316406,67804700
2019-11-20,282.34957224467774,282.86660297199927,280.3358983899287,281.886962890625,79406200
2019-11-21,281.9958415043259,282.10468425402297,280.6352517705745,281.4334411621094,54664700
2019-11-22,282.17715679160807,282.3132101901239,281.0524117888621,282.0592346191406,44850200
2019-11-25,282.984501675249,284.24530029296875,282.984501675249,284.24530029296875,48647200
2019-11-26,284.2815982160428,285.07073576578375,283.9641217688007,284.8893127441406,37569000
2019-11-27,285.37013629728915,286.1593017578125,285.1524507530205,286.1593017578125,44444600
2019-11-29,285.5968026686247,285.84172650261706,284.87116598414514,285.0979309082031,36592700
2019-12-02,285.351926627072,285.4154274537873,282.2497977488334,282.6761169433594,75767800
2019-12-03,279.9639558052549,280.8619636831978,278.5852351006926,280.7803039550781,73941700
2019-12-04,281.82347080730165,283.1114801298138,281.4787836789131,282.5128173828125,49080000
2019-12-05,283.21125441681573,283.2293856451966,281.7145837968173,283.020751953125,40709000
2019-12-06,284.9256011908763,286.00500449632267,284.9165217354681,285.60589599609375,48927000
2019-12-09,285.21586750080536,285.88708285190785,284.63533597889335,284.7079162597656,34838500
2019-12-10,284.6535275182076,285.31566348978197,283.73738821573176,284.3904724121094,52649800
2019-12-11,284.8439568182491,285.4516989977195,284.3087949163725,285.1977233886719,53429100
2019-12-12,285.2068112141044,288.4359419435748,284.97099448527933,287.6558837890625,96389600
2019-12-13,287.42005905278955,289.0527834416107,286.6490526203965,287.8282470703125,81503900
2019-12-16,289.5516883749544,290.3952475141658,287.7647791043134,289.8056640625,82749700
2019-12-17,290.18661712815833,290.4859347171941,289.787508555263,289.869140625,61097700
2019-12-18,290.2591048310666,290.4858697567159,289.8327856635954,289.88720703125,48133000
2019-12-19,290.07766829054526,291.14801972745664,289.8236926929126,291.075439453125,85310500
2019-12-20,292.10552598899403,293.4819293110863,291.1302212825293,292.3516540527344,147142100
2019-12-23,293.13553655427705,293.1902254958816,292.6524323585263,292.79827880859375,52990000
2019-12-24,293.0260371698532,293.07160199650855,292.5064646226813,292.8072814941406,20270000
2019-12-26,293.1902210059652,294.3752129631039,293.18112472741444,294.3660888671875,30911200
2019-12-27,295.0952934102021,295.1499823509916,293.7644828220485,294.29315185546875,42528800
2019-12-30,294.37518834855865,294.511910689044,292.18751963133974,292.6706237792969,49729100
2019-12-31,292.16925296260575,293.6276892705335,291.82287121002,293.3815612792969,57077300
2020-01-02,294.9130877825519,296.14364492540307,293.9924439956811,296.1253967285156,59151200
2020-01-03,292.74359626818324,295.0041745676097,292.68890732538284,293.88299560546875,77709700
2020-01-06,292.1328118215423,295.08615327203825,292.0143098616565,295.0041198730469,55653900
2020-01-07,294.4389421396399,294.9129499592201,293.72795822762987,294.17462158203125,40496400
2020-01-08,294.3660286722624,296.9547400028766,294.1199284891358,295.742431640625,68296000
2020-01-09,297.3011061918994,297.82067881308217,296.71772055042567,297.74774169921875,48473300
2020-01-10,298.33111551766575,298.4860581981078,296.4260437995196,296.8908996582031,53029300
2020-01-13,297.5108322451486,298.9418965712198,297.0824170116794,298.93280029296875,47086800
2020-01-14,298.4952101168568,299.5434516916106,297.9209485381816,298.47698974609375,62832800
2020-01-15,298.38584690535674,299.9080685509151,298.3038135068561,299.1515197753906,72056600
2020-01-16,300.52795985830204,301.6400146484375,300.30008000636747,301.6400146484375,54050300
2020-01-17,302.3510080804288,302.7885196066415,301.57621099627295,302.5788879394531,95846000
2020-01-21,301.62175645504635,302.7885001455664,301.5488471444855,301.9863586425781,77742400
2020-01-22,302.84318902456715,303.49038781097767,301.8678844320141,302.0228271484375,48914900
2020-01-23,301.3756489009387,302.77939649699647,300.2635941747511,302.36920166015625,51963000
2020-01-24,303.0254328321711,303.1074662187742,298.3948999055085,299.6801452636719,87578400
2020-01-27,294.4480801750021,296.3531521856209,294.1108224827082,294.8764953613281,84062500
2020-01-28,296.2984568633764,298.8416034600196,294.96764649476006,297.966552734375,63834000
2020-01-29,299.324680649757,299.55256045074896,297.5198626116515,297.72039794921875,53888900
2020-01-30,295.6603946749964,298.89630496665,294.91296997027223,298.6866455078125,75491800
2020-01-31,298.06685040639036,298.2218209474655,292.35163365596884,293.2631530761719,113845600
2020-02-03,294.7398209430448,297.3011883827756,294.62131896327486,295.4416809082031,69083000
2020-02-04,299.0421238964606,300.8104734483571,298.723086598825,299.94451904296875,62573200
2020-02-05,302.8705625667215,303.6180152040548,301.4121536768775,303.4083557128906,65951100
2020-02-06,304.3655387530669,304.62076314998893,303.3537374463372,304.4293518066406,50359700
2020-02-07,303.37177798725406,304.438239701868,302.259723629564,302.806640625,64139400
2020-02-10,301.92253597033135,305.13107376686384,301.88606741089336,305.0672607421875,42070000
2020-02-11,306.4164008111858,307.2002942348692,305.0673419265735,305.5960388183594,54864500
2020-02-12,307.02702899526753,307.77448148627434,306.6624268441835,307.5648498535156,43992700
2020-02-13,306.14276881756746,308.2028107319948,305.8693242348352,307.2366027832031,54501900
2020-02-14,307.646848447526,307.84738378054004,306.4527605428289,307.7288818359375,64582200
2020-02-18,306.7353777212436,307.79274347896046,305.550385905375,306.9359130859375,57226200
2020-02-19,307.9021483533661,309.077988360176,307.6195795625174,308.4034729003906,48814700
2020-02-20,307.8565243216202,308.67691395841035,304.15575813081296,307.1364440917969,74163400
2020-02-21,305.78739481387316,306.09730805211063,303.1530905628107,303.9734802246094,113788200
2020-02-24,294.5482931508626,304.0463065249934,292.8163846197698,293.8919982910156,161088400
2020-02-25,295.27757219253857,295.8882745622072,284.1114604678439,284.98651123046875,218913200
2020-02-26,286.3810356553901,289.9632986856454,283.20896730624605,283.93817138671875,194773800
2020-02-27,278.43268874388383,283.9929622601153,271.1861267089844,271.1861267089844,284353500
2020-02-28,263.1555493677541,271.53241129675524,260.2751459574827,270.046630859375,384975800
2020-03-02,271.82409267912834,281.805237571284,268.40589618419204,281.7414245605469,238703600
2020-03-03,282.11520716459734,286.07119736155244,271.24078921564694,273.6745300292969,300139100
2020-03-04,279.03434596352906,285.39676211227726,276.4911987598748,285.177978515625,176613400
2020-03-05,277.9951357880224,281.17632889627316,273.46488424875696,275.6980895996094,186366800
2020-03-06,267.2119174164198,272.3437762979566,264.55029623787203,271.14056396484375,228667200
2020-03-09,250.9412162354038,259.04463500455796,249.2549280257215,249.96591186523438,309417300
2020-03-10,259.45487913879975,262.99155082298614,249.30054030564344,262.9004211425781,276444100
2020-03-11,255.86351506144038,256.99379025278967,246.91238758499932,250.08445739746094,255316300
2020-03-12,233.34894558391483,243.06574485920348,225.7650981762707,226.1570587158203,392220700
2020-03-13,239.8116563713259,247.45931815181189,226.53082479595767,245.4904327392578,329566100
2020-03-16,219.84019219766736,234.1692750182009,216.35819611440786,218.6278839111328,297240000
2020-03-17,223.35869921057358,233.50392810842425,216.09390266325667,230.43209838867188,262070500
2020-03-18,215.34643578529358,226.39404531004064,207.84463580030425,218.76463317871094,327597100
2020-03-19,218.08099810602204,225.49165465544974,211.6730183757266,219.22950744628906,289322000
2020-03-20,222.37074721498362,224.14949538908877,209.50693107809147,209.78199768066406,347158800
2020-03-23,209.22269612416616,210.58883736917826,200.11807712080454,204.41824340820312,326025200
2020-03-24,214.93488557553914,223.81028619851725,214.3664247760725,222.93923950195312,235494500
2020-03-25,224.51628064557806,235.04206747049008,219.8218620415987,226.2766876220703,299430300
2020-03-26,228.7797629312914,240.95590684573168,228.34882847309677,239.48892211914062,257632800
2020-03-27,232.21806449765097,239.13132946268587,230.1825909794387,232.3555908203125,224341200
2020-03-30,234.44602980585432,240.61662346155654,232.45640344110245,239.90145874023438,171369500
2020-03-31,238.90206639274638,241.44181196172076,234.92281361805342,236.3256378173828,194881100
2020-04-01,227.36774076850008,236.24314028710725,223.62687128450554,225.68984985351562,189554600
2020-04-02,224.80964222485147,231.67705936295383,224.25950903784965,230.89772033691406,177660400
2020-04-03,229.91666012342145,232.26388300481995,224.83715469449982,227.56028747558594,135561200
2020-04-06,236.40821189273478,244.80683164702756,227.54198862018026,242.84469604492188,188061200
2020-04-07,251.41750778727922,252.16935565660157,242.87221252313967,243.09225463867188,201427200
2020-04-08,245.68696224301036,253.05867943513024,243.20222724698658,251.25242614746094,153774500
2020-04-09,254.50728660421632,257.8264124285201,252.5726851466973,255.07577514648438,189999200
2020-04-13,254.1039856856062,254.443226607134,248.85025633333169,252.7469940185547,114839100
2020-04-14,257.6248038351175,261.2189556921162,252.60947200950213,260.20123291015625,134143400
2020-04-15,254.49818449986756,260.338700945521,252.56355469912342,254.67239379882812,121775000
2020-04-16,255.94684900762073,256.75370726229335,252.83864275488824,255.90101623535156,131798300
2020-04-17,261.6590540286196,263.41944685021514,258.92674327686353,262.8143310546875,146684800
2020-04-20,259.1192277447229,262.95180422099605,257.9639789331066,258.18402099609375,100109300
2020-04-21,253.72801334575112,254.92912296463592,249.40949178866583,250.3447265625,126385700
2020-04-22,255.21335676570135,257.6430812956117,253.89304834549813,255.90101623535156,92951600
2020-04-23,257.1754630685727,260.3387078110824,255.5801020580558,255.88265991210938,104709700
2020-04-24,257.39554010912246,260.1186727932332,255.35088916404356,259.4493408203125,85063200
2020-04-27,261.4205546310472,264.3087180906632,260.96211509838025,263.19012451171875,77896600
2020-04-28,266.8302216256885,267.1786402598977,261.67736409264813,261.9799499511719,105270000
2020-04-29,267.2978754969445,270.36942737195216,266.27097494933463,268.8382263183594,118745600
2020-04-30,267.4628878219718,268.93907823852754,264.60222850800403,266.33514404296875,122901700
2020-05-01,261.59485828058166,266.5001686462375,258.11987753446385,259.2843322753906,125180000
2020-05-04,257.4046969992286,260.30203907180845,255.92853469244014,259.9994812011719,80873200
2020-05-05,262.81430977989436,265.20735144767355,260.1278320243504,262.4017028808594,79569900
2020-05-06,264.09790497007816,264.48297858278846,260.19199044127004,260.6229248046875,73632600
2020-05-07,263.83194948008304,265.6932128523996,263.26348893990684,263.76776123046875,75250400
2020-05-08,266.89437904014466,268.5997890049133,265.7666074831052,268.1321716308594,76452400
2020-05-11,266.20670188943353,269.5624830979567,265.7849452947577,268.1871643066406,79514200
2020-05-12,269.36997290557235,269.78255179515514,262.7042425975372,262.841796875,95870800
2020-05-13,262.2824804769914,263.31855852406073,255.77263209509584,258.1932067871094,144721100
2020-05-14,255.76353778728304,261.4114906647709,250.29891603317049,261.28314208984375,121977900
2020-05-15,258.8992207520091,262.5300551877956,257.95483612918537,262.4842224121094,111146300
2020-05-18,268.6914747602291,272.08393945209053,268.3705893815132,270.4794006347656,119703800
2020-05-19,269.88334844633727,271.5887300136279,267.6828443675088,267.701171875,95189300
2020-05-20,271.2312398155431,273.1108311782877,271.00201999174817,272.24896240234375,85861700
2020-05-21,272.1206276660374,272.92748596370774,269.278296110494,270.369384765625,78293900
2020-05-22,270.0851928712047,271.05708287336876,268.84739998740986,270.88287353515625,63958200
2020-05-26,276.83341854716673,277.0718161691973,270.90120710948116,274.2203063964844,88951400
2020-05-27,277.0076420479935,278.33712857289146,272.1940244647287,278.3004455566406,104817400
2020-05-28,279.3272461114309,281.33521382254526,277.11756385460404,277.7868957519531,90405200
2020-05-29,277.3193091660714,279.61150744849493,274.5778489741923,279.02471923828125,119090800
2020-06-01,278.38298641761384,280.75770128141716,277.86953606765337,280.1525573730469,55758300
2020-06-02,281.06934373149255,282.51802872321025,279.739885508997,282.47216796875,74267200
2020-06-03,284.45263612777273,287.18494662104723,284.1775835194625,286.23138427734375,92567600
2020-06-04,285.2502723891811,286.98318749531984,283.3890087460685,285.4794921875,75794400
2020-06-05,290.8616019107014,294.56577377345707,290.7974136505666,292.79620361328125,150524700
2020-06-08,293.60313838658124,296.52798606844794,293.062182869184,296.33544921875,73641200
2020-06-09,293.67644251654445,296.40875303318035,292.814573695221,294.125732421875,77479200
2020-06-10,294.7034187889176,295.5927930158741,291.76939322056137,292.48455810546875,95000800
2020-06-11,285.5712867925123,286.2039358982989,275.0730331017828,275.6231384277344,209243600
2020-06-12,282.6188812960742,283.38905659074294,273.7801789307393,278.9238586425781,194678900
2020-06-15,273.24841147874247,282.65560386034076,272.07480686820895,281.52783203125,135782700
2020-06-16,289.2571484357814,289.4038525103005,282.0963219351536,286.94659423828125,137627500
2020-06-17,287.96429064170104,288.25769873534205,285.0210879201945,285.7546081542969,83398900
2020-06-18,284.2417274083413,286.34136061280276,283.78328781211144,285.8645935058594,80828700
2020-06-19,289.3235490329569,289.5169330939847,282.2877529407937,284.23089599609375,135549600
2020-06-22,283.6323128106449,286.45030759053503,282.490388367676,286.0543212890625,74649400
2020-06-23,288.69736494870455,289.6274972240298,286.9660418676936,287.3712463378906,68471200
2020-06-24,285.336089865643,285.953114826548,278.20822201391996,280.04083251953125,132813500
2020-06-25,279.469847494696,283.31007226818923,277.4530430466422,283.0429992675781,89468000
2020-06-26,281.9470509652658,282.1588713157659,275.7400992165521,276.32025146484375,127961000
2020-06-29,277.5727838921979,280.5196928041572,275.28890629956817,280.3815612792969,79773300
2020-06-30,279.9486930198918,285.6675903215087,279.792153347328,283.97308349609375,113394800
2020-07-01,285.08748945451765,287.2240176966897,284.62703223529496,285.96234130859375,72396500
2020-07-02,289.38797461324,290.7325291406338,286.8738976557018,287.5369567871094,69344200
2020-07-06,291.3496151795207,292.55601050927066,290.6036769406393,291.975830078125,61713800
2020-07-07,290.43785396731937,292.4085952599446,288.5868078840447,288.9643859863281,82910000
2020-07-08,289.7288100254336,291.28515730964824,287.9698885921955,291.1746520996094,54638600
2020-07-09,291.78240850045916,292.0218551502653,286.1095744969354,289.5169677734375,83354200
2020-07-10,289.45251680342045,292.74018697945144,288.02511114921197,292.4731140136719,57550400
2020-07-13,294.8123186633165,297.18826534712787,289.2868325014448,289.940673828125,102997500
2020-07-14,288.52234618472755,294.47147088494086,287.32516922126496,293.6979064941406,93657000
2020-07-15,296.9118887955538,297.49206911744704,294.0202053194717,296.39617919921875,87196500
2020-07-16,294.4990994168282,295.87125229977755,293.8544483675677,295.4200134277344,54622500
2020-07-17,296.4238694209868,297.0593024720893,294.45309952821765,296.2765197753906,62774900
2020-07-20,296.00938243299004,299.4167754994566,295.26344433587724,298.67083740234375,56308800
2020-07-21,300.6323928502155,301.07441359288947,298.3208896684092,299.3062744140625,57292200
2020-07-22,298.94714058873586,301.32311478404205,298.83663538971115,301.0099792480469,57792900
2020-07-23,300.65084417889534,301.3507479273714,296.05549155599056,297.4184265136719,75738000
2020-07-24,295.56746146986495,296.5251921252175,294.00189588834417,295.50299072265625,73766600
2020-07-27,296.1935565965724,297.8327822943415,295.40155598984086,297.6578063964844,48293000
2020-07-28,296.9303522871835,298.04467867981947,295.47532024869815,295.77001953125,57495000
2020-07-29,296.64488066256155,299.9693955729184,296.60803622504216,299.4076232910156,48454200
2020-07-30,296.44227447076116,298.7537780991364,294.36102749576685,298.33935546875,61861700
2020-07-31,300.12590663768805,300.7981840639859,295.9173223565921,300.6968688964844,84986800
2020-08-03,302.35455324026356,303.551730444188,301.8112172413089,302.7873840332031,53077900
2020-08-04,301.930856580021,303.9568786621094,301.930856580021,303.9568786621094,41917900
2020-08-05,305.2554171505095,306.10267054186585,304.98834417548517,305.84478759765625,42697700
2020-08-06,305.26457778295924,308.008883470918,304.94225226748324,307.88916015625,43679400
2020-08-07,306.9223640633416,308.3958327911544,306.0198577928376,308.1103515625,57308300
2020-08-10,308.56154419446693,309.2153854806249,306.6276185368531,309.0312194824219,44282100
2020-08-11,310.2099129722672,310.8453459347755,305.7526922046899,306.4801940917969,69601100
2020-08-12,308.91137645275995,311.5267686882517,308.8837501585283,310.7532043457031,53774400
2020-08-13,309.98898706045185,311.4993001876827,309.270674942497,310.19158935546875,41816100
2020-08-14,309.80478873517694,310.7349211885929,309.0772585556513,310.2007751464844,47260400
2020-08-17,311.2137224910681,311.5820825212489,310.2099294645962,311.18609619140625,35481000
2020-08-18,311.58210731482745,312.2820111007127,309.98891563003593,311.8583984375,38733900
2020-08-19,312.2359484919656,312.7516581960092,309.99813372934017,310.5599060058594,68054200
2020-08-20,308.8378341384851,312.00578186582436,308.70892073892423,311.52691650390625,42207800
2020-08-21,311.1953341258538,312.85296841916903,310.85457226958493,312.6319580078125,55106600
2020-08-24,315.06311760311377,315.87352648257695,312.6042927708127,315.79986572265625,48588700
2020-08-25,316.36163229349035,316.9878471615432,315.2012714878101,316.90496826171875,38463400
2020-08-26,317.49438668215004,320.3491982017806,316.95105067989545,320.0821533203125,50790200
2020-08-27,320.94785991195465,322.227916207643,319.1244394337551,320.7820739746094,58034100
2020-08-28,321.804237442081,322.983006410203,320.61625033931085,322.85406494140625,48588900
2020-08-31,322.64226783208227,323.51711938437126,321.4542807471516,321.68450927734375,66099200
2020-09-01,322.51338733167165,324.8156730688066,321.62009934150035,324.7143859863281,54908700
2020-09-02,326.6206419236981,330.37795938167653,325.4786892390397,329.4110107421875,69540000
2020-09-03,327.72571683022153,328.19539204398836,315.4959779391516,318.0745544433594,148011100
2020-09-04,318.7559908966991,320.3215279500711,308.386489496312,315.4775390625,139156300
2020-09-08,310.0809566891278,315.5419982728342,306.5538683027617,306.8577575683594,114465300
2020-09-09,310.8545223596372,315.3762136597868,309.9888609153848,312.9173889160156,91462300
2020-09-10,314.78688177765224,315.4407229555937,306.5262807206502,307.4840393066406,90569500
2020-09-11,309.2613511061483,310.32039660205055,304.8225388111135,307.6405334472656,84680200
2020-09-14,310.7992781526269,313.46073328485505,307.78789928384793,311.69256591796875,65605700
2020-09-15,314.1422160421619,314.97103311859536,311.70179927663685,313.2673645019531,52920900
2020-09-16,314.50136995908423,315.9287755119788,311.7478178059842,312.02410888671875,82096000
2020-09-17,307.1801324619214,310.9927306673699,306.65520463292705,309.2798156738281,91523300
2020-09-18,310.08323122180803,310.1941787550104,303.24119391420174,305.7191162109375,105877900
2020-09-21,301.142417821237,302.4645898682485,297.4717524188794,302.316650390625,99450800
2020-09-22,303.79611893124337,305.9504265735649,301.29043022211243,305.3956604003906,63612100
2020-09-23,305.9503536740996,306.22775080288056,297.8138791281714,298.31317138671875,93112200
2020-09-24,297.0001882528296,302.1594468796686,295.6872430633771,299.1082763671875,76681300
2020-09-25,298.25762343564503,304.7298270780176,297.38852490576954,303.9439392089844,71069400
2020-09-28,308.0954153354496,309.70421136202526,307.106085914168,308.9922790527344,64584600
2020-09-29,308.78884527571864,309.52851442541044,306.616028350716,307.3094787597656,51304000
2020-09-30,307.9752282610911,312.78316294549495,307.7810700245136,309.6395263671875,104081100
2020-10-01,312.22836509125534,313.1991843917802,309.7504423645945,311.62738037109375,88698700
2020-10-02,306.68997933659404,311.59960544931795,306.21842407966096,308.6686096191406,89431100
2020-10-05,310.7213002044158,314.3272371892056,310.6750814573515,314.142333984375,45713100
2020-10-06,314.2809115493329,316.37051739087525,309.1678726905185,309.6763916015625,90128900
2020-10-07,312.6259052380061,315.87126190492677,312.598168352672,315.0668640136719,56999600
2020-10-08,316.99932011187576,317.9239207082548,316.08394633419226,317.85919189453125,45242500
2020-10-09,319.5049503113114,321.15999312657567,318.8854837702439,320.69769287109375,59528600
2020-10-12,323.2311624863126,327.3271369060572,322.74112523312164,325.8570251464844,80388500
2020-10-13,325.7182319216309,325.89390825718806,322.7687543508322,323.7303466796875,73255500
2020-10-14,324.3035773052644,325.39459896157194,320.96578353895984,321.6961975097656,57727900
2020-10-15,317.7944920914556,321.77951876830656,317.2582361118935,321.2987365722656,60357700
2020-10-16,322.648589773227,324.30363260576735,320.92884634883575,321.1045227050781,89501900
2020-10-19,322.36198948401005,322.9907111121093,315.3257925506402,316.22265625,68425600
2020-10-20,317.5633355204922,320.72548220032826,316.8051844221268,317.4893798828125,60051900
2020-10-21,317.443073902537,319.6066638803036,316.5832022185799,316.8883361816406,63575000
2020-10-22,317.1010016263074,319.20908978421284,314.96517658013624,318.6265869140625,55399300
2020-10-23,319.8470279304944,319.9025017003484,317.25815794875194,319.7083435058594,49143900
2020-10-26,316.3336287158571,317.11954492115404,310.31446938243005,313.80023193359375,91473000
2020-10-27,314.1422458102279,314.47508841544396,312.5056850182194,312.7183532714844,65994100
2020-10-28,307.05985871686283,312.7461466489848,301.5399921174108,302.030029296875,127094300
2020-10-29,302.26110998803335,308.26175735299205,300.5783305446324,305.0996398925781,90597700
2020-10-30,303.52780192819796,304.8314918083679,298.27607870942455,301.91900634765625,120287300
2020-11-02,305.30316162109375,307.3002742972392,302.56632324038145,305.30316162109375,86068300
2020-11-03,308.52995012960014,312.746126248305,305.38631400131226,310.6935119628906,93294200
2020-11-04,315.15934752702685,321.70553558783416,313.9851149209246,317.6372985839844,126959700
2020-11-05,322.90752215223176,325.63510535784354,322.5561693903892,323.8321228027344,82039700
2020-11-06,323.54551039577217,325.0063952769409,321.4374219661164,323.7581787109375,74973000
2020-11-09,336.5269118315226,336.90600149766686,327.36411567397204,327.826416015625,172304200
2020-11-10,326.83703383089585,328.39961099114294,324.0817422973662,327.3455810546875,85552000
2020-11-11,329.5276225136965,330.60016251209254,328.2886611922482,329.77728271484375,58649000
2020-11-12,328.7694850499286,329.82354332955566,324.7752317067129,326.57818603515625,67546200
2020-11-13,328.48282147525566,331.8391259274995,327.96504743366876,331.0994567871094,62892200
2020-11-16,333.762310414162,335.42658008620566,332.4771021299016,335.232421875,74541100
2020-11-17,332.82848911220765,334.63147162301595,331.3213855742676,333.4294738769531,66111000
2020-11-18,333.697561213107,334.2430721080145,329.379664574458,329.4166564941406,70591300
2020-11-19,328.7879664083773,331.173423449706,327.44728430310664,330.8035888671875,59940900
2020-11-20,330.54466445649757,330.74807768636424,328.46431342145667,328.53826904296875,70417300
2020-11-23,330.34126910985094,331.7651617960009,328.1129784945893,330.5076904296875,63230600
2020-11-24,333.05037819016013,336.3789460330993,332.19976142931375,335.83343505859375,62415900
2020-11-25,335.75020670349176,335.77794359169803,334.2246214190069,335.3156433105469,45330900
2020-11-27,336.4067085508926,336.721069396595,335.2417026629686,336.2495422363281,28514100
2020-11-30,335.4727353400609,335.7408773444086,332.0887228617469,334.76080322265625,83872700
2020-12-01,338.00618794494244,339.9570813197066,337.4144301223281,338.4222412109375,74231400
2020-12-02,337.31287365788194,339.2915047150348,336.73962567138506,339.13433837890625,45927000
2020-12-03,339.03249301288866,340.4286487496057,337.94147123204993,339.041748046875,62882000
2020-12-04,339.6242931462519,341.9635314941406,339.53182744457604,341.9635314941406,50749900
2020-12-07,341.1960744141505,341.75084037057263,339.99410502237635,341.26080322265625,48944300
2020-12-08,339.99405613944555,342.82333107219165,339.9478374066258,342.25933837890625,42458900
2020-12-09,342.9158669849853,343.0730332820125,338.3575929060704,339.1897277832031,74098300
2020-12-10,337.82129446332254,340.1235407764272,336.952167699225,339.0787658691406,57735400
2020-12-11,337.38671728522763,339.0879788216525,335.8703871356922,338.68115234375,57698600
2020-12-14,340.8447456280566,341.91725738932104,336.9891490851876,337.1648254394531,69216200
2020-12-15,339.6982365511047,341.7231140136719,338.329845795208,341.7231140136719,63865300
2020-12-16,341.93572259947405,343.1746837346286,341.05734094338163,342.25933837890625,58420500
2020-12-17,343.8959404400441,344.3767225815223,343.07303238358134,344.1733093261719,64119500
2020-12-18,344.4612007715748,344.6283315180656,340.79344881476123,342.7991027832031,136542300
2020-12-21,338.8899235370573,351.415944151772,336.1600082036477,341.5733947753906,96386700
2020-12-22,341.8983673411588,342.0097878229692,339.87415302334546,340.9976806640625,47949000
2020-12-23,341.96339496968784,343.20763766131074,340.9791428653168,341.30413818359375,46201400
2020-12-24,341.7776869993081,342.6598131310871,341.19272941054123,342.6319580078125,26457900
2020-12-28,345.1760534669629,345.9653195129683,344.5539464489038,345.5753479003906,39000400
2020-12-29,347.0981859364546,347.2746111341923,344.33112134700883,344.9161071777344,53680500
2020-12-30,345.733259466037,346.4389603203097,345.0182924625775,345.40826416015625,49455300
2020-12-31,345.2132949330659,347.8875000497571,344.7026082398412,347.1632385253906,78520700
2021-01-04,348.4910953504895,348.6211048320288,338.75069884953416,342.43701171875,110210800
2021-01-05,341.7962383123607,345.88181651795514,341.74979422078724,344.79541015625,66426200
2021-01-06,343.29118386394964,350.04170094295614,342.743347597711,346.8567810058594,107997700
2021-01-07,349.22456754371,352.7530149569909,349.04814233936133,352.01019287109375,68766800
2021-01-08,353.3937031789076,354.2293850911422,350.1531015213458,354.0158386230469,71677200
2021-01-11,350.84951439553026,353.3844152987946,350.7287994312137,351.6294860839844,51034700
2021-01-12,351.8152146876118,352.71587302635754,349.4659767403623,351.7037658691406,52547700
2021-01-13,351.6294773146356,353.6443970420134,350.84950564563337,352.65087890625,45303600
2021-01-14,353.39372265354797,353.89514316325904,351.0816626236897,351.4159240722656,49989100
2021-01-15,349.80025180486865,350.5987841141442,346.99606590019863,348.8531494140625,107160000
2021-01-19,351.3045005009363,352.13091630295105,349.8281224423444,351.59234619140625,51233300
2021-01-20,353.87654291716206,357.29359819142803,353.48657123958117,356.4579162597656,61836100
2021-01-21,357.0149417906809,357.44209131852733,355.86355930325504,356.7828063964844,47840100
2021-01-22,354.9350642448892,356.6807271719311,354.5543587480902,355.5200500488281,52860500
2021-01-25,356.25365943655754,357.27503278883,351.4159360582794,356.9222106933594,70402000
2021-01-26,357.8693763313574,358.2779370791173,356.1330073218045,356.3651428222656,42665300
2021-01-27,353.05015999751345,353.14301984374345,345.4268398473695,347.65533447265625,123351100
2021-01-28,349.46593655582046,354.6379205656578,349.02954916525357,350.64520263671875,94198100
2021-01-29,348.78824063820207,349.7539322653796,341.9541566920389,343.62554931640625,126765100
2021-02-01,347.0146573120808,350.37597423640665,343.91333096928156,349.3453063964844,75817600
2021-02-02,352.52087154806475,355.8357724135965,349.42883997274356,354.28509521484375,64450700
2021-02-03,355.11158757378746,356.2815595050007,353.2916532761181,354.5637512207031,52427100
2021-02-04,355.59430609700564,358.63992160762723,354.67505892160796,358.593505859375,47142600
2021-02-05,360.4599180558391,360.71061412663744,358.54712432112404,360.0049133300781,48669800
2021-02-08,361.45350816726585,362.6513351955174,360.5992654572833,362.60491943359375,38365200
2021-02-09,361.7690620875412,362.9576224827713,361.3605298727302,362.36334228515625,35551100
2021-02-10,364.09976890155684,364.24833897480704,359.80991075751706,362.2055358886719,59154400
2021-02-11,363.2825922037315,363.70044724200534,360.36698642975676,362.79046630859375,42913300
2021-02-12,361.99209312046787,364.8241347977366,361.9177938941386,364.5827331542969,50593300
2021-02-16,365.8083200461877,366.0033342269587,363.55197027023985,364.2669372558594,50972400
2021-02-17,362.52129645099154,364.6012209832248,361.5091609681263,364.35052490234375,52290600
2021-02-18,361.7506089186291,363.5426878534969,360.03280086210617,362.79986572265625,59712800
2021-02-19,364.05335165745737,364.3411973179349,361.71340843442175,362.15911865234375,83241000
2021-02-22,359.4013902770424,361.7784550408201,359.1042500973584,359.37353515625,67414200
2021-02-23,357.1729115862207,361.15636405887625,353.0316228676275,359.8099670410156,107284100
2021-02-24,358.72348094434057,364.20189931472817,357.7392290684119,363.7747497558594,72433900
2021-02-25,362.5119712403062,363.8769286831077,353.5701100677541,355.00933837890625,146670500
2021-02-26,356.8850463128118,358.0271345906392,351.20237503364604,353.1801452636719,152701600
2021-03-01,358.03642977075657,362.9855734404292,353.37516012939244,361.7413024902344,105348800
2021-03-02,361.96410294439573,362.1962383505726,358.41706713717036,358.9184875488281,79595300
2021-03-03,358.22205927444577,359.1877221021597,354.0621828506173,354.1643371582031,119940200
2021-03-04,353.9787065028338,356.5600515760826,345.306129482108,349.7817077636719,183433000
2021-03-05,353.2729412236846,357.2656872416636,346.01176720058334,356.2164306640625,152039600
2021-03-08,357.1728776946545,359.9770636155982,354.1644114525265,354.4429626464844,123149200
2021-03-09,358.27788847962165,362.04776622878813,357.77646793232316,359.5035705566406,113633600
2021-03-10,361.84345682354007,363.431255369481,360.4320834867978,361.7413024902344,109899400
2021-03-11,364.2019341812967,367.3775310399198,363.7469294630154,365.4090270996094,86245000
2021-03-12,364.0533645809201,366.04042915723414,363.2455378059453,365.9011535644531,64653600
2021-03-15,366.15180845909873,368.34318144087337,364.0161740450138,368.08319091796875,73427200
2021-03-16,368.6960999272851,369.40177242737843,366.84828247321997,367.6189880371094,73722500
2021-03-17,366.3375684287189,369.67102984650717,365.19545189698175,368.87249755859375,97959300
2021-03-18,366.2912103516865,368.371135091279,362.82773894437463,363.5055847167969,115349100
2021-03-19,363.20563537867605,364.7800131432064,360.6624031983592,362.8330078125,113624500
2021-03-22,363.3453133880508,367.10891663764517,363.28942068287944,365.73016357421875,73778600
2021-03-23,365.09668084256,366.5406230570263,362.0690362260645,362.8515625,90686600
2021-03-24,364.248968775631,365.87923909623805,360.9604817803928,361.0070495605469,97588600
2021-03-25,359.5723827433269,363.82969504622673,357.63467436503356,363.0378723144531,116128600
2021-03-26,364.18373344592686,369.28881849367565,363.5875351124933,368.88824462890625,114409100
2021-03-29,367.4163152580118,369.60554090899944,365.93510175704296,368.701904296875,108107600
2021-03-30,367.4350274245717,368.3945569028789,366.1307883102693,367.72381591796875,76262200
2021-03-31,368.2919754370403,370.76998933005086,368.26402908759354,369.2142333984375,112734200
2021-04-01,371.1426257443496,373.2573371455199,370.93767636691575,373.201416015625,99682900
2021-04-05,375.85639888988624,379.09831735793875,375.7818847728783,378.5579833984375,91684800
2021-04-06,377.9991164320186,379.3778410378448,377.663731778131,378.33447265625,62021000
2021-04-07,378.16675464905626,379.11695894712534,377.710288137678,378.77227783203125,55836300
2021-04-08,380.0206514166771,380.626174688792,379.089068404298,380.5702819824219,57863100
2021-04-09,380.44924276681104,383.5048342531352,380.3281324128653,383.3371276855469,61104600
2021-04-12,382.74087863290447,383.7469757570129,382.135355372954,383.4768371582031,56704900
2021-04-13,383.374318989603,385.2374848347506,382.99236657978923,384.6133117675781,56551000
2021-04-14,384.585426479011,385.6381198974038,382.7595316211662,383.29986572265625,61659900
2021-04-15,385.43314308577106,387.6875864651336,385.3865753074208,387.41741943359375,60229800
2021-04-16,388.70295534718036,389.31780345743056,387.28695960911085,388.7122802734375,82037300
2021-04-19,387.78069983654575,388.22784142524785,385.4796889791716,386.8025207519531,78498500
2021-04-20,385.59155703811007,386.6908182521964,382.4986943815011,383.9706115722656,81851800
2021-04-21,383.3556830388797,387.80864810285476,383.21592286206607,387.60369873046875,66793000
2021-04-22,387.43604432459205,388.2651383615414,383.0017004125384,384.0636901855469,97582800
2021-04-23,384.62268347334305,389.6346047551007,384.54816933952253,388.2279052734375,73209200
2021-04-26,388.87997690212677,389.60661044348035,388.29307511302295,389.038330078125,52182400
2021-04-27,389.33645070740164,389.53210359386003,387.8179659687333,388.9544982910156,51303100
2021-04-28,389.2246953658085,390.342606350338,388.3769514146441,388.8427429199219,51238900
2021-04-29,391.56296041556226,391.9355879172904,387.9484139465216,391.32073974609375,78544300
2021-04-30,389.05698052139843,389.9047243925387,387.85523059091884,388.7495422363281,85527000
2021-05-03,390.7338415630485,391.1157939955126,389.0942748542552,389.5880126953125,68128300
2021-05-04,387.6036718842852,388.0974096431561,383.50471315012,387.1844482421875,101591200
2021-05-05,388.8241183887439,389.0570141395226,386.7466780571217,387.3056335449219,60162200
2021-05-06,387.3801805344539,390.5289359008101,385.3772825937991,390.3985290527344,74321400
2021-05-07,391.16239525650957,393.8919265936675,390.4823294392389,393.23980712890625,67733800
2021-05-10,393.59374911008047,393.8173198937431,389.22462332487686,389.3457336425781,81852400
2021-05-11,384.8369282355566,386.8584473474661,382.0049080638009,385.8709716796875,116888000
2021-05-12,383.09494694764567,384.3618863785904,376.35959057471223,377.6731262207031,134811000
2021-05-13,379.21949593633536,384.1382530041698,379.1728997288725,382.2098693847656,106394000
2021-05-14,384.9393967974584,388.9265708311616,384.9114504451291,388.0788269042969,82201600
2021-05-17,386.9702267000928,387.9018095813703,385.0790861586322,387.09130859375,65129200
2021-05-18,387.3521831986254,387.59440386559174,383.597905008926,383.75628662109375,59810200
2021-05-19,379.0797721892408,382.9271861523255,377.5985301803542,382.75018310546875,106467100
2021-05-20,383.62581816312553,388.1253793888649,383.50473626977606,386.86773681640625,78022200
2021-05-21,388.34903495141754,389.5880563714277,386.09461981296676,386.55108642578125,76578700
2021-05-24,388.7868558465473,391.5629834929008,388.54463516280316,390.4916687011719,51376700
2021-05-25,391.5723104358726,391.92631656128196,389.047728204707,389.62530517578125,57451400
2021-05-26,390.2122010644439,390.9015634477315,389.17815748951244,390.3985290527344,43088600
2021-05-27,391.4232522007512,391.9356114927395,390.3239626244938,390.60345458984375,56707700
2021-05-28,392.1684587891069,392.42930086674016,391.069197778342,391.3020935058594,58520200
2021-06-01,393.6590742965092,393.79880607447905,390.5196438229263,390.9574890136719,54216600
2021-06-02,391.6095674253817,392.410743642536,390.60347022695476,391.5722961425781,49097100
2021-06-03,389.26200853094554,391.25558160462,387.79941622388145,390.1190490722656,58138800
2021-06-04,391.963516582505,393.98506404338684,390.18418978016194,393.68695068359375,55938800
2021-06-07,393.6776507018846,393.85465374362394,392.3734402072181,393.3050231933594,51555000
2021-06-08,394.1620869131879,394.2552509032389,391.5629906976117,393.3888854980469,47134300
2021-06-09,394.2272923071258,394.3018348687151,392.57840061009364,392.8019714355469,48436300
2021-06-10,394.0222844350054,395.57804034366546,392.7087491710795,394.6278076171875,51020100
2021-06-11,395.17753829078254,395.3917841957337,393.8919491424424,395.2799987792969,45570800
2021-06-14,395.3917787091995,396.26746903201445,394.1527857880061,396.1650085449219,42358500
2021-06-15,396.3140447697688,396.3512876197017,394.56266421460623,395.4383544921875,51508500
2021-06-16,395.57807599910893,395.8016468115362,391.19032822728997,393.23046875,80386100
2021-06-17,392.82063411530976,394.07824847919915,390.63140827908353,393.10009765625,90949700
2021-06-18,389.82512979232945,390.5167474088944,387.5913771677302,387.7969970703125,118676300
2021-06-21,389.55400451756464,393.53553981527546,388.7408804970825,393.3486022949219,72822000
2021-06-22,393.339353041914,396.28343417143736,392.61966911686017,395.45159912109375,57700300
2021-06-23,395.52640432656335,396.33017311106846,394.8908622379778,394.9749755859375,49445400
2021-06-24,397.11522847080494,397.73205959660106,396.8628599421337,397.3114929199219,45110300
2021-06-25,398.05922899461444,399.1714418641056,397.73210252899935,398.7228088378906,58129500
2021-06-28,399.2463249982312,399.69492961043625,398.04999849456163,399.5267028808594,53159600
2021-06-29,399.9098343658785,400.5453764693619,399.2088612604478,399.7416076660156,35970500
2021-06-30,399.2835916114196,400.7509687229313,399.2555538300446,400.0780334472656,64827900
2021-07-01,400.8351604112418,402.4520821803401,400.76972940102274,402.2931823730469,53441000
2021-07-02,403.4520300284134,405.7231756894549,402.37718195001327,405.3680114746094,57697700
2021-07-06,405.42420273538175,405.63917811694586,401.9006544056057,404.6297607421875,68710400
2021-07-07,405.3119686849688,406.34006819983387,403.3025183056718,406.0596618652344,63549500
2021-07-08,400.7509751205796,403.50814726468866,399.57333123869796,402.7510986328125,97595200
2021-07-09,404.2558173257462,407.3494426746745,402.55478259875076,407.05035400390625,76238600
2021-07-12,406.9662269112006,408.76073035250516,406.536304788165,408.50836181640625,52889600
2021-07-13,407.7232268163871,409.218641418567,406.8540272400681,407.11572265625,52911300
2021-07-14,408.8074721795963,409.29349840963926,406.4802508086064,407.7232971191406,64130400
2021-07-15,406.3868861227559,407.05982155600043,404.43351083577465,406.330810546875,55126400
2021-07-16,407.5083229344722,407.5550430583768,402.7510563008199,403.1435852050781,75874700
2021-07-19,398.3302836206056,403.20905730096297,394.38614069493224,397.1900329589844,147987000
2021-07-20,397.85360950811923,404.1530401378472,397.0591676686946,402.8819274902344,99608200
2021-07-21,404.0782727663207,406.28401626491234,402.83522636423976,406.143798828125,64724400
2021-07-22,406.3213274734552,407.23727579624176,405.33997668113454,406.9942626953125,47878500
2021-07-23,408.91960818789283,411.51788035862415,408.2373460404216,411.1814270019531,63766600
2021-07-26,410.5925550860386,412.20012081384886,410.5458349664142,412.1907653808594,43719200
2021-07-27,411.15338725210887,411.18142503169713,407.4896224241449,410.3122253417969,67397100
2021-07-28,410.93845431834467,411.51792083805464,408.7233839343774,410.1440124511719,52472400
2021-07-29,411.0692093902576,412.9197595979411,411.0598539576417,411.8449401855469,47435300
2021-07-30,409.2841865056366,411.29363706752343,409.15332449973266,409.844970703125,68951200
2021-08-02,411.5552501136449,412.10667876520074,408.6298516644557,408.9850158691406,58783300
2021-08-03,409.77944541953616,412.43379291943126,407.5924132229183,412.3122863769531,58053900
2021-08-04,411.03193395699765,412.28433581198715,410.050583021591,410.28424072265625,46732200
2021-08-05,411.4431375086628,412.96659014888616,411.12536648595767,412.8824768066406,38969700
2021-08-06,413.2002671340216,413.9853535543252,412.9198607907698,413.56475830078125,46930000
2021-08-09,413.5366870620658,413.85445807390835,412.46186747322616,413.228271484375,41222600
2021-08-10,413.6768480634151,414.45260745639985,412.99458596031207,413.7422790527344,43339300
2021-08-11,414.80783999492405,414.8639155599606,413.6862716488568,414.77044677734375,44034300
2021-08-12,414.62092846348145,416.1537367311729,413.72369084389135,416.0135192871094,38909400
2021-08-13,416.4621552133837,416.7892817139917,415.9761574416634,416.7705993652344,39470300
2021-08-16,415.4713301600155,417.8826645039691,413.91983997608867,417.7518310546875,73740000
2021-08-17,415.200428356418,415.8733637558073,412.0320443878525,415.0135192871094,92673900
2021-08-18,414.00400272308775,415.56484852636714,410.2281152693712,410.4710998535156,89351900
2021-08-19,407.7513380397817,412.3030136509168,407.61114913490746,411.1066589355469,92812200
2021-08-20,411.45246811100355,414.70496457219946,410.96644191047403,414.3778381347656,72008700
2021-08-23,416.06015823361497,418.9294809997778,414.4525924726287,418.02288818359375,54973000
2021-08-24,418.6865234375,419.21926979163254,418.1724879522138,418.6865234375,38744700
2021-08-25,418.87347636542324,420.0791294982954,418.49960124676494,419.5650939941406,40529700
2021-08-26,419.2846465858296,419.5183042507706,416.9948185830064,417.0882873535156,57829600
2021-08-27,417.8921363097158,421.19138203158167,417.8360607411706,420.8175354003906,77235100
2021-08-30,421.4904164695936,423.4531466839395,421.2474033554113,422.6680603027344,48357400
2021-08-31,422.5746165039233,422.9110698917558,421.4437212534849,422.0418701171875,59300200
2021-09-01,422.9765334042328,423.4905689604895,422.03254712247315,422.2662048339844,48721400
2021-09-02,423.68684470342555,424.369106938718,422.36901184150173,423.5653381347656,42501000
2021-09-03,422.4344228744772,423.9765579301553,422.0325099688313,423.4624938964844,47170500
2021-09-07,423.1166526229062,423.21012139664674,421.27542901861193,421.9483642578125,51671500
2021-09-08,421.4157048587594,422.14471575872943,419.51837690907405,421.43438720703125,56181900
2021-09-09,421.23808970978325,422.9858446456514,419.38751055980504,419.6305236816406,57970400
2021-09-10,421.55577521253264,421.97634185038106,416.20033184264076,416.32183837890625,89948200
2021-09-13,419.31275573342043,419.57445120398825,415.07885103030503,417.38739013671875,83738600
2021-09-14,418.82678462131764,419.032404555451,414.24709902216927,415.135009765625,78197100
2021-09-15,415.5555116773011,419.0977701394543,414.4526542585058,418.6024169921875,78792200
2021-09-16,418.0790011528334,419.0509965202967,414.99470280608074,417.9388122558594,77786700
2021-09-17,417.16810338516024,417.5900174422534,413.5113432060983,413.8676452636719,118425000
2021-09-20,407.7543985068498,409.3296017705494,402.10987722418974,406.966796875,166445500
2021-09-21,409.30141250201683,410.59533949300106,406.0572382327374,406.5823059082031,92526100
2021-09-22,408.85139337293356,412.5831513891095,406.6948671942367,410.5484924316406,102350100
2021-09-23,412.41431229246786,417.1399497351395,412.179906070705,415.5365905761719,76396000
2021-09-24,413.9052864464719,416.93382625964585,413.68962234114514,416.2212219238281,62094800
2021-09-27,415.1897452245322,416.35239112758217,414.33650299714867,415.0303649902344,61371100
2021-09-28,412.2642780676356,412.59245249230736,405.9353102459773,406.6666564941406,130436300
2021-09-29,408.0449990691309,409.77961092728947,406.78858508585967,407.3511657714844,82329200
2021-09-30,408.82324196639286,409.5264607159928,402.03484612674845,402.3724060058594,140506000
2021-10-01,404.0976283486504,408.8326231008619,400.58153463739126,407.1542663574219,129240100
2021-10-04,405.9915954205408,406.8917073430287,399.7657521393978,401.903564453125,128570000
2021-10-05,403.4037961536202,408.32632771246665,402.60683774485324,406.0854187011719,90682500
2021-10-06,402.4942986652522,407.9794109817039,400.8722256266175,407.77313232421875,113032200
2021-10-07,411.04546603542565,414.1302318975777,410.867314983928,411.2986145019531,72437500
2021-10-08,412.0674690550003,412.45189876084635,409.9202996692927,410.5484924316406,74557400
2021-10-11,409.89216791478833,412.79881127574237,407.5105922896659,407.57623291015625,65233300
2021-10-12,408.4950853785661,408.89825725037673,405.7853354665387,406.57293701171875,71181200
2021-10-13,407.594929147859,408.8513431322092,404.6226741156243,408.0356140136719,72974000
2021-10-14,411.6922973111735,415.04901022272514,411.2234848966917,414.89898681640625,70236800
2021-10-15,417.0087329506892,418.42455590539737,416.38989699593026,418.0588684082031,66260200
2021-10-18,416.27726437520323,419.63394841400134,415.62091559990085,419.2964172363281,62213200
2021-10-19,420.91862541650084,422.59695355572194,420.3091462784129,422.5313415527344,46996800
2021-10-20,422.99069828398655,424.4909037495053,422.8781878815295,424.19085693359375,49571600
2021-10-21,423.5908483463569,425.5223536137635,423.1595488456662,425.2973327636719,41305400
2021-10-22,424.8659833060559,426.3099336904653,422.91570745443045,424.8565979003906,58845100
2021-10-25,425.94420601670936,427.4631536608838,424.1721099698522,427.1349792480469,45214500
2021-10-26,428.68211402620443,429.89162954029996,427.14439546156063,427.5194396972656,56075100
2021-10-27,427.9789668380812,428.6446726137015,425.5504927707311,425.6255187988281,72438000
2021-10-28,427.05070773419686,429.80732773792477,427.0413509410185,429.7323303222656,51437900
2021-10-29,427.4350712129975,430.8949094853391,427.1444097745334,430.604248046875,70162400
2021-11-01,431.5887947913139,431.9638676988326,429.6198050970678,431.34503173828125,48433600
2021-11-02,431.5137252848119,433.3983604582575,431.3824440663046,433.08892822265625,48908400
2021-11-03,432.5264031559585,436.1362651463071,432.08571825925554,435.73309326171875,52509800
2021-11-04,436.3331630823048,437.8708818410705,435.9862464051318,437.7864990234375,52847100
2021-11-05,440.00863863956613,441.29318025230174,437.79585747597196,439.305419921875,66390600
2021-11-08,440.4024093790137,440.89934941159646,438.99597208520896,439.680419921875,50405200
2021-11-09,440.0461676231419,440.2805738708811,436.8207353651275,438.2271728515625,51149100
2021-11-10,436.5394889244419,438.22723130169896,433.22031661586044,434.7017517089844,69429700
2021-11-11,436.1925591246675,436.26758515556486,434.8236345082835,434.8423767089844,34848500
2021-11-12,436.1081354103615,438.6772187538003,435.1611250038921,438.1240234375,53466700
2021-11-15,439.40853351302644,439.5679137173184,437.1488541390342,438.27398681640625,46980500
2021-11-16,438.01152112700873,441.1431852512349,437.9365237158013,440.0086669921875,48857500
2021-11-17,439.74610202390977,439.9242530537252,438.32092239942926,438.93975830078125,47858300
2021-11-18,439.97117780399594,440.6931674194312,437.2520708292828,440.4306335449219,50625600
2021-11-19,440.31809847431913,441.5651558500262,439.2773483740664,439.6430358886719,57315600
2021-11-22,441.5182563851529,444.0029569483632,438.19905582510415,438.40533447265625,72762000
2021-11-23,438.0771968516729,439.83993660377723,435.47998564656854,438.9866943359375,73206500
2021-11-24,436.98951426235885,440.2805872370219,436.17378507370955,440.15869140625,61858800
2021-11-26,433.50149668510204,434.96418925297854,429.2165439866492,430.3417053222656,112669600
2021-11-29,435.12360436955294,437.45828126856935,432.9295654860119,435.62054443359375,86268800
2021-11-30,433.1826850458105,435.08606236584416,426.9005870421709,427.1443786621094,148559600
2021-12-01,432.84521097923056,435.6862135337651,422.2031616971008,422.4000549316406,131939200
2021-12-02,422.61568676881933,430.43547509903107,422.2218717157111,428.86962890625,127637800
2021-12-03,430.5292522904625,431.58874442702455,420.9185967447433,425.1379089355469,137331600
2021-12-06,427.6788574056175,432.04819294676213,425.2691545047344,430.1729431152344,98977500
2021-12-07,435.44247092403845,439.6336562155435,430.0417412560462,439.0710754394531,95484700
2021-12-08,439.46484235390875,440.68374339000826,437.7114595944113,440.2336730957031,72238800
2021-12-09,438.9491883572712,440.3368838174408,437.0645813487315,437.261474609375,61272600
2021-12-10,439.9617996675269,441.52761743144606,437.41145846142433,441.3775939941406,77159800
2021-12-13,440.86184888742423,441.2087655181387,437.18634673203786,437.4676513671875,87724700
2021-12-14,434.20476780499797,436.6894683893485,431.5419161774256,434.4579162597656,97264100
2021-12-15,434.51416709666717,441.49007040259744,432.00131048296834,441.2463073730469,116899300
2021-12-16,443.09342361388826,443.37469964954175,435.8080595359977,437.35516357421875,116568600
2021-12-17,434.2811459384775,437.28267979708494,430.9973478702641,432.7004089355469,135511600
2021-12-20,427.62890570329984,428.4945351603184,424.4862394814665,428.099365234375,107134800
2021-12-21,431.5148641473523,435.8430974441347,429.3507618562461,435.70196533203125,69806300
2021-12-22,435.44791327448115,440.17131633051764,435.25029960943573,440.05841064453125,58890200
2021-12-23,441.0558028110541,444.2925666264492,440.9523154989883,442.7965087890625,56439700
2021-12-27,444.1702284294298,449.1100532638039,444.12319396445406,449.0630187988281,56808600
2021-12-28,449.4958623974338,450.52146074512336,447.9339332846144,448.6960754394531,47274600
2021-12-29,448.7996209971791,450.28626060152465,447.8022490075834,449.27008056640625,54503000
2021-12-30,449.69343150623797,450.7002217741406,447.56697399413,448.02801513671875,55329000
2021-12-31,447.53883371212675,448.68672759999293,446.6261409158033,446.89898681640625,65237400
2022-01-03,448.15981168840295,449.61825370387953,445.85457683489585,449.48651123046875,72668200
2022-01-04,450.9072851460478,451.6223929028808,447.48232558918886,449.3359375,71178700
2022-01-05,448.9689713732978,449.7405319442751,440.61360498167255,440.70770263671875,104538900
2022-01-06,440.2466056724417,443.0034914570786,437.93192425280233,440.29364013671875,86858900
2022-01-07,440.3031029677847,441.47925183914367,437.1980527186537,438.552978515625,85111600
2022-01-10,435.36331312046167,438.2236867337772,429.6237004184561,438.0072937011719,119362000
2022-01-11,437.7437907456816,442.0908322693714,434.75164626994354,441.9967346191406,74303100
2022-01-12,443.7280116585806,445.2429062617321,441.2345819172256,443.1916809082031,67605400
2022-01-13,444.29264976490606,444.9418863252983,436.05960657182123,437.085205078125,91173100
2022-01-14,433.9425030975037,437.6120820227763,432.7287093594842,437.2639465332031,95890900
2022-01-18,432.578128611285,432.7851319574491,428.4098639787604,429.5201416015625,109709100
2022-01-19,431.0632487949444,432.455790611051,424.7873060995941,425.0601806640625,109357600
2022-01-20,426.9419932565545,431.6371698449728,418.2384925675779,420.3555603027344,122379700
2022-01-21,419.2359139440063,421.58821170548157,412.0755333410702,412.103759765625,202271200
2022-01-24,406.5052754832323,414.36195566976323,395.90112761933347,413.8538513183594,251783900
2022-01-25,407.47441758472695,413.7409421509055,401.9135823339121,408.8011169433594,167997300
2022-01-26,414.6818862839636,417.80574473347866,403.5225703047687,407.7755432128906,186391100
2022-01-27,412.3672026513168,415.50045053402,404.0777079047049,405.7619323730469,149878300
2022-01-28,407.1168346707988,415.88620682845203,402.54398201671927,415.83917236328125,164457400
2022-01-31,415.17113717300543,423.677053931945,413.82562974282484,423.32891845703125,152251400
2022-02-01,424.053395889453,426.8291186076498,420.5343677869096,426.1893005371094,123155400
2022-02-02,428.58854848498095,431.05375134845656,426.28328575044304,430.3292541503906,117361000
2022-02-03,424.30751219871513,426.208158589354,419.37707621036856,420.2145080566406,118024400
2022-02-04,419.9792943228935,426.0293979401201,417.60815954090174,422.1904602050781,118454400
2022-02-07,422.95251700944823,424.3450587788941,419.5087499574974,420.83544921875,84472900
2022-02-08,420.33680377789557,425.2201762493433,418.91600673505786,424.2980651855469,81012000
2022-02-09,428.325239275932,430.82808779311625,428.12765428405766,430.5081787109375,92589900
2022-02-10,424.6744807309833,430.66813161634667,420.77909006037453,422.7738342285156,140103700
2022-02-11,422.85846290665194,424.92846773085336,413.00703862428105,414.4372253417969,153214600
2022-02-14,413.9291560964369,415.50989334254666,409.61973040303707,413.0823059082031,123006300
2022-02-15,417.5140448697904,419.9133771021189,416.99652213320917,419.7440185546875,88482700
2022-02-16,417.7022412323989,421.5882420080019,415.8298212683436,420.2145080566406,84863600
2022-02-17,417.03413227878895,420.18621676202645,410.63589438127366,411.2380676269531,102259100
2022-02-18,411.49211293034836,412.74355133918664,406.30766852315804,408.5752868652344,132642900
2022-02-22,406.373613297068,409.77031787811296,400.69984286814764,404.190673828125,124391800
2022-02-23,407.098048185768,407.66260537056274,396.4562558034865,397.02081298828125,132578000
2022-02-24,386.7365552102814,403.42847944353576,386.3790300752348,402.9956359863281,213942900
2022-02-25,404.22817407311,411.9719473256861,402.5815659197891,411.88726806640625,121804500
2022-02-28,406.505202258136,412.31068466320824,405.25379272155976,410.83343505859375,145615000
2022-03-01,409.3374336179091,411.34159579885494,401.8759236906789,404.5763854980469,137785900
2022-03-02,406.825151607102,413.74091213892484,406.0724278778105,412.01904296875,117726500
2022-03-03,414.4466183746847,415.04879163986294,408.17067562721684,409.96783447265625,105501700
2022-03-04,406.2418252656333,407.7661096277124,402.60047290853925,406.63702392578125,113978200
2022-03-07,406.05365494553234,406.75934432063025,394.58384800510765,394.64971923828125,137896600
2022-03-08,394.82848568696517,401.97005852746355,390.59434954887394,391.6575927734375,164772700
2022-03-09,400.02235763522094,404.134169484024,397.8394184443937,402.1582336425781,116990800
2022-03-10,397.55711352812676,401.2361105228519,395.6000145047704,400.3422546386719,93972700
2022-03-11,402.82627933719436,403.4378710075181,394.7437877372273,395.25189208984375,95636300
2022-03-14,396.0234396841189,399.4671781987032,391.2247467020312,392.3632507324219,95729200
2022-03-15,394.96955062340055,401.6218547157255,393.6993329697204,400.991455078125,106219100
2022-03-16,404.49167034765577,409.93957051689273,399.7023675150075,409.88311767578125,144954800
2022-03-17,407.9730846505351,415.01116943359375,407.596722776026,415.01116943359375,102676900
2022-03-18,413.40292135860483,419.8776656161691,412.6667255275147,419.5567626953125,106345500
2022-03-21,419.3868421211315,421.3877829881189,415.9323761926658,419.4340515136719,88349800
2022-03-22,420.8214989932451,425.2764356419781,420.8214989932451,424.342041015625,74650400
2022-03-23,421.8125310374547,423.3037890750717,418.79222440449075,418.8771667480469,79426100
2022-03-24,420.8969363393452,425.2008538879378,419.7832096061072,425.19140625,64736900
2022-03-25,425.8237452085359,427.54154450105966,423.24704626975023,427.267822265625,77101300
2022-03-28,426.6733001787727,430.3070983886719,424.7856157896072,430.3070983886719,68529800
2022-03-29,434.18623279666707,436.12112638537604,431.50572468711965,435.63031005859375,86581500
2022-03-30,434.48825466782915,435.2999738252827,430.8355904687236,432.94036865234375,79666900
2022-03-31,432.1759613525289,432.99709953880534,425.82389235149907,426.2769470214844,121699900
2022-04-01,427.8530993439852,427.99466991123313,423.91729355560483,427.4850158691406,89048800
2022-04-04,427.6832403411355,431.2509628688752,426.8621021980193,431.1471252441406,59601000
2022-04-05,429.6558116325977,432.119225743506,424.5590699380688,425.70111083984375,74214500
2022-04-06,421.7936427720497,423.71906006741074,418.5656898647818,421.44439697265625,106898000
2022-04-07,420.56655200877265,425.3801519544788,418.6222397991527,423.5679626464844,78097200
2022-04-08,422.8129253472982,425.3235486630253,420.8969271331609,422.4353942871094,79272700
2022-04-11,419.16969873165914,420.0097320215141,414.7147916975716,415.21502685546875,89770500
2022-04-12,418.1974960631798,420.7175668489802,412.1285989831766,413.676513671875,84363600
2022-04-13,413.4312476212873,419.16979621635505,413.25191527733693,418.41473388671875,74070400
2022-04-14,418.6412237561914,419.754979516138,413.10087428728497,413.2047119140625,97869500
2022-04-18,412.27968190004844,415.0545800894282,411.14705981320014,413.3745422363281,66002500
2022-04-19,413.27073740895713,420.76484688177004,413.1008527235854,420.04754638671875,77821000
2022-04-20,421.8219961207023,422.4354878298303,418.57517643732126,419.736083984375,65224400
2022-04-21,423.3509795921558,424.73842874926703,412.55342274585064,413.4595031738281,85417300
2022-04-22,412.37412370691203,413.4784030168014,401.54825187367607,402.11456298828125,132471800
2022-04-25,399.87766866932645,404.61574651272133,395.3188943584106,404.44586181640625,119647700
2022-04-26,401.9163240296101,402.11455163658286,392.70444345361744,392.7327575683594,103996300
2022-04-27,393.8087220181219,399.1697677643689,391.7039722839688,393.8370361328125,122030000
2022-04-28,398.5750669559005,405.5123117771295,394.1484454415817,403.7850646972656,105449100
2022-04-29,399.8020406731504,401.9539993420894,388.117271772839,388.8629150390625,145491100
2022-05-02,388.92910247552595,392.5629010819542,382.27499699533837,391.2037658691406,158312500
2022-05-03,391.7039501067172,395.4037953011167,390.1465874755705,392.99700927734375,100028200
2022-05-04,393.65769528593023,405.53124638806986,390.4769516548114,404.9649353027344,144247900
2022-05-05,400.7081751004019,401.1329155913623,386.4467339742489,390.5713195800781,172929100
2022-05-06,388.01353835630266,391.50573725161655,382.9451102963641,388.24005126953125,151770800
2022-05-09,382.3504814055953,383.5869123846669,374.23343271582064,375.8096618652344,155586100
2022-05-10,381.77465875186067,383.27536414376215,372.6477223262594,376.67791748046875,132497200
2022-05-11,375.71524733858433,381.3499860628742,369.94835688896774,370.6940002441406,142361000
2022-05-12,367.5038249274551,373.5727232304534,363.5208097766853,370.3070373535156,125090800
2022-05-13,374.43161982347493,380.53827982576547,373.3933876739787,379.1602783203125,104174400
2022-05-16,377.5180173546355,381.2839385536254,375.27166828724563,377.621826171875,78622400
2022-05-17,383.7001932426954,385.6256395203469,379.9720047899369,385.3896789550781,83029700
2022-05-18,380.840309909265,381.12345103452697,368.61754246873323,369.8539733886719,117674500
2022-05-19,366.79598209392395,372.00600991179766,365.3707710345012,367.58880615234375,98510700
2022-05-20,371.16600278161656,374.7337256994322,359.1697746219984,367.7492980957031,131432200
2022-05-23,370.7695124155736,375.3943621595535,368.45711634736125,374.6298522949219,76414900
2022-05-24,370.5146628553773,372.9592105064328,365.2291411864955,371.7699890136719,91448800
2022-05-25,370.27878652330077,377.01783466440037,369.8823888701669,375.05462646484375,91472900
2022-05-26,376.2814883236721,384.1814409508542,376.0738419395173,382.548583984375,82168300
2022-05-27,385.0026351628093,392.0531368146943,384.80443638650837,391.93988037109375,84768700
2022-05-31,390.3259001664865,393.07248421298215,387.00358624823434,389.74072265625,95937000
2022-06-01,391.8549734040455,392.8648626531449,384.07769419751776,386.58831787109375,86585800
2022-06-02,386.42789374965014,393.9974979722233,384.18154466114504,393.9503173828125,79609600
2022-06-03,389.24045670832646,390.78837150030967,386.512768154437,387.48492431640625,71874300
2022-06-06,391.48687393580764,393.21409252066996,387.49441098526677,388.664794921875,57508900
2022-06-07,385.1819749982957,392.8459684053957,384.7194727728496,392.3929138183594,59272400
2022-06-08,390.6845741806073,392.4684496696644,387.333946070098,388.12677001953125,64350000
2022-06-09,386.3523433395128,388.6175587452947,378.89599609375,378.89599609375,86289800
2022-06-10,372.7044641742221,373.55391651113854,367.8625484088817,367.90972900390625,132893900
2022-06-13,358.5184668650851,360.3683895194282,352.3362831480851,353.9408264160156,170004900
2022-06-14,355.68695837561785,356.7157429736958,349.77849666174114,352.8742980957031,104011800
2022-06-15,356.1683036625761,362.3410401471121,351.2225794060758,357.9049987792969,125666800
2022-06-16,349.702968623294,350.10881384000515,343.63404163139757,346.0597229003906,134473300
2022-06-17,346.474006989018,350.14245020385545,343.30795986691686,346.8057556152344,111113900
2022-06-21,352.521725834006,356.92005638665404,352.44587608946637,355.5361022949219,76811900
2022-06-22,351.3178358414842,358.99598772773135,350.90074904768903,354.8915100097656,90059400
2022-06-23,357.02430174493765,359.1002181811548,353.4696047412398,358.3703308105469,79292100
2022-06-24,361.5363511048066,369.77377067490386,361.5079146879787,369.7642822265625,98050300
2022-06-27,370.68380190795756,370.9776545538821,367.2618273862305,368.3519287109375,66009600
2022-06-28,369.9064903475498,372.68388643941586,360.7116632691244,360.8254089355469,86548900
2022-06-29,361.37524766838453,362.3610628098229,358.71159702593604,360.5315856933594,65676000
2022-06-30,356.6451313576215,360.8349471944622,353.1567954408799,357.6025390625,112508300
2022-07-01,356.9484497006856,361.8207682477801,354.33218346585994,361.38470458984375,74839700
2022-07-05,356.3038638558327,362.08617660456315,353.47905430233544,362.06719970703125,81438000
2022-07-06,362.2094276989218,365.7736135029027,359.8301699411462,363.2900695800781,70426200
2022-07-07,365.06263643850446,369.5273277554807,363.30898013880693,368.7310791015625,64525900
2022-07-08,367.10068528955685,370.29519752923926,365.5745491503481,368.42779541015625,72397800
2022-07-11,365.7546798643806,366.72154716840924,363.52706364959664,364.21905517578125,58366900
2022-07-12,363.6692023712076,366.04848886653093,359.2518953418649,360.9960632324219,62219200
2022-07-13,355.5645600399159,362.02937706003513,355.14747320454023,359.10028076171875,84224600
2022-07-14,354.15207948496095,359.30876226262916,351.71594911911046,358.2281494140625,89704800
2022-07-15,362.6265563284071,365.1859502897795,360.72125799807424,365.07220458984375,79060400
2022-07-18,368.1528525900141,368.82586710212945,360.834915426236,362.0577392578125,63203600
2022-07-19,365.97270864034476,372.40908945598443,365.3186708693351,371.84033203125,78506000
2022-07-20,372.02984989964705,375.62247177061846,370.66484393622255,374.2100524902344,71843800
2022-07-21,373.6319110568227,378.0681668690259,371.233676151968,378.0207824707031,64903900
2022-07-22,378.143943990978,379.3383025244326,372.29526973672574,374.5133972167969,72197300
2022-07-25,375.1390938870878,375.8215969964553,372.73137056679104,374.9684753417969,53631500
2022-07-26,373.3284791799176,373.5370225526236,369.6410886834943,370.5321350097656,52946400
2022-07-27,373.82147154826214,381.89776315262577,373.52761885571124,380.1535949707031,82342100
2022-07-28,380.95927437369363,385.61353235014826,377.4140367716771,384.92156982421875,73966600
2022-07-29,386.352936564959,391.51910833460266,385.585124244229,390.53326416015625,87003700
2022-08-01,387.8411758992656,391.8793213752261,387.1302364241008,389.3768005371094,69997500
2022-08-02,387.81277563609865,391.4907074923848,385.632572613597,386.8079833984375,63435400
2022-08-03,388.93122459935086,394.03103437189844,388.64686041910363,392.8651123046875,67820600
2022-08-04,392.78932847212786,393.4718315474268,390.95985110646615,392.5997619628906,45656600
2022-08-05,388.3246478205913,392.58079648264055,388.26777497334547,391.93621826171875,56814900
2022-08-08,393.6235081493515,395.87007236927724,390.3816112599049,391.481201171875,53886100
2022-08-09,390.7512903773344,391.25368644325886,388.8554517997777,389.9266052246094,44931800
2022-08-10,396.96969430070163,398.25887975700465,395.0169826060676,398.1166687011719,68665700
2022-08-11,400.96042696654627,402.81836986156515,397.37729270930276,398.1166687011719,59489700
2022-08-12,400.0503656332881,404.9605804756404,399.10244636975136,404.8563232421875,61694500
2022-08-15,402.6477019536426,407.0460617331619,402.5908291054767,406.5246887207031,54048300
2022-08-16,405.45349035046,409.2451671553258,404.6477532437864,407.3208923339844,59289000
2022-08-17,403.7283280008868,407.1313549468698,402.42968313864895,404.4297790527344,63563400
2022-08-18,404.6288399076743,406.2876987703884,403.3396834770453,405.605224609375,49023200
2022-08-19,402.84675039895933,403.11216664311075,399.28256461046794,400.1546630859375,68016900
2022-08-22,395.329701995395,395.5003494416631,390.92188337608326,391.8224182128906,77695600
2022-08-23,391.3958251809502,393.7846000380237,390.3246718748115,390.8744812011719,49105200
2022-08-24,390.64698231789686,393.49074002484474,389.9645082393007,392.1257629394531,49177800
2022-08-25,393.6139873082117,397.70900548583626,392.5238859364247,397.66162109375,50942300
2022-08-26,397.5478603350803,398.088152311537,384.14426851779484,384.2011413574219,103087000
2022-08-29,381.25313774516417,384.70354880710715,380.3052184856568,381.6607360839844,65370800
2022-08-30,382.8171333082862,383.0541130826595,375.37596260732516,377.4708557128906,85652400
2022-08-31,379.10137171228644,380.3431437236325,374.4660612189248,374.5987548828125,76029700
2022-09-01,372.428046300128,376.1154375189932,369.7264703742915,375.7742004394531,78740100
2022-09-02,379.4331384469464,380.64647400085363,370.0013297859772,371.8118591308594,99632100
2022-09-06,372.6555609471726,373.5939919026862,368.19086864195987,370.40899658203125,76637400
2022-09-07,370.0961415467539,377.83116684452074,369.87813861226584,377.0633544921875,70964200
2022-09-08,374.79781566335777,379.98290632149366,373.59393967123003,379.5279235839844,80821700
2022-09-09,381.7649670625823,386.2865601335256,381.49955084530114,385.4239501953125,76706900
2022-09-12,387.49043025851944,390.2868036201907,387.1870891554379,389.5663757324219,69256300
2022-09-13,380.90236081015905,382.10623671263886,371.5085069603833,372.6270446777344,122947100
2022-09-14,373.92568555402255,375.56559617352946,370.7501504689949,374.0489196777344,85023700
2022-09-15,372.49436398050875,375.33812191068284,368.53206820723454,369.8022766113281,87633800
2022-09-16,365.6294902775206,367.6378019325583,363.69728184111455,366.9810485839844,103084800
2022-09-19,363.84011191988435,369.8269958496094,363.7639505998914,369.8269958496094,73278500
2022-09-20,366.5051996914192,367.5141193905518,362.83121456949,365.5819396972656,77274900
2022-09-21,367.50452437829694,370.55033777024784,359.1952150060502,359.2047424316406,106746600
2022-09-22,358.433857107036,360.0709772242707,355.44517830463013,356.1875915527344,89472600
2022-09-23,352.7228790149844,352.76095967141856,345.7841825636604,350.2196350097656,122346900
2022-09-26,348.753848761664,352.37072699861113,345.53671576875286,346.7550354003906,92581200
2022-09-27,350.28630194167937,352.5516221250691,343.48084301099055,345.8699035644531,108294100
2022-09-28,346.8217084645166,354.3600529595543,345.127482081543,352.67535400390625,110802200
2022-09-29,349.1346285560483,349.42016092257757,342.36725004597866,345.308349609375,112952300
2022-09-30,344.36600021604005,348.2779675279083,339.8353891876637,339.9686279296875,153711200
2022-10-03,343.6807182327434,350.7907644280534,341.90083208876825,348.9442443847656,89756500
2022-10-04,354.4551993806732,359.7853586515844,348.90614168269303,359.7568054199219,103602800
2022-10-05,355.3975589353477,361.1750432151708,353.0751323104993,358.91925048828125,88065700
2022-10-06,357.5200156173895,360.4706419018,354.721682907655,355.2166442871094,82333500
2022-10-07,351.19054873616767,355.3023890964065,343.5474892236813,345.308349609375,107789500
2022-10-10,346.42189898919605,346.659852271921,340.43501530969775,342.6717529296875,76042800
2022-10-11,340.9775239932869,345.5367169870272,338.5694379532379,340.5016174316406,92482800
2022-10-12,340.91094386553914,342.4814298234217,339.13102879643657,339.3785095214844,76991800
2022-10-13,332.3826260098785,349.80082219820514,331.3356258487721,348.33502197265625,147254500
2022-10-14,350.7907569397952,352.41837848921915,339.7592450066515,340.39697265625,123737000
2022-10-17,346.46954168027236,350.24824134925336,340.06382821256403,349.1441345214844,93168200
2022-10-18,357.0536513093477,357.35823847132036,349.81033854515664,353.24639892578125,97162900
2022-10-19,351.2095432352664,353.93174409065676,347.93530350478727,350.7431640625,79746900
2022-10-20,350.29577817467606,354.71220495349155,347.0405645534775,347.8020324707031,88283100
2022-10-21,347.5260110650035,356.7395553428867,346.0221590756883,356.254150390625,131038400
2022-10-24,357.77710987202045,361.74615500669046,355.1310410528587,360.6134948730469,85436900
2022-10-25,360.53729867069814,366.68600327248134,360.4230857441992,366.3719177246094,78846300
2022-10-26,363.230974837986,368.90377378445976,362.9739957124518,363.6116943359375,104087300
2022-10-27,364.6111129190357,366.44810554176166,361.0513115703601,361.6700134277344,81971800
2022-10-28,361.5652682350303,370.75025961760167,361.3844214069697,370.27435302734375,100302000
2022-10-31,367.81871998807645,369.68426585196175,366.6955873080766,367.59979248046875,96631300
2022-11-01,371.3404256632253,371.57837896955164,364.8204992604764,365.9912109375,85407600
2022-11-02,365.4010855031739,369.90317244332704,356.7015278683844,356.80621337890625,126990400
2022-11-03,353.5700586148132,356.1685191668986,351.01920615203176,353.1322326660156,87100100
2022-11-04,358.8335469874606,360.61343287804317,352.170855133582,358.2148742675781,103505200
2022-11-07,359.50936758378657,362.23156853069116,357.43442171013305,361.6414489746094,68286900
2022-11-08,362.74552365571884,366.5623039769019,359.5188919325988,363.5926513671875,84641100
2022-11-09,361.6223724698831,362.77408732506177,355.6069062348671,356.10186767578125,78495500
2022-11-10,369.3510591794325,376.00425245255667,367.0572151863192,375.6711120605469,141455800
2022-11-11,376.5277606911573,380.10658743180727,374.64316019638335,379.30706787109375,93839900
2022-11-14,377.5462142284,380.89658611860307,375.8043798668183,376.0804138183594,71903500
2022-11-15,381.8198207261606,382.9239274120566,375.4807419701021,379.2879943847656,93194500
2022-11-16,377.6604299906343,378.61224316456577,375.76633106956126,376.39453125,68508500
2022-11-17,371.6449453937852,375.91860608551974,371.34038726892305,375.2427978515625,74496300
2022-11-18,378.5740947886721,378.64072867021633,374.10059109959224,376.9465026855469,92922500
2022-11-21,375.6235663390515,376.7466989172969,373.73896579052973,375.5759582519531,51243200
2022-11-22,377.5176474312929,380.79188693120494,376.1089535381112,380.63006591796875,60429000
2022-11-23,380.2969884985024,383.5141220670557,380.0685626038953,383.0287170410156,68261600
2022-11-25,382.46702560328106,383.49499996496786,382.1910207322794,382.94293212890625,30545400
2022-11-28,379.8590644182219,381.49618401653254,376.07083804443715,376.8323059082031,67881600
2022-11-29,376.96564549358453,378.1554121174717,374.34815892103285,376.1851806640625,52310000
2022-11-30,376.4326114888511,388.03521728515625,374.519486615748,388.03521728515625,144566700
2022-12-01,389.07260830077985,390.24334880412266,385.2463303133382,387.7496032714844,76398200
2022-12-02,382.86688436312187,388.2065428165103,382.76219884695456,387.3023376464844,85342700
2022-12-05,384.48494250767516,385.4177008262784,378.98346353454565,380.33502197265625,77289800
2022-12-06,380.17323078475664,380.7157422182558,372.7681254520418,374.8525695800781,77972200
2022-12-07,374.005504706076,376.57541212687585,373.0822446819997,374.21490478515625,65927900
2022-12-08,376.0994521400108,378.212449392276,374.3195371968257,377.14642333984375,60737900
2022-12-09,375.9090843451082,378.45993659247966,374.205330689029,374.3290710449219,81447700
2022-12-12,375.11914991787853,379.7259521484375,374.4528979931233,379.7259521484375,75405800
2022-12-13,390.45276931962,390.70974839855415,379.84005911089247,382.6003112792969,123782500
2022-12-14,382.257673780074,385.9602409589763,377.21307559103866,380.1541748046875,108111300
2022-12-15,375.2999627142446,376.20419694431035,369.19886518287717,370.8550109863281,117705900
2022-12-16,368.3029384387337,369.641590174743,364.3443519350762,366.47662353515625,119858000
2022-12-19,366.6678956887565,367.00256593948217,361.7052981772117,363.3690490722656,79878100
2022-12-20,362.61364283927566,365.482194633709,361.2941043449694,363.8662414550781,74427200
2022-12-21,366.45747677877307,370.43520527298585,365.9220161334383,369.3069152832031,78167400
2022-12-22,366.2662256920997,369.28777027212345,358.34902428686854,364.038330078125,100120900
2022-12-23,363.0152466207401,366.2758375341586,361.46623322301946,366.1324157714844,59857300
2022-12-27,366.017616610939,366.36182878328543,363.01518537687076,364.6885070800781,51638200
2022-12-28,364.6216127041186,366.59137848650926,359.9267751898031,360.15625,70911500
2022-12-29,362.9961320141737,367.5093216045126,362.4702133125497,366.6391906738281,66970900
2022-12-30,363.9618527124626,365.8168226274327,361.8486652893112,365.67340087890625,84022200
2023-01-03,367.52844425814527,369.4981809896888,361.2749926451564,364.1340026855469,74850700
2023-01-04,366.3905264117615,368.9722345195995,363.34986872415914,366.94512939453125,85934100
2023-01-05,364.9945470716449,365.10928447945327,362.1642506841692,362.757080078125,76970500
2023-01-06,365.8455090657922,372.19458418736764,362.7857380848977,371.0758361816406,104189600
2023-01-09,373.26550947515705,376.44961824670435,370.6838304181261,370.865478515625,73978100
2023-01-10,370.28219867133123,373.53321794947027,369.3451279864,373.4662780761719,65358100
2023-01-11,375.04396526976706,378.26629985990076,374.23120324076183,378.1897888183594,68881100
2023-01-12,379.289500125456,381.02973273660194,375.22571833967487,379.5667724609375,90157700
2023-01-13,376.3731242643396,381.6130228505716,376.10539392375364,381.039306640625,63903900
2023-01-17,381.0201896884126,382.6935115955875,379.6623956443495,380.3412780761719,62677300
2023-01-18,381.526947386791,382.58829750949707,374.1356353327088,374.33642578125,99632300
2023-01-19,372.2996913775432,373.94432859689834,370.29172884426185,371.61126708984375,86958900
2023-01-20,373.00734634342695,378.68708106087394,371.36270886328373,378.5340881347656,91806400
2023-01-23,379.3372757234957,385.0074392135379,378.3810918291715,383.0759582519531,84178800
2023-01-24,381.4026252152029,383.57315208650715,380.21696655885887,382.664794921875,59524900
2023-01-25,378.6010544265812,383.14292828207675,376.3157607326886,382.8082580566406,84800300
2023-01-26,385.466459007332,387.1780365308271,382.5022827834098,387.0154724121094,72287400
2023-01-27,385.97321255052447,390.2760402786123,385.7628509166012,387.9046936035156,68346200
2023-01-30,385.1509087422322,387.37883383343035,382.7413355345612,383.0377502441406,74202000
2023-01-31,383.554027333468,388.7174142189188,383.20978597821664,388.66961669921875,86811800
2023-02-01,387.4551989315227,395.54453425272237,384.7205274853628,392.8002624511719,101459200
2023-02-02,396.6825158155469,399.98136258361916,394.78929000119456,398.5184020996094,101654500
2023-02-03,393.5557615392747,398.70003602985804,393.0776695484089,394.282470703125,94736800
2023-02-06,391.8346679352162,393.268944002585,390.2187145648804,391.8728942871094,60295300
2023-02-07,390.9548967397829,398.241013206568,389.7118693730586,396.99798583984375,90990700
2023-02-08,395.02826801613645,396.3669196696717,391.9684677962696,392.65692138671875,76227500
2023-02-09,396.25214123369045,396.4051341468822,388.02895452722424,389.25286865234375,78694900
2023-02-10,388.0768126828916,390.5437836705012,387.2640796514173,390.16131591796875,70769700
2023-02-13,390.811552573958,394.87533485395085,390.35257371738345,394.741455078125,64913500
2023-02-14,393.2210725630297,396.86413102531327,390.61070909281807,394.55975341796875,88389300
2023-02-15,392.3700513500147,395.9174852871057,391.52860488743005,395.84100341796875,61555700
2023-02-16,390.8784407346895,394.8179138959173,390.25692701019995,390.3907775878906,76431500
2023-02-17,388.26803395095567,389.6545122847336,386.34609496505783,389.41546630859375,89257800
2023-02-21,385.39950609313314,386.4513142893378,381.34529542458307,381.60345458984375,82655900
2023-02-22,382.0145561334285,383.55402728513724,379.62409654042705,381.0775146484375,83742300
2023-02-23,383.96523503521115,384.5772067863999,378.88790045751995,383.10467529296875,96242400
2023-02-24,378.0942481460913,379.84405183245593,376.3922419822525,379.0121765136719,108194400
2023-02-27,382.3492579579314,383.7070519585176,379.365968807818,380.30303955078125,80444700
2023-02-28,379.82496053517093,381.78512595829335,378.79226552930106,378.8974609375,96438600
2023-03-01,378.0846868266854,379.30860107550785,376.1436346387775,377.44403076171875,99706800
2023-03-02,375.47425838003477,381.22093252105213,375.13958820432623,380.3794860839844,85127800
2023-03-03,382.1962961869598,386.7286281625777,381.54609807414363,386.4800109863281,90120000
2023-03-06,387.30225445436355,389.5971190249731,386.3078442662089,386.7476806640625,72795900
2023-03-07,386.69989002886615,386.9389359941927,380.2073934400801,380.8193359375,108310600
2023-03-08,380.93414163742426,382.1962822868647,379.21299300204765,381.44091796875,74746600
2023-03-09,382.22492782127654,383.8887075845493,373.4184826190144,374.4033508300781,111945300
2023-03-10,373.85828575920306,375.9332173953836,367.4805563054659,369.0008850097656,189253000
2023-03-13,365.0805650006383,373.2846390345943,363.9713881978472,368.4750061035156,157790000
2023-03-14,373.38980130348455,376.21055539266825,370.0909552792131,374.56591796875,149752400
2023-03-15,368.98175785790704,372.42399598152093,366.8972551252059,372.22320556640625,172996900
2023-03-16,369.87107021323396,379.0982391870772,369.36429390384325,378.7539978027344,143254200
2023-03-17,377.4255889740926,378.55818505074,372.9431553160695,374.3253173828125,140553400
2023-03-20,375.1028314855244,378.3374942216171,374.4021719427654,377.92474365234375,93055800
2023-03-21,381.28415054635593,383.3670015855469,379.69082383763816,382.8870849609375,91524200
2023-03-22,382.71431965042825,386.3232727268631,376.3218267349629,376.3601989746094,111746600
2023-03-23,379.22048781510506,383.25179889041164,374.6708879123496,377.37762451171875,119351300
2023-03-24,376.1010826470393,379.9404159071664,373.7590870150187,379.8540344238281,107682400
2023-03-27,382.1288028794633,382.8966870426311,379.6716321408978,380.56427001953125,74010400
2023-03-28,379.8731772141997,380.5642582938647,377.8767370350477,379.71002197265625,62871700
2023-03-29,383.8660280747297,385.46896217088675,382.66623675154574,385.22900390625,77497900
2023-03-30,387.85906099159905,388.10862703989994,385.6226621392842,387.4847412109375,69840000
2023-03-31,388.4061147934353,393.24368242982905,388.30051790737826,392.9461364746094,112062600
2023-04-03,392.42779542260035,394.84656445369103,392.03426030988214,394.4434509277344,67391100
2023-04-04,395.08655642138893,395.37452397054454,390.88248211307797,392.25506591796875,66601500
2023-04-05,391.5255732993779,392.28384974684195,389.57711302940226,391.22802734375,65200200
2023-04-06,390.43131081559227,393.03247968178334,389.3850962213968,392.7541198730469,63743300
2023-04-10,390.2778181115092,393.2341211854021,389.6635400091113,393.1573181152344,63681000
2023-04-11,393.7811965721071,394.66422675434245,392.4950235384784,393.26287841796875,59297900
2023-04-12,395.3264818376402,395.61444936283374,391.0744279375137,391.659912109375,86420400
2023-04-13,392.744581127332,397.21740780284637,391.602377161458,396.8622741699219,85814800
2023-04-14,396.22873922494233,398.4171577397506,393.58919793642514,395.8927917480469,78161500
2023-04-17,395.80643975007484,397.3325711300684,394.5778543396015,397.3133850097656,66436400
2023-04-18,398.8874459715307,399.02183667204184,396.1999248791392,397.5724792480469,63560000
2023-04-19,395.6624782963843,398.4075874340768,395.60489064257166,397.50537109375,55227300
2023-04-20,394.69301944461137,397.08302413683805,393.79077385332334,395.33612060546875,75840400
2023-04-21,395.6336418065236,396.10395069254025,393.6947893230702,395.64324951171875,73457400
2023-04-24,395.44169241406223,396.47832873039835,394.1075394245126,396.0559997558594,64332100
2023-04-25,394.088292257947,394.6450119030647,389.7114553215701,389.76904296875,97766700
2023-04-26,390.3833244029181,391.4583328014488,387.56141271088387,388.11810302734375,80447000
2023-04-27,390.65211692803183,396.11357024267807,390.40255091976803,395.8448181152344,92968400
2023-04-28,394.9617272106124,399.2329963765921,394.904139565875,399.223388671875,89433100
2023-05-01,398.78194148395835,400.8455772162606,398.589963107647,398.8203430175781,62122300
2023-05-02,398.1099974743272,398.1580067083917,391.43917444922255,394.3378601074219,103998500
2023-05-03,394.837004192524,397.24619509986604,391.3912062306647,391.63116455078125,91531800
2023-05-04,390.5848655498766,390.9112052798367,387.52299570222164,388.857177734375,94901900
2023-05-05,392.48541888407567,397.102214486308,392.2262744508848,396.0559997558594,87891800
2023-05-08,396.3823322476967,396.64147667611564,394.76021173712985,396.16156005859375,50046800
2023-05-09,394.6162947953608,395.53772662115546,394.19396577274875,394.42431640625,49220100
2023-05-10,397.2557167367632,397.8892100796329,392.4469436701226,396.26708984375,96142900
2023-05-11,395.4033173680311,395.8640185793233,393.5028369960926,395.5760803222656,70157100
2023-05-12,396.8142810526254,397.0254455424627,392.63900049417026,395.0577697753906,70481500
2023-05-15,395.66246936913564,396.82385941720236,393.75241054660967,396.4207458496094,54289400
2023-05-16,395.31683206708055,396.23829289950714,393.76190718855895,393.7715148925781,57705500
2023-05-17,395.78718962241436,399.15618392738526,394.1458832024653,398.551513671875,87287000
2023-05-18,398.234744921799,402.81316752783374,398.01400205687503,402.3908386230469,97177200
2023-05-19,403.29308725192675,403.82098374117817,400.58635087495577,401.8053283691406,103793300
2023-05-22,401.8245977682805,403.50430592203884,400.58640469895295,401.96856689453125,60745400
2023-05-23,400.32722839371974,401.9013689419868,397.0638012887145,397.45733642578125,86383500
2023-05-24,395.8543837451471,396.2383111304324,393.41639944632345,394.5777893066406,89213700
2023-05-25,398.0812240048889,399.4442000783956,395.84482546980115,397.9948425292969,90961600
2023-05-26,398.6475494260872,403.86904489294824,398.5707756508926,403.149169921875,93830000
2023-05-30,405.07840112218025,405.6062976614237,401.9205417166639,403.3027038574219,72216000
2023-05-31,401.4790359496369,402.3812815149699,399.50178187032054,401.0663146972656,110811800
2023-06-01,401.2966730663804,405.9326839874396,400.0489015795839,404.8768615722656,88865000
2023-06-02,407.44919955900986,411.5188830151562,406.92130300774403,410.7318420410156,91426200
2023-06-05,411.0773593229492,412.36353228842165,409.2440744066445,409.94476318359375,65460200
2023-06-06,409.53204325524,411.3652988856477,408.8793344192004,410.83740234375,64022200
2023-06-07,411.2309384070294,412.3635345526036,408.9945106484148,409.4168395996094,85373300
2023-06-08,409.4840283285931,412.344341762355,408.71617349799953,411.8932189941406,61952800
2023-06-09,412.689850828952,414.63831094166113,411.6436362158996,412.63226318359375,85742800
2023-06-12,413.61134578902306,416.4524439304632,412.89147087099775,416.3756408691406,76104300
2023-06-13,417.8345851160925,419.76382988102273,417.1722978814529,419.1207580566406,95899700
2023-06-14,419.45671780561304,421.4243641568749,416.1740753599218,419.619873046875,100612100
2023-06-15,418.8040012480244,426.0699454976172,418.7080413628314,424.8221740722656,110303100
2023-06-16,426.804818584776,427.37322020593024,422.9030661850773,423.3751220703125,114165800
2023-06-20,421.4387253030806,422.32503554227975,419.1072877770987,421.1785888671875,76160400
2023-06-21,420.19597746428883,420.995585443212,418.43294139177686,419.0206298828125,76982300
2023-06-22,418.06687430704443,420.6391323512952,417.72967888460175,420.5331726074219,70637200
2023-06-23,417.08410091737835,419.1361444036858,416.6409458444642,417.3538513183594,92074500
2023-06-26,416.7854848977608,418.70263864501453,415.4078319979814,415.648681640625,72823600
2023-06-27,416.52534656947205,420.82209563920264,416.07254809930254,420.2055358886719,72813700
2023-06-28,419.126500621765,421.4290371213432,418.5099408774898,420.41748046875,75636000
2023-06-29,420.00325329466176,422.2383451446893,419.5986423394109,422.0745544433594,67882300
2023-06-30,425.28267848094407,428.0379843526411,424.96474047999936,427.0553283691406,104964000
2023-07-03,426.70850932168867,427.82602579498047,426.4291155030701,427.5466613769531,32793400
2023-07-05,425.7355105986345,427.6430505530816,425.725867203726,426.9108581542969,58418400
2023-07-06,423.3366343156822,423.991738320798,421.06299828536083,423.5678405761719,80658300
2023-07-07,422.57550143257924,426.43873894163033,422.25756345371417,422.4984130859375,86134200
2023-07-10,422.1420000351028,423.7412452715391,421.57359837767063,423.5678405761719,62443500
2023-07-11,424.32893908451956,426.7566930521444,423.3558970583311,426.2653503417969,64463800
2023-07-12,430.0515200243212,431.1016209821125,428.62567949600117,429.6950378417969,91924500
2023-07-13,431.506253963796,433.89549322497544,431.0727422071223,433.1054992675781,72425200
2023-07-14,433.991813962652,434.83958003816,432.07463074719146,432.8357238769531,69815800
2023-07-17,432.6912500682276,435.3887545883977,432.64306249429234,434.3386535644531,52680200
2023-07-18,434.01103608987984,438.2114395521847,433.57749499281715,437.56597900390625,80668200
2023-07-19,438.35601441060516,439.724023983291,437.48893213427476,438.5390625,65891700
2023-07-20,437.5467608684042,438.44271452207744,434.91667207150675,435.62957763671875,70591600
2023-07-21,437.3444259913096,437.5467608684042,435.61996364299455,435.62957763671875,71275600
2023-07-24,436.77598531715506,438.38487379289774,435.7451418375123,437.57562255859375,54023400
2023-07-25,437.30587795856155,440.02263949533193,437.2576903912355,438.7702331542969,55191200
2023-07-26,437.8357342912967,440.26348802035136,436.7856334140258,438.8376770019531,71052900
2023-07-27,442.21927624770876,442.62391665220645,435.0226865294984,435.92828369140625,92194400
2023-07-28,439.1941327220315,441.0245840745933,435.92819754722996,440.1960754394531,80011800
2023-07-31,440.6682055455154,441.3907545748612,439.35796801732533,441.0343017578125,62040400
2023-08-01,439.5698514127993,440.51399258801536,438.8184017102693,439.7721862792969,55291500
2023-08-02,436.660370149276,436.92047716007846,432.90312187918494,433.6545715332031,93933400
2023-08-03,431.64115804128886,434.29050444334024,430.9956679816183,432.411865234375,64276100
2023-08-04,434.2230076857938,436.32320952695244,429.9358722590493,430.45611572265625,100128900
2023-08-07,432.28655130575453,434.3674956833761,431.5929031798807,434.2133483886719,58357500
2023-08-08,431.6796137883657,434.2037427118271,428.9724661870649,432.3251037597656,71361300
2023-08-09,432.59482134894097,432.7586120279548,428.6737824515494,429.43487548828125,78789600
2023-08-10,431.7856284811605,435.16716703483127,428.42337671620794,429.5890808105469,93005500
2023-08-11,427.7200594884635,430.3501481391964,427.1227570858758,429.33856201171875,68690900
2023-08-14,428.4233935882657,431.70855712890625,428.11509896255956,431.70855712890625,47867400
2023-08-15,429.935919835655,430.292402044995,426.1112258867205,426.6796569824219,75707500
2023-08-16,426.26528432536145,427.92233089124835,423.44253382784007,423.54852294921875,80107200
2023-08-17,425.01294414487614,425.27305119137833,419.8009540161682,420.3211975097656,95711300
2023-08-18,417.50808644271694,421.55437270930423,417.1612770258868,420.5235290527344,98852000
2023-08-21,421.53502982303786,424.0013277942752,419.38666984217986,423.259521484375,68719000
2023-08-22,425.0321947779214,425.0321947779214,421.55433988295033,422.11309814453125,64994200
2023-08-23,423.17280782729074,427.431042301619,423.0283039267051,426.814453125,68441000
2023-08-24,428.41372832126285,428.9243284062607,420.8703007742917,420.89923095703125,88517300
2023-08-25,422.62369316256587,425.1477928046301,419.0783933508206,423.8664855957031,102325100
2023-08-28,426.05339622552776,427.1709421526019,423.8664919427265,426.55438232421875,61595400
2023-08-29,426.4483889303442,432.999517120143,426.26534084235647,432.7201232910156,83081900
2023-08-30,433.0572521601873,435.1381963666506,432.35396069855597,434.5023498535156,69053900
2023-08-31,435.11898360214246,436.2557869248091,433.6835290574293,433.8665771484375,66084600
2023-09-01,436.5833209067049,437.06502016743536,433.2210400744053,434.67578125,58944100
2023-09-05,434.23266409054196,434.55057269413254,432.72976461783867,432.79718017578125,55166200
2023-09-06,431.98789706191957,432.09388618903915,427.5659013158959,429.8876953125,70758500
2023-09-07,426.8915375451562,429.24223247025344,426.5447281630559,428.56787109375,70355400
2023-09-08,428.61607641541775,430.7451793135571,428.25962359995947,429.21337890625,61659700
2023-09-11,431.8338284325165,432.3444285728758,430.1286232997532,432.0361633300781,60180100
2023-09-12,430.5909297817478,432.11308632859533,429.08803061882975,429.6660461425781,67565400
2023-09-13,429.8877204342684,431.3231749266096,428.78943192828973,430.1671142578125,60199300
2023-09-14,432.63339669886733,434.56980780447236,431.33280276784916,433.87615966796875,83430800
2023-09-15,432.29352436707654,432.62223173023705,428.2136407942197,428.648681640625,111848900
2023-09-18,428.3392962837647,430.1955590603149,427.86557530879384,428.9000549316406,55752200
2023-09-19,427.981617392204,428.57137880593234,425.3326034960519,428.0106201171875,66514600
2023-09-20,429.2674693964477,429.68318495179983,423.8727265693422,424.0757751464844,82562600
2023-09-21,421.2333589486901,421.4943834516094,416.91177626347593,417.06646728515625,104095800
2023-09-22,418.09131961695476,419.6865285568745,415.71297806578804,416.12872314453125,100829700
2023-09-25,414.9202657617333,417.91731274481344,414.48519532648515,417.878662109375,70874500
2023-09-26,414.8428197503268,415.54859200929735,410.90794984146544,411.7394104003906,96168400
2023-09-27,412.90925504168933,413.4700137261174,408.2686420542666,411.9037780761719,104705800
2023-09-28,411.3527373620953,415.964347748709,410.76297593705533,414.2917785644531,92258300
2023-09-29,417.3371661441051,417.5111824781116,411.7684074215334,413.2862854003906,115111300
2023-10-02,412.4548865420046,414.36915501527096,410.3666017087048,413.1219787597656,83798600
2023-10-03,410.94664397430034,413.1799422139496,406.22867088652805,407.59185791015625,103760600
2023-10-04,408.0559666596498,411.3043900178651,406.59609392791054,410.5599670410156,87453000
2023-10-05,410.269877205424,411.2463514179395,407.1858225474584,410.4052429199219,70142700
2023-10-06,407.95932437186144,416.81518828263125,406.6348172249464,415.2779846191406,113273300
2023-10-09,413.3829504373266,418.5069910271343,412.8318987010215,417.93658447265625,80374400
2023-10-10,418.5650575162268,422.70294712015226,418.1686672417201,420.1119384765625,78607300
2023-10-11,421.17537943505704,422.08414129890025,418.79703802262225,421.8327941894531,62451700
2023-10-12,422.4419089154139,422.8189443567332,416.91182957643576,419.2611389160156,81154200
2023-10-13,420.75965970754623,421.95850789546967,415.60664534568787,417.1728515625,95143100
2023-10-16,419.4158131019472,422.6255856986061,419.1741138914331,421.5621032714844,75433200
2023-10-17,418.4393454760135,423.5923892481788,418.09131276942526,421.5427551269531,75324700
2023-10-18,419.77349041439385,420.7306097718711,414.8428210042976,415.9256286621094,93559800
2023-10-19,416.64108906158174,418.44899434083845,411.5944086302288,412.2711486816406,121323000
2023-10-20,411.8361348739324,412.3775387523352,407.09880668145956,407.2051696777344,123919900
2023-10-23,405.67754552471547,410.356867474967,403.92764587358863,406.49932861328125,92035100
2023-10-24,408.61670687631084,410.71466914656554,406.7701212432729,409.5641784667969,78564200
2023-10-25,407.8819596802007,407.9109624071266,403.17363397769196,403.68603515625,94223200
2023-10-26,402.6226131148312,403.4733696714875,397.9336418727087,398.8520812988281,115156800
2023-10-27,400.43756406837696,400.83395429205797,395.6229054415524,397.0440979003906,107367700
2023-10-30,399.8284499771529,402.844851029009,398.5329459102298,401.7910461425781,86562700
2023-10-31,402.36153498192397,404.63351364420447,400.4569438698378,404.3144836425781,79665200
2023-11-01,405.2812643437381,409.43847913059346,404.7495083565733,408.6263732910156,98068100
2023-11-02,412.41619465013827,416.61211901779166,412.39686933434086,416.4574279785156,94938900
2023-11-03,418.7584345746445,421.80383898984763,418.63274625361095,420.2569580078125,100167800
2023-11-06,421.01102787683624,421.66844265759465,419.28045324415575,421.2237243652344,67831700
2023-11-07,421.22369728667144,423.0606052933152,420.0828841514639,422.4225158691406,64256100
2023-11-08,423.02196085453033,423.5440394282341,420.43095231056213,422.73193359375,61746000
2023-11-09,423.8727750755541,423.91145521433583,419.00978765036695,419.4351806640625,83174400
2023-11-10,421.5041020397778,426.28972875327344,419.42546520511473,425.9803466796875,89462200
2023-11-13,424.64619358239656,426.6764433760795,423.86309048956497,425.5743103027344,52236100
2023-11-14,431.50082633241226,435.1166375219735,431.2784524100305,433.830810546875,97176900
2023-11-15,435.16492211328534,436.3927730128096,433.8984205823122,434.74920654296875,77327600
2023-11-16,434.3045010394223,435.60000533429076,433.2410185572766,435.2809753417969,66665800
2023-11-17,435.29057073108856,436.43141334936854,434.3721314970017,435.82232666015625,83133200
2023-11-20,435.57099160312566,440.0182630951851,435.5613141930735,439.1771545410156,69936200
2023-11-21,438.13296253247677,439.05143128536895,436.95346926763995,438.219970703125,49244600
2023-11-22,439.8732451207241,441.22675482120695,438.8194400859089,439.9118957519531,59394900
2023-11-24,439.9602117787139,440.3759273074353,439.631504418495,440.18255615234375,29737400
2023-11-27,439.55417048077294,440.36627627306393,439.00308920962266,439.38983154296875,50506000
2023-11-28,439.00304598057033,441.1203331786689,438.44231685931027,439.8248291015625,62115000
2023-11-29,441.97123657228445,443.1024020286249,439.1192031640801,439.51556396484375,63146000
2023-11-30,440.35662667945024,441.59412543023933,438.28766732031204,441.2460632324219,79752700
2023-12-01,440.6369952391435,444.3881717849613,440.0472633152973,443.8564453125,89183400
2023-12-04,440.47265370720123,443.8757680204174,439.25448022667734,441.5264587402344,72430900
2023-12-05,440.14394887033336,442.3965725770802,439.76688393206007,441.439453125,69793500
2023-12-06,443.57606849081975,443.60507121667763,439.225482586349,439.6605529785156,69124700
2023-12-07,441.73920179328286,443.6631182990797,441.1397923997764,443.015380859375,66995400
2023-12-08,442.2708481089666,445.4516177863762,442.02914891320626,444.9198913574219,83194400
2023-12-11,444.4268307846884,446.8244975103325,444.2141343049595,446.65045166015625,65002200
2023-12-12,446.30240990232363,448.78708475043413,445.30661038207074,448.6903991699219,68327600
2023-12-13,449.0674107718607,455.12924524748996,448.70970069679584,454.87786865234375,93278000
2023-12-14,456.8115200961749,458.00069086527446,453.66943027540754,456.3377990722656,119026000
2023-12-15,455.7417439978948,456.91633245678577,453.74207009746453,455.58642578125,141553700
2023-12-18,457.1881698520897,459.1296032853033,456.13009218585904,458.149169921875,70375300
2023-12-19,458.69270565753243,461.012732509764,458.61506136543755,460.93505859375,55761800
2023-12-20,460.0808576886502,461.96405036999886,454.1206728290634,454.54779052734375,102921000
2023-12-21,457.5278509164755,459.1295570366737,455.1107760152546,458.8577575683594,86667500
2023-12-22,459.9838104781131,461.4593188510491,457.887088433067,459.77996826171875,67160400
2023-12-26,460.18765521976536,462.62413389794295,460.109981297383,461.72137451171875,55387000
2023-12-27,461.5175089754055,462.7017844285322,460.98362668768385,462.5561828613281,68000300
2023-12-28,462.91536504878167,463.5657286208665,462.3135254600746,462.7309265136719,77158100
2023-12-29,462.53673484415077,463.060930093317,459.44014657654174,461.39129638671875,122283100
2024-01-02,458.3335624378489,459.7993540123723,456.7124526493962,458.8092041015625,123623700
2024-01-03,456.6542157231931,457.3919698393569,454.4604162904711,455.062255859375,103585900
2024-01-04,454.5865557790852,457.1686653982138,453.3731600721968,453.596435546875,84232200
2024-01-05,453.80034274035296,456.66396886840727,452.7713854034213,454.2177734375,86118900
2024-01-08,454.71284352780606,460.8477805438932,454.58664560952485,460.7021789550781,74879100
2024-01-09,458.05208481523704,461.02247554943773,457.54732279548995,460.00323486328125,65931400
2024-01-10,460.27499186871785,463.4686578138975,459.9934757568045,462.6047058105469,67310600
2024-01-11,463.6044968701081,464.1189754381304,458.43059087939,462.40081787109375,77940700
2024-01-12,463.847256832393,464.5850109920546,461.31370050606375,462.7212219238281,58026400
2024-01-16,461.34278348918724,462.6532272077025,459.2071951071508,461.0224304199219,85014900
2024-01-17,458.00353981867966,458.94513616011074,456.110630489601,458.45977783203125,68843900
2024-01-18,460.12938495584103,463.09005873569527,458.58594911701266,462.5367431640625,91856200
2024-01-19,463.6628317450775,468.5843725866021,462.58535041381515,468.3028564453125,110834500
2024-01-22,469.8366288012055,471.01118778689147,468.6426365209948,469.29302978515625,75844900
2024-01-23,469.83653570981716,470.90430023582877,468.7493378931313,470.66162109375,49945300
2024-01-24,473.5252343876121,474.45711397403113,470.68104202686277,471.1761169433594,81765000
2024-01-25,473.3020267275593,474.01066056996024,471.17618444820096,473.7388610839844,72525000
2024-01-26,473.3117152908374,474.79691054106985,472.29247468488353,473.1369934082031,76641600
2024-01-29,473.4475958586122,477.029542315143,472.9039969579279,476.8839111328125,61322800
2024-01-30,476.19475312019154,477.2237103899132,475.7579187820987,476.5151062011719,58618400
2024-01-31,474.31155855924624,474.75807991768903,468.7202212489611,468.7396545410156,126011100
2024-02-01,470.43842101293257,474.90372358641025,469.6327095934461,474.8746032714844,91891600
2024-02-02,475.31139921660196,481.5239798187347,474.971642466127,479.873779296875,99228200
2024-02-05,479.24278207992484,479.9028622372628,475.8743943997294,478.1264343261719,75757100
2024-02-06,479.06803644581043,479.84462748505155,477.64108188661896,479.51458740234375,55918600
2024-02-07,481.756982255993,483.93137810723994,480.854193242822,483.51397705078125,70556500
2024-02-08,483.5140107138251,484.10613370157176,482.69861221283804,483.7275695800781,52343600
2024-02-09,484.2322563033971,486.95996752942966,483.89249957484776,486.5231628417969,63979400
2024-02-12,486.49406987855394,488.75582660767503,485.59128089218916,486.30963134765625,56502300
2024-02-13,480.04855924609393,482.53359178751697,476.3501307518696,479.6117248535156,113099200
2024-02-14,482.2423099561509,484.4555426281319,479.9222830533005,483.9701843261719,68387800
2024-02-15,484.66915861837293,487.4939478237512,484.19348728209525,487.30950927734375,61683000
2024-02-16,487.00856229426716,488.1442842020213,484.144936285217,484.8826904296875,75532900
2024-02-20,483.14507545774694,483.8148722929186,479.970842787005,482.21319580078125,71736700
2024-02-21,480.9124325062878,482.80531210783914,479.10688422021883,482.6499938964844,59293400
2024-02-22,489.25091074641995,493.59970240133447,488.2898811137423,492.6387023925781,76402500
2024-02-23,494.3568250348437,495.1916567031526,492.25038663284334,492.9784240722656,61321800
2024-02-26,493.4152963659735,493.85213073904663,491.04674520195,491.1729431152344,50386700
2024-02-27,491.86211180789684,492.30863314805396,489.9692025931845,492.0853576660156,48854500
2024-02-28,490.53226952547317,492.01746492951116,490.17310907711266,491.43505859375,56506600
2024-02-29,493.1920036518268,494.8130838290683,490.5516532421677,493.2016906738281,83924800
2024-03-01,494.0753617325155,498.25911842016706,493.6676477127876,497.8320007324219,76844800
2024-03-04,497.03607301464484,499.1425115484434,497.00692307628157,497.2981262207031,49799300
2024-03-05,495.29839314371003,495.7449440770518,490.1244870696133,492.3280029296875,72855600
2024-03-06,495.5994069813958,497.0749153474701,493.53180526259257,494.8228454589844,68382400
2024-03-07,498.11356939849594,500.78304025779806,494.8810662776538,499.7346496582031,58652100
2024-03-08,500.3655769656846,503.04470489035225,496.16235769149256,496.7350769042969,86532500
2024-03-11,495.5314219659159,496.89041928478855,493.6093924281333,496.3079833984375,62557200
2024-03-12,498.41443934118087,502.2293483869414,495.9002573325016,501.6469421386719,73114400
2024-03-13,501.9673185575223,502.1420404607562,499.424045441815,500.8606872558594,55104100
2024-03-14,501.831351753217,501.9866995940405,496.8321966177629,499.87054443359375,110171800
2024-03-15,496.80810297761957,498.25898476271357,494.77300540358664,496.4380798339844,107646300
2024-03-18,500.498619372016,501.93972478311895,498.9795987021718,499.3885498046875,88893300
2024-03-19,498.69727097739485,502.44611843714694,497.6942976787681,502.16375732421875,60755300
2024-03-20,502.22210687375775,506.9446864437559,501.5502289693654,506.808349609375,69594600
2024-03-21,509.64186783246885,510.34292670569124,508.2007033176528,508.4831237792969,60256100
2024-03-22,508.3955498176283,508.88241615238655,507.2854803107173,507.51922607421875,79070800
2024-03-25,506.14624650613894,507.2660628859731,505.961234915521,506.1170654296875,48512100
2024-03-26,507.5386367689601,507.87947884663447,504.7830162330491,505.1822204589844,65463700
2024-03-27,508.00612262936903,509.46672172053235,505.8444050698442,509.427734375,82999800
2024-03-28,509.46668962011773,510.8298796934876,509.04799170553036,509.3303527832031,96294900
2024-04-01,510.07035956686866,510.605900605306,507.2854391895369,508.4441833496094,62477500
2024-04-02,504.62727251731803,505.34782527414643,502.9134932946272,505.2115478515625,74230300
2024-04-03,504.12080800253995,507.2660046821648,504.0721332594207,505.76641845703125,59155800
2024-04-04,509.7685979294163,510.10938062558256,499.29122383235546,499.59307861328125,96858100
2024-04-05,500.94656541967566,506.7694681704287,500.50837380151097,504.812255859375,74546500
2024-04-08,505.51342294474244,506.5163368559833,504.2865100686739,505.09466552734375,48401800
2024-04-09,506.8278915451877,507.0713247303679,500.83941141698267,505.67889404296875,68049200
2024-04-10,499.9922143304957,502.60181066009386,498.6387711363,500.61541748046875,82652800
2024-04-11,502.13442685782303,505.8345989017068,498.62901322296943,504.39349365234375,70099000
2024-04-12,500.85889444352966,502.27081877394835,495.70784003413945,497.4313659667969,92561100
2024-04-15,501.5989519571189,501.7644698822578,490.3523209615631,491.1994934082031,92101400
2024-04-16,491.6766166443132,493.19563735543574,489.0183155418661,490.30364990234375,73484000
2024-04-17,492.75738492725213,492.9229325491744,486.00942494137024,487.40185546875,75910300
2024-04-18,488.794360179131,490.8878795783521,485.46418121059236,486.3989562988281,74548100
2024-04-19,486.3210783246666,487.31427501412566,480.8876330360681,482.15350341796875,102212600
2024-04-22,484.7533503648902,489.18385210193054,482.41639776348796,486.5937194824219,67961000
2024-04-23,488.5995792337359,492.7963646750655,486.4086807205422,492.367919921875,64633600
2024-04-24,493.2540640735244,494.0427852311199,489.9141678416356,492.13427734375,55928100
2024-04-25,486.0678630419317,491.02415872515365,484.42225246602163,490.2646484375,69122400
2024-04-26,493.04956028124485,496.48683553540934,492.41663996726425,494.9093933105469,64306100
2024-04-29,496.69128964862307,497.33395677101214,493.9258924563797,496.6620788574219,46415400
2024-04-30,495.20149000874,496.1752226900087,488.7943420410156,488.7943420410156,77483600
2024-05-01,488.2100967940072,494.841213980312,486.7397509352648,487.2071533203125,80242800
2024-05-02,490.90730120185356,492.60161619088024,486.4281251448712,491.7641906738281,62550200
2024-05-03,497.73315122045955,499.0866240599667,495.20144055878046,497.8597412109375,72756700
2024-05-06,500.255195688938,503.0400570645358,499.8170040691018,503.0011291503906,47264700
2024-05-07,503.9651034446084,504.9485829994704,502.8842743906612,503.55615234375,52561300
2024-05-08,501.7254700555243,504.14030789046143,501.60862689782874,503.6047668457031,42047200
2024-05-09,503.7897771689901,506.5454570669787,503.1373929681529,506.5064697265625,43643700
2024-05-10,508.10354998019415,508.91176490874483,505.94189152139245,507.1590576171875,52233200
2024-05-13,508.8337028193061,508.9407991411694,506.08776976766853,507.2270202636719,36716400
2024-05-14,507.4217226921896,510.07030596484543,506.8861817100309,509.55419921875,57535900
2024-05-15,512.0178797101214,516.1562436643347,511.38492968552964,515.8641357421875,59504900
2024-05-16,515.9614174721102,517.5583531460086,514.6565896819933,514.8026733398438,50244800
2024-05-17,514.9195214966393,515.6108930215729,513.4686694664939,515.542724609375,59187600
2024-05-20,515.6595992673854,517.5973177042522,515.2700824401487,516.13671875,37764200
2024-05-21,515.3772666864285,517.5584184029028,515.1727614260365,517.402587890625,33437000
2024-05-22,516.7112486575287,517.4220544657823,513.741316563043,515.9127807617188,48390000
2024-05-23,518.9605372397859,519.0676335599267,510.9369308576571,512.1444091796875,57211200
2024-05-24,513.9848197975488,516.3412958961842,513.0403275362747,515.5330810546875,41291100
2024-05-28,516.3412489766735,516.5749353115505,513.2642204156563,515.893310546875,36269600
2024-05-29,511.8718716025252,513.4590608844294,511.57001679975457,512.2808227539062,45190300
2024-05-30,510.7422478216335,511.4043788648702,507.6360384172024,508.88238525390625,46377600
2024-05-31,509.83659522472846,513.6438629211741,504.7439341416868,513.5172729492188,90785800
2024-06-03,515.1241421408643,515.4065032558699,508.87273480704334,513.9361572265625,46835700
2024-06-04,512.6312623824123,515.250605333056,511.17066354967966,514.5105590820312,34632700
2024-06-05,516.8281493311971,520.6451650598835,514.84169649016,520.6256713867188,47610400
2024-06-06,520.927446289771,521.3558910101924,518.6878732006264,520.6158447265625,30808500
2024-06-07,519.6422511020912,522.7874486486729,518.5516750551577,519.9830932617188,43224500
2024-06-10,519.1748224338155,521.9110090941606,518.5808597177815,521.5896606445312,35686100
2024-06-11,520.0413486344055,522.9041247005574,518.0743898707741,522.845703125,36383400
2024-06-12,527.4029415427591,529.8275268910288,526.1078601787983,527.1400146484375,63251300
2024-06-13,528.8829186945259,529.0581834417079,525.4164327979901,528.2012939453125,44760900
2024-06-14,526.6725282080745,528.5518251182958,525.6695550365463,528.5226440429688,40089900
2024-06-17,527.8410283318889,534.1216160104203,527.3833430672393,532.7291259765625,55839500
2024-06-18,532.7874995764366,534.2091705580833,532.3688016931667,534.0825805664062,41376400
2024-06-20,535.0076850141029,535.669816103357,530.8595742964317,532.6317749023438,70328200
2024-06-21,531.810221745453,533.0313142277637,530.4621308750893,531.9176635742188,64338600
2024-06-24,531.7417933525489,534.3011982327657,530.0713174980777,530.1885375976562,45528700
2024-06-25,531.4096852385123,532.5917242597523,529.8955424418219,532.2302856445312,37936200
2024-06-26,531.1166742934914,533.6076912884868,530.4719636310322,532.8945922851562,38550600
2024-06-27,532.7578670304722,534.311123211826,532.0154331135317,533.7347412109375,35041500
2024-06-28,534.5063503169283,537.5542520433446,530.3937489459842,531.6343383789062,76144500
2024-07-01,533.0117876323043,533.2560061424955,529.9737236752046,532.728515625,40297800
2024-07-02,531.1263396875488,536.3135375976562,531.0775079183517,536.3135375976562,40434800
2024-07-03,536.0010708200014,539.068469909586,535.9620173191718,538.70703125,32789900
2024-07-05,539.0097918869257,542.2139076372644,538.3747999305978,541.8134155273438,41488400
2024-07-08,542.5949332840256,543.3861988920726,541.3738407022457,542.4386596679688,36110500
2024-07-09,543.3958913589794,544.2945986626197,542.6730142045088,542.966064453125,27289700
2024-07-10,544.1872742397521,548.6808713510104,543.8942239279161,548.3389892578125,38701200
2024-07-11,548.4562180647349,549.3256503566656,542.9759684638211,543.6109008789062,53054200
2024-07-12,544.7343252522627,550.6346235261244,544.2654447499774,547.0397338867188,53084400
2024-07-15,549.0325654558818,551.7775792240066,546.6880438244344,548.5441284179688,40584300
2024-07-16,549.8529666577103,552.0899862587529,549.1007547307731,551.7969360351562,36475300
2024-07-17,545.8772131422685,547.5476892504238,543.7378565645935,544.0602416992188,57119000
2024-07-18,545.593898977862,546.580551242634,537.7007404833427,539.879150390625,56270400
2024-07-19,539.6446767543289,541.2663208584747,535.2389658144236,536.2940063476562,65509100
2024-07-22,540.2113760766848,542.4288993582354,538.277184442637,541.8232421875,43346700
2024-07-23,541.7156406949248,543.8647752379528,540.4848296428585,540.9732666015625,34439600
2024-07-24,536.1670544374522,536.4698829953903,527.7952370228695,528.7135009765625,74515300
2024-07-25,528.8306910081631,534.7994361794972,525.0209183627663,525.9586791992188,61158300
2024-07-26,529.7392825093052,534.5357078065754,528.9675138593225,531.8493041992188,53763800
2024-07-29,533.3927359573876,534.3988851266782,530.169004207153,532.161865234375,39515800
2024-07-30,533.6272524601584,534.6822931769603,526.0662565076813,529.4657592773438,46853600
2024-07-31,536.284203519186,540.6996925359946,534.9166158614872,538.0718994140625,65663400
2024-08-01,539.7913062018092,542.0381046138815,526.9551667505608,530.452392578125,76428700
2024-08-02,523.3601775288013,524.5714915916972,516.3755054864699,520.5761108398438,82789100
2024-08-05,499.80785259777787,511.4717311244644,498.4695101090915,505.41510009765625,146267400
2024-08-06,507.21256590008903,517.4990792856169,505.89380965132887,510.0748596191406,84826300
2024-08-07,516.2486294067602,519.2965314666948,506.0696179320819,506.6654968261719,70698300
2024-08-08,511.7941139882875,519.0034500456989,509.77203694963987,518.3782958984375,63276600
2024-08-09,517.5576103421191,522.1489300560904,516.3365178449808,520.6640625,45619600
2024-08-12,521.8558860240913,523.3406939742863,518.6712672136742,520.9376220703125,42542100
2024-08-13,524.122235093717,529.739260585726,523.8780165940644,529.5047607421875,52333100
2024-08-14,530.2960214933445,532.3572709257232,527.6291745808618,531.1752319335938,42446900
2024-08-15,536.7922766972661,540.5629961238054,536.1866195717042,540.2797241210938,60846800
2024-08-16,538.6678476452682,542.1846298407453,538.5115740387317,541.4910278320312,44430700
2024-08-19,541.9013070349608,546.66845703125,541.0514314058853,546.66845703125,39121800
2024-08-20,546.2191462607274,547.8700657821756,544.4412283435015,545.779541015625,33732300
2024-08-21,546.8248322343893,549.1106842316043,541.9013486274712,547.6551513671875,41514600
2024-08-22,549.5502804647684,550.1559376249218,542.1455582382872,543.3568725585938,56121500
2024-08-23,546.5903394303513,550.0680084955276,544.4020915801096,549.1301879882812,50639400
2024-08-26,550.1559715338451,550.8690705771505,546.1214765619129,547.8212280273438,35788600
2024-08-27,546.5512887213379,549.0618623501647,545.4083627021253,548.5734252929688,32693900
2024-08-28,548.2315309438809,548.661357929549,542.204174863817,545.3887939453125,41066000
2024-08-29,547.3523779928099,550.6444392611328,544.2947569915759,545.4376831054688,38715200
2024-08-30,547.8016709409602,551.1523417216108,544.2556134288437,550.6443481445312,62700100
2024-09-03,547.5084877669302,547.8406511283397,536.801987949737,539.3125610351562,60600100
2024-09-04,537.4760847370844,541.608242662233,536.7532075195429,538.208740234375,47224900
2024-09-05,538.1500854338868,540.9927622926045,534.4476951362813,536.899658203125,44264300
2024-09-06,537.2221175565589,538.8437022454943,526.9649400293706,527.8636474609375,68493800
2024-09-09,532.054494369654,535.0437266855093,530.1300214174476,533.7737426757812,40445800
2024-09-10,535.678706144088,536.450474898389,530.8138918516801,536.0987548828125,36394600
2024-09-11,536.0109404348209,542.5168970396185,527.4730685910148,541.5986328125,75248600
2024-09-12,542.1748597619055,546.4633510224045,539.9573366553728,546.1605224609375,51819600
2024-09-13,546.7662020730168,550.0094311099382,546.5122052774053,549.0130004882812,39310500
2024-09-16,548.7491943236346,550.0875069413107,546.9517795427174,549.8237915039062,36656100
2024-09-17,552.0315464267048,553.4773606816602,547.8212213158272,550.0485229492188,49321000
2024-09-18,550.7029048507478,555.5384427736924,547.8602279225689,548.4170532226562,59044900
2024-09-19,557.8049696122027,559.6317196720588,554.9427352423553,557.775634765625,75315500
2024-09-20,556.4095588022268,557.8499393877719,553.7932621282835,556.811279296875,77503100
2024-09-23,557.8794446150124,558.8495067502496,556.6643550711399,558.2027587890625,44116900
2024-09-24,558.9964868304339,559.8587776289324,556.1744550910837,559.7999877929688,46805700
2024-09-25,559.6431398003925,560.3780425284191,557.4579883539482,558.5652465820312,38428600
2024-09-26,562.817932214862,563.1413061737785,558.4281322177342,560.77978515625,48336000
2024-09-27,561.8478858705382,562.6611352170194,558.9376397719122,559.9664916992188,42100900
2024-09-30,558.9375344143034,562.8178418788677,556.6446716721066,562.2103271484375,63557400
2024-10-01,561.8576367225866,562.5043247858904,554.6065728022052,557.173828125,72668800
2024-10-02,556.2823034605133,558.4282222492225,553.8914170466389,557.4091186523438,38097800
2024-10-03,555.9392527365582,558.3301388916863,554.106899883147,556.3900146484375,40846500
2024-10-04,560.828843806913,561.8185225581165,556.6643942780399,561.4461669921875,42939100
2024-10-07,559.7999688939893,560.4467168743025,555.22399069742,556.3704223632812,49964700
2024-10-08,558.9376197622599,562.230029540932,558.0655806170524,561.6322631835938,37398700
2024-10-09,561.6224751598685,566.0809331902332,561.0247685875196,565.5223999023438,37912200
2024-10-10,564.1800368650188,565.953600014702,562.9257739624676,564.5327758789062,44138100
2024-10-11,564.4542980317323,568.6481717987969,564.3171018304082,567.9132690429688,42268000
2024-10-14,569.5202272995722,573.4887501402064,569.0401003876937,572.557861328125,36217200
2024-10-15,572.8225499433973,573.1263074210011,566.8942852830332,568.109375,54203600
2024-10-16,568.1093801464922,571.0979733835155,567.3058791131047,570.57861328125,30725400
2024-10-17,574.1159000748407,574.3216944108202,570.441385688738,570.6275634765625,34393700
2024-10-18,572.3129579783322,573.6063941876963,570.852960533333,572.822509765625,37416800
2024-10-21,572.0973787445921,573.0772492638474,568.9127995570122,571.8818359375,36439000
2024-10-22,569.3536780068462,572.7342428128154,568.697181591541,571.5780029296875,34183800
2024-10-23,569.5594196255329,570.0003732214365,562.8570804647936,566.355224609375,49314600
2024-10-24,568.3052948235324,568.3837012123148,564.9639626077603,567.5802001953125,34979900
2024-10-25,569.8044050522926,572.6950344865168,566.443456997856,567.3840942382812,47268200
2024-10-28,570.8528957024953,570.9802836348513,568.8343651367928,569.1381225585938,30174700
2024-10-29,568.1778707648036,571.1762720247682,566.7864714367279,570.0592651367188,42899700
2024-10-30,569.5888588084969,571.5780244818477,567.6291179550885,568.3346557617188,41435800
2024-10-31,563.9741056373006,564.0427037299961,556.9974344033881,557.1934204101562,60182500
2024-11-01,559.8195584319851,563.9643910438907,559.1336371976272,559.545166015625,45667500
2024-11-04,559.6823223393656,560.9757583388703,556.4585705161212,558.3399047851562,38217000
2024-11-05,559.251198693126,565.1304208425688,559.0356559214524,565.0912475585938,39478300
2024-11-06,577.3396500855225,580.0146771322202,573.6063462638446,579.142578125,68182000
2024-11-07,581.1415644099445,584.639708979933,581.063158030651,583.62060546875,47233200
2024-11-08,584.1692634497057,587.569444510154,584.1692634497057,586.1486206054688,46444900
2024-11-11,587.7360663213191,588.0888053142032,584.9826328704219,586.7072143554688,37586800
2024-11-12,586.6287204841349,587.2264269895784,582.4054820528869,584.8845825195312,43006100
2024-11-13,585.3451316888757,587.1676761411395,582.9836705187753,585.1687622070312,47388600
2024-11-14,585.2962448517161,585.7763718199695,580.7202664359244,581.4061279296875,38904100
2024-11-15,577.8491019104924,578.3194803370213,572.1070761341368,573.9590454101562,75988800
2024-11-18,574.4196493771738,577.6238450144261,573.5574183688442,576.3108520507812,37001700
2024-11-19,572.9400384688264,579.142574989824,572.2737337790142,578.41748046875,49412000
2024-11-20,578.4958236706298,578.8975441726233,572.8615695316089,578.6134033203125,50032600
2024-11-21,581.455141177832,583.1404896221547,575.6249001169805,581.7196655273438,46750300
2024-11-22,581.7098478799927,584.1497754660484,581.2101642027249,583.5226440429688,38226400
2024-11-25,587.4520080099294,588.7650010479646,583.218960080664,585.5020751953125,42441400
2024-11-26,586.7462862080961,589.2253866159143,586.0310000728672,588.55908203125,45621300
2024-11-27,588.3730114334577,588.755115442667,585.2570306878304,586.7758178710938,34000200
2024-11-29,587.5889978813017,591.2047216811674,587.314665296655,590.4208374023438,30177400
2024-12-02,590.8323780737772,592.1552388895445,590.3424429138348,591.4791259765625,31746000
2024-12-03,591.2439870884159,591.9984465923378,590.2151351783115,591.7534790039062,26906600
2024-12-04,593.4389336760423,595.6730071584342,592.7726289600115,595.4280395507812,42787600
2024-12-05,595.4280516027892,596.2315525489399,594.0954421437544,594.4481811523438,28762200
2024-12-06,595.212464951605,596.8096584526629,594.800936138575,595.5750122070312,31241500
2024-12-09,595.4574149257465,595.6239761392873,591.9200973185369,592.5079956054688,34742700
2024-12-10,593.184106485161,593.6054435570935,590.0093361336401,590.6658325195312,37234500
2024-12-11,593.5858198104879,596.1824400499527,593.311427437485,595.2319946289062,28677700
2024-12-12,594.369747252086,594.9380289691392,592.1650390625,592.1650390625,31543800
2024-12-13,594.1934038090473,594.9086900260288,590.6756429397628,592.0474853515625,35904700
2024-12-16,593.8014244521054,595.54562235978,593.0273484159295,594.5755004882812,43695200
2024-12-17,592.0278913761272,592.9881452170704,590.7540718346318,592.1258544921875,55773500
2024-12-18,591.822175937033,594.2032541174319,574.0963517696575,574.478515625,108248700
2024-12-19,579.456129686489,581.0631314525076,574.057034359764,574.302001953125,85919500
2024-12-20,571.9778279294948,585.7225012446567,571.132257605004,581.199951171875,125716700
2024-12-23,580.9443313472664,585.2800771480029,577.7686569320756,584.6803588867188,57635800
2024-12-24,586.0272849416975,591.2184422848073,585.4471892507113,591.1790771484375,33160100
2024-12-26,589.4093887705021,592.3392110668057,588.0133066034633,591.2184448242188,41219100
2024-12-27,587.482441071987,587.7184519013749,580.8165903318666,584.9950561523438,64969300
2024-12-30,577.9948115421023,581.7799853973963,574.5733451400716,578.3192138671875,56578800
2024-12-31,579.9807622286955,580.6985158642835,574.583178079053,576.2152709960938,57052700
2025-01-02,579.4695486945864,581.180251846637,570.7291685588775,574.7994995117188,50204000
2025-01-03,577.64092396713,582.6255346471705,576.5594027877501,581.9865112304688,37888500
2025-01-06,586.2338281568046,589.6060884935793,583.6087253809885,585.339111328125,47679400
2025-01-07,587.3644406233403,587.6889029930588,576.9035745975999,578.722412109375,60393100
2025-01-08,578.7911897402016,580.6395509433228,575.350100693004,579.56787109375,47304700
2025-01-10,576.0185903209236,576.0874192959229,568.8119506064235,570.7192993164062,73105000
2025-01-13,566.0789072948215,571.9582353156698,565.6659333477378,571.6043090820312,47910100
2025-01-14,574.5241441869972,575.1533862250869,568.6152938144415,572.3906860351562,48420600
2025-01-15,580.3937160773642,583.9429389739179,579.2827311805529,582.802490234375,56900200
2025-01-16,584.1690862304802,584.34604932179,580.9836305712422,581.6817016601562,43319700
2025-01-17,586.9121689712896,589.2717368825727,585.5848557638515,587.521728515625,58070600
2025-01-21,590.5596519481012,592.9094384516549,588.5933154613438,592.8995971679688,42532900
2025-01-22,595.7213382459036,597.5893820777127,595.1707663809229,596.2326049804688,48196000
2025-01-23,595.6033506126263,599.4868774414062,595.3280946897063,599.4868774414062,41152100
2025-01-24,599.54587252364,600.4995770008244,596.5865262707722,597.73681640625,34604700
2025-01-27,584.798310310645,589.5961762199101,584.6311885086425,589.2815551757812,70361100
2025-01-28,590.5105293609671,595.1805787054238,587.1972570477369,594.3449096679688,44433300
2025-01-29,593.5583671362218,593.9614997638901,589.1341095636221,591.6805419921875,37177400
2025-01-30,593.7943615542468,596.3898803192325,590.6088457833347,594.8561401367188,39281300
2025-01-31,597.2747575383468,599.6933732210748,590.9333098394596,591.6903686523438,66566900
2025-02-03,582.6943020815504,590.1860392450765,580.5510025263411,587.70849609375,65857200
2025-02-04,587.767535135661,592.1622687341741,587.2268045597665,591.6510620117188,33457800
2025-02-05,590.5301667443101,594.1973649569587,588.5048426365228,594.0498657226562,30653100
2025-02-06,595.7902226770135,596.2425017541303,592.4867911796968,596.1146850585938,35771500
2025-02-07,596.6751283374887,597.8942476414395,589.9502295859695,590.6581420898438,50788500
2025-02-10,593.863227291288,595.30845601079,592.5949016719809,594.6693725585938,26048700
2025-02-11,592.4080280097315,595.662312577201,592.2900526181724,595.12158203125,30056700
2025-02-12,589.1145136580423,594.3744405625547,588.4361250659014,593.2044677734375,45076100
2025-02-13,594.3054692189053,599.6735889668723,593.0470451801535,599.4671020507812,40921300
2025-02-14,599.6736949390985,600.7060096863363,598.8183432907158,599.437744140625,26910400
2025-02-18,600.5978525430173,601.1975708007812,598.1399318067746,601.1975708007812,26749000
2025-02-19,599.8112758662747,602.9082197102092,599.3000091966954,602.61328125,31011100
2025-02-20,601.2467721645895,601.3844301402796,596.8028918726411,600.1063232421875,36554000
2025-02-21,599.8899309928074,600.0275889538111,589.3798596850504,589.8419799804688,76519800
2025-02-24,591.8869345556642,592.8799440315161,586.4499856464254,587.1578979492188,50737200
2025-02-25,587.0990297013516,587.8265647106925,579.6367551973434,584.2379760742188,58266500
2025-02-26,585.899394022331,589.4879818072211,581.8978924126887,584.5327758789062,43321600
2025-02-27,586.8040113591791,587.9543615454245,574.8094053796542,575.20263671875,74196700
2025-02-28,575.7039886670112,584.70978328648,572.636508577737,584.1788940429688,88744100
2025-03-03,586.1452445030724,587.2857532860544,570.1392964764723,573.9441528320312,74249200
2025-03-04,569.9525173224438,575.5369060706639,562.6180601948478,567.1504516601562,109648200
2025-03-05,566.9833166199888,575.035467216836,563.434093538414,573.24609375,71230500
2025-03-06,565.7937090893346,570.4047711019521,560.523941077153,563.0703735351562,80094900
2025-03-07,561.2908538818324,567.6716070865215,556.1095373006934,566.226318359375,81158800
2025-03-10,558.0365509948175,559.9536812738498,546.2385307775894,551.14453125,99326600
2025-03-11,549.9843938775969,554.5266268117218,542.728606721458,546.5629272460938,88102100
2025-03-12,552.7076387923001,553.6318192815521,544.3703918307585,549.4631958007812,69588200
2025-03-13,549.0896174558009,549.6991769603108,540.4279077137791,542.1386108398438,74079400
2025-03-14,546.7497351697265,554.3398260143258,542.2075022062043,553.3369750976562,62660300
2025-03-17,553.3172833424321,560.1208513978755,552.8846868765244,557.6039428710938,49008700
2025-03-18,555.2933708486255,555.5096990502625,549.6499951496645,551.5770263671875,66041400
2025-03-19,553.3566775077279,561.3399999727566,552.1768634471969,557.5842895507812,66556000
2025-03-20,553.8481847501696,560.9663132490421,553.1304311253591,555.9718017578125,62958200
2025-03-21,551.5205297947124,557.0526817242638,550.2878724028328,556.1552734375,83763000
2025-03-24,562.880651498493,567.1703352751009,562.2890000340255,566.1151733398438,58766800
2025-03-25,567.3181993393742,568.4127846067184,565.73055113845,567.4760131835938,38355700
2025-03-26,567.2097618801449,568.3339598573967,559.3207546377017,560.7013549804688,51848300
2025-03-27,559.3108687859911,562.9792883535321,557.101956447335,559.2122802734375,42164200
2025-03-28,557.6838014665011,558.4135249923543,547.3689030262066,547.95068359375,71662700
2025-03-31,542.201546342058,552.9305994826874,539.282592409213,551.62890625,95328200
2025-04-01,549.7159501655996,555.1297722698289,545.998235889195,553.1870727539062,54609600
2025-04-02,547.3491617248258,559.5475341360295,547.1125011420022,556.6878051757812,76014500
2025-04-03,537.5470145495102,540.3673198616506,529.2537231445312,529.2537231445312,125986000
2025-04-04,516.404523136506,518.5740121118964,498.05273494035157,498.2696838378906,217965100
2025-04-07,482.40291724281104,515.9114550791749,475.115432610906,497.3821716308594,256611400
2025-04-08,514.6196468974629,517.6963548854247,482.3733480760591,489.591796875,165816600
2025-04-09,486.5939443539347,541.0083618164062,486.20934082523814,541.0083618164062,241867300
2025-04-10,524.7866027854379,526.0981670837639,502.25365007002944,517.3019409179688,162331200
2025-04-11,515.7536352571723,528.9874258955272,512.8544231608307,526.531982421875,97866300
2025-04-14,536.5017296923237,536.7285795544979,526.4531053782949,531.64013671875,68034000
2025-04-15,532.1824786951643,535.6930840370895,529.3621734315309,530.1510620117188,56892900
2025-04-16,524.3034408726064,530.4273047249436,513.0714517926509,518.366943359375,83484800
2025-04-17,520.3194821276195,523.800475242003,516.6411916080497,519.1065063476562,79868100
2025-04-21,513.9293312369678,514.4618777265953,501.4055507612705,506.7503662109375,69368100
2025-04-22,512.9235348557764,521.9564215250564,511.9867032226325,519.9348754882812,75948100
2025-04-23,532.9320165359907,537.8626460694973,526.4729038847668,527.9915161132812,90590700
2025-04-24,529.2734571828396,539.8348871004667,528.0211182344198,539.1051635742188,64150400
2025-04-25,539.0657336001437,543.4046513367819,536.1467793425768,543.0003662109375,61119600
2025-04-28,543.7398828426063,545.8698879448922,537.458266732935,543.2073364257812,47613800
2025-04-29,541.294298062473,547.7435994540236,540.9393072120234,546.6292724609375,47775100
2025-04-30,539.9729835885655,548.7988227140515,534.0069337400583,546.8462524414062,93101500
2025-05-01,552.595342895286,556.2440206119321,550.1201573586014,550.7216796875,63186100
2025-05-02,556.894803218062,560.4941864598073,554.5774316657111,558.8966674804688,60717300
2025-05-05,554.7648117792631,558.7882219920989,553.9068871278389,555.6917724609375,38659200
2025-05-06,550.1891335164119,555.5339182387945,549.232620427504,551.0470581054688,48264700
2025-05-07,552.3784371058738,555.9975022415719,548.3254139860352,553.3645629882812,55588000
2025-05-08,557.3977102564539,562.3973750401349,553.9068467632651,557.22021484375,65130800
2025-05-09,558.6205173502777,559.6263849147109,554.9521583078488,556.51025390625,37603400
2025-05-12,573.4026196086874,574.9114211824733,569.0340889310521,574.9015502929688,78993600
2025-05-13,575.3157161654024,580.907093658496,574.7536773375426,578.6981811523438,67947200
2025-05-14,579.6546629482465,580.8084133986617,577.4161378946785,579.437744140625,66283500
2025-05-15,577.4357820961777,582.7706958315019,576.9821425909696,582.267822265625,71268100
2025-05-16,583.0468496173695,586.251758304484,581.104210780506,585.9559326171875,76052100
2025-05-19,579.9405744991373,587.2773530559552,579.9405744991373,586.596923828125,68168500
2025-05-20,584.8614155899625,585.8080578995526,581.419785763877,584.6246948242188,60614500
2025-05-21,580.2758530681597,584.3584282191854,573.7477052570061,574.7732543945312,95197700
2025-05-22,574.5760959985981,578.4811762683786,573.3434386116112,575.0001831054688,70860400
2025-05-23,567.988738706783,573.7378691727489,567.6140060747297,571.0753173828125,76029000
2025-05-27,577.9387671986972,583.1060568711622,570.4047514802384,582.9483032226562,72588500
2025-05-28,583.3526236048898,584.545857588394,578.8460211072919,579.5757446289062,68445500
2025-05-29,584.8318350718904,584.9699071457442,577.9388245287198,581.8635864257812,69973300
2025-05-30,580.7591899526665,582.928679235147,575.1481304892388,581.2128295898438,90601200
2025-06-02,579.605419698203,584.5656021144322,576.9428674958667,584.4867553710938,61630500
2025-06-03,584.121791379625,588.7960181097066,583.6385391723649,587.8197631835938,63606200
2025-06-04,588.6776647088699,589.6539195966438,587.2280285207049,587.6619262695312,57314200
2025-06-05,589.3383724752952,590.6893600195378,582.8496477946317,584.8218994140625,92278700
2025-06-06,590.3540722792903,592.4940086999786,588.5790577947733,590.8274536132812,66588700
2025-06-09,591.3994087206146,592.9082102708385,590.1864930975049,591.3599853515625,53016400
2025-06-10,591.8924637491524,595.0973729509094,590.7781968461302,594.7128295898438,66247000
2025-06-11,595.8074157747775,596.6653405011278,590.9556931519085,593.0166625976562,73658200
2025-06-12,591.6854337777163,595.37353515625,591.2022416981604,595.37353515625,64129000
2025-06-13,590.1963519379123,593.499849631983,587.218232455665,588.7171630859375,89506000
2025-06-16,592.0699627819344,596.0637602908375,591.892407169678,594.3182983398438,79984100
2025-06-17,591.8826784891205,593.401290785268,588.480531921813,589.2398681640625,82209400
2025-06-18,590.1371267775953,592.8785252065284,588.1944276516227,589.1510009765625,76605000
2025-06-20,591.8224395288368,592.8906208578056,586.3629131433069,587.7673950195312,94051400
2025-06-23,588.5190130228361,593.9587392448562,585.4035696790836,593.5730590820312,87426000
2025-06-24,597.7072083922786,601.1885919192599,596.7972471416377,600.13037109375,67735300
2025-06-25,601.247995602986,601.940336500435,598.903972841808,600.4666748046875,62114800
2025-06-26,602.3161684365299,605.5997923429508,601.7029677445283,605.1646118164062,78548400
2025-06-27,606.1635425121184,609.6350865938839,604.1360202356653,608.1712646484375,86258400
2025-06-30,610.6141591814244,612.4339608811991,608.2997765977428,611.0789794921875,92502500
2025-07-01,609.6053849111585,612.0483479268365,608.7746241554748,610.8812866210938,70030100
2025-07-02,610.4757907292374,613.6901746824169,609.8526899336259,613.650634765625,66510400
2025-07-03,615.6287169448548,619.4167617045248,615.6089168033244,618.487060546875,51065800
2025-07-07,616.5286134886126,617.1913144548079,611.0987877910964,613.8779907226562,74814500
2025-07-08,614.5406899285775,615.2923708557059,612.7307881009865,613.5418090820312,59024600
2025-07-09,615.945166968477,617.8737488887257,614.1055045789822,617.2210083007812,66113300
2025-07-10,617.3594891460615,620.0002120765442,616.1825277796053,618.9617309570312,57529000
2025-07-11,615.9155275578457,618.0122901417473,614.7188263007702,616.785888671875,63670200
2025-07-14,616.3308265898004,618.3089087938923,614.9857451789246,617.9627685546875,51898500
2025-07-15,620.6430672331502,620.9793073894895,615.2428812967698,615.322021484375,74317300
2025-07-16,616.9044910111767,617.8836320494379,611.276844692317,617.3792114257812,88987500
2025-07-17,617.557284919235,621.5134493059918,617.3396644874989,621.1573486328125,68885700
2025-07-18,622.4035753929759,622.5716954836944,619.5947323692288,620.7024536132812,65621600
2025-07-21,621.87939453125,624.6189973413707,621.4541141003111,621.87939453125,63375000
2025-07-22,622.2058050575365,622.828905853138,619.3277216791315,621.9684448242188,60046300
2025-07-23,624.6288825447934,627.259765625,622.8288205336723,627.259765625,70511000
2025-07-24,627.6454884244192,629.1785504969665,627.0421878119985,627.4674682617188,71307100
2025-07-25,628.1301809903662,630.5928838363332,627.8829206987424,630.1181030273438,56865400
2025-07-28,630.4939604147171,631.0478210681617,628.5752180855901,629.9598999023438,54917100
2025-07-29,631.3544434316219,631.670943868378,627.388438817005,628.29833984375,60556300
2025-07-30,628.9509803708415,630.6917023127537,624.6189756546709,627.5070190429688,80418900
2025-07-31,632.4522656090571,632.8379457731452,623.8574957354674,625.1531372070312,103385200
2025-08-01,619.436379958757,619.475980234049,612.5031927364548,614.9065551757812,140103600
2025-08-04,618.8133862322555,624.3025527793549,618.7244063300172,624.2531127929688,73218000
2025-08-05,624.866279158634,625.6773001361546,620.1683337507773,621.088134765625,68051400
2025-08-06,622.1563552914652,626.4982606508958,621.2464542892866,625.8455200195312,64357500
2025-08-07,629.2675537310744,629.9994345491891,622.2156852544556,625.3212890625,74205800
2025-08-08,627.1114011688534,630.6620853000642,626.7949007710238,630.1972045898438,64051600
2025-08-11,630.4742118551501,631.947873553624,627.70484826023,628.9510498046875,58742300
2025-08-12,631.2950454377703,635.8050706066525,629.8114837326607,635.6468505859375,64730800
2025-08-13,637.8425547169825,639.1085564704525,635.6370120856271,637.8228149414062,60092800
2025-08-14,635.7457174616427,638.5447207235369,635.300697252298,637.882080078125,59327500
2025-08-15,638.9106535836406,639.0095939138803,635.4787099260534,636.3886108398438,68592500
2025-08-18,635.8150025688236,636.9425240091701,635.1424618060598,636.2501831054688,43804900
2025-08-19,636.0720632428176,637.0512042052354,631.4828983695179,632.79833984375,69750700
2025-08-20,632.3929060531275,632.6500060324975,626.013578858981,631.1170043945312,88890300
2025-08-21,629.3071851926883,630.978606926108,626.8642219548319,628.5851440429688,54805800
2025-08-22,630.7709103705197,639.4151205943501,630.2664897119097,638.2381591796875,84083200
2025-08-25,636.9820621561176,638.218363635622,635.3105801411765,635.4292602539062,51274300
2025-08-26,635.1622594491828,638.4359833484747,634.5391586749303,638.0897827148438,51581600
2025-08-27,637.5062787617181,640.2755819843173,637.3578984386413,639.543701171875,48341100
2025-08-28,640.146950913372,642.3623933153343,638.267809046051,641.8085327148438,61519500
2025-08-29,640.374480883152,640.7404816664739,636.0919759234915,637.9810180664062,74522200
2025-09-02,630.5137545728464,633.4709780533357,627.9620114164865,633.25341796875,81983500
2025-09-03,635.6270824559713,637.1502445176759,633.4413400681225,636.6853637695312,70820900
2025-09-04,637.3579030521721,642.0361089027498,636.4579021356687,642.0064086914062,65219200
2025-09-05,644.3404973975818,645.0625384730564,636.2798483910566,640.14697265625,85178900
2025-09-08,641.5118841129237,642.7185457406785,640.1371023874503,641.7196044921875,63133100
2025-09-09,641.8579832056892,643.7272854003053,640.1271612550325,643.203125,66133900
2025-09-10,646.4570213518696,647.3768223058731,643.4997982019892,645.0625,78034500
2025-09-11,647.0109525903231,651.1154976382888,646.4274520986086,650.4231567382812,69934400
2025-09-12,650.393364548417,651.8868261792371,649.7010841125947,650.2054443359375,72780100
2025-09-15,652.4111340519337,653.795755474802,652.1144337731963,653.6671752929688,63772400
2025-09-16,654.2210123755038,654.5276730798186,651.9858301119879,652.7671508789062,61169000
2025-09-17,652.7770367516476,654.4682584259048,647.1295902463727,651.9561157226562,101952200
2025-09-18,654.6363789857319,657.6035020628194,653.0341373534065,655.0023193359375,90459200
2025-09-19,656.8877828567474,659.0895125014193,654.9438659954435,658.2465209960938,97945600
2025-09-22,656.7587687117981,661.8069106980723,656.7289861632065,661.3606567382812,69452200
2025-09-23,661.2417286303936,661.8566899635472,656.540685502851,657.7606201171875,81708900
2025-09-24,659.0497999269948,659.1489540239103,654.2495430702726,655.6677856445312,68082200
2025-09-25,652.5338627083877,653.9917550046746,649.0328388399253,652.6429443359375,89622100
2025-09-26,654.0909412604747,656.9274266555326,652.4743298182361,656.3819580078125,69179200
2025-09-29,658.9010899003678,659.8135740530697,656.4216318338509,658.2266845703125,73499000
2025-09-30,657.4828203674869,661.1722852976668,656.173659297658,660.7061157226562,86288000
2025-10-01,657.7208749627936,663.8699431635192,657.611793334362,662.95751953125,72545400
2025-10-02,664.9410037342527,665.0600128657511,661.3011766397112,663.7210693359375,56896000
2025-10-03,664.4848020775174,667.1527012490268,662.6698219114437,663.7112426757812,70494400
2025-10-06,666.1014192164715,666.9841207809839,663.9591941673339,666.0914916992188,54623300
2025-10-07,667.0138297258598,667.4601442579947,662.1838505424819,663.6219482421875,72020100
2025-10-08,664.7426772273783,667.6783772359653,663.919480237528,667.5791625976562,60702200
2025-10-09,667.9957845708525,668.4023890582872,663.7112737749407,665.6452026367188,66501900
2025-10-10,666.6071968358344,668.4122493878771,647.4757221413303,647.6542358398438,159422600
2025-10-13,655.2216030747315,659.664772492732,654.3488290056752,657.5919189453125,79560500
2025-10-14,651.7701536094826,660.3590300864076,647.8030207789583,656.78857421875,88779600
2025-10-15,661.3408732132422,664.7228272522149,653.5156893256119,659.7044067382812,81702600
2025-10-16,661.3409444600238,663.2154294168515,651.710706867285,655.2117309570312,110563300
2025-10-17,654.0810128478913,660.2895852935891,652.7322022395391,658.9308471679688,96500900
2025-10-20,661.8367798071084,666.6866142382812,661.7872027532737,665.7840576171875,60493400
2025-10-21,665.9229005771253,667.4601523988813,664.4748753427003,665.7741088867188,56249000
2025-10-22,666.4783066993808,666.4783066993808,657.8497808005621,662.3128051757812,80564000
2025-10-23,662.6301900162397,667.1825015615415,662.3128121266341,666.2402954101562,65604500
2025-10-24,670.9016937183009,672.8951271271609,670.0983517375236,671.6851806640625,74356500
2025-10-27,677.1201116013259,679.9070199177999,676.5151383891614,679.6094970703125,63339800
2025-10-28,681.4046232640447,683.2493254549719,679.2028936555786,681.41455078125,61738100
2025-10-29,683.0609104229828,684.0328991417463,677.2590027977353,681.7418823242188,85657100
2025-10-30,678.2805222142791,680.303738053287,674.2439575195312,674.2439575195312,76335800
2025-10-31,679.4111219213156,679.4508319897004,673.6587916341136,676.4556274414062,87164100
2025-11-03,680.0359699637585,680.1649066224819,674.3530715971103,677.7251586914062,57315000
2025-11-04,670.5545580097922,674.3729598389511,669.0371611161902,669.6917114257812,78427000
2025-11-05,669.433839434071,675.2655297930335,668.630497422053,672.0125122070312,74402400
2025-11-06,670.9115428502156,671.8140994484131,663.2252231578799,664.8021850585938,85035300
2025-11-07,662.4218719882706,665.5658682287408,655.7769731606511,665.4567260742188,100592400
2025-11-10,671.6752576501947,676.57466917413,669.4834554774103,675.8407592773438,75842900
2025-11-11,674.3629519753922,677.9532020666294,673.1529450781785,677.3878784179688,58953400
2025-11-12,679.1631581075335,679.3318048264125,675.3547447293747,677.7647705078125,62312500
2025-11-13,674.9084518036677,675.2654792192372,665.010475070097,666.5179443359375,103457800
2025-11-14,659.9127671356764,670.1082678298286,657.8201189320223,666.408935546875,96846700
2025-11-17,664.1971714004484,668.1742314199619,656.7290154076413,660.2002563476562,90456100
2025-11-18,656.6596108350068,659.6548153709225,650.4708935566339,654.65625,114467500
2025-11-19,655.3505280387882,661.856623370592,653.3371790986623,657.185302734375,94703000
2025-11-20,667.3808213360044,670.0090710879778,646.5335791707308,647.1683349609375,165293500
2025-11-21,649.6675301260088,659.0894699034471,645.5020288545189,653.6148681640625,123956200
2025-11-24,657.2448196444445,664.5542570793402,656.1538823239337,663.2351684570312,80437900
2025-11-25,663.135941149376,670.6536740212097,659.020017057554,669.4734497070312,81077100
2025-11-26,672.0620713400136,676.0986363282427,671.1595147067713,674.09521484375,71879600
2025-11-28,675.2654787466182,678.0523870500939,674.9084513312986,677.7747192382812,49212000
2025-12-01,673.2323336611282,677.3779800628074,673.1629015749381,674.6803588867188,61201200
2025-12-02,676.316803165018,678.2012155152329,673.7481184984898,675.9300537109375,62953800
2025-12-03,674.9779023816353,679.2822075879724,674.105128319461,678.2706298828125,57238500
2025-12-04,679.6690366334618,679.7384687237238,675.7416137771377,678.7665405273438,61970300
2025-12-05,679.8375623637357,682.7336127271673,678.9549213715281,680.0557861328125,79241000
2025-12-08,680.9484564225444,680.9980334759979,675.9696853695019,678.0127563476562,55231500
2025-12-09,677.5366934232544,679.7582780276033,676.9812972721672,677.4275512695312,58310100
2025-12-10,676.9515664343469,683.3088703732143,675.711837383319,681.92041015625,85671300
2025-12-11,679.51034738166,683.5865617528303,676.5647198382891,683.5072021484375,86173700
2025-12-12,682.5153843270051,683.2195721462687,673.5893360954813,676.1580810546875,113160300
2025-12-15,680.1053789946951,680.1252340287925,673.6687159286942,675.1365356445312,90811000
2025-12-16,673.6488975485244,675.4837328267965,669.4338188610296,673.2918701171875,122030600
2025-12-17,674.3034691132465,674.8489377460819,665.6848710067972,665.8832397460938,110625200
2025-12-18,672.0322187932205,675.1464323222394,669.3544527925658,670.9114990234375,108650100
2025-12-19,673.0134542661981,677.4896664833268,672.8940327515619,676.9923095703125,103599500
2025-12-22,680.3245290528953,681.7370055876305,676.9922622536055,681.2098388671875,69556700
2025-12-23,680.3046207584179,684.562024812114,680.2548972126992,684.3233032226562,64840000
2025-12-24,684.313382495532,687.1781631452748,684.164151137988,686.7305297851562,39445600
2025-12-26,686.989161229118,688.0037280321676,685.6264081645946,686.660888671875,41613300
2025-12-29,683.9055083361335,685.5567672531378,682.4433081832867,684.2138671875,62559500
2025-12-30,683.8159723723246,684.9200900521846,682.9505762759469,683.3782958984375,47160700
2025-12-31,683.5076844111845,683.726492314561,678.1063955310838,678.3152465820312,74144800
